-- MySQL dump 10.13  Distrib 5.7.42, for Linux (x86_64)
--
-- Host: localhost    Database: db_oams_after_delete
-- ------------------------------------------------------
-- Server version	5.7.42-0ubuntu0.18.04.1

/*!40101 SET @OLD_CHARACTER_SET_CLIENT=@@CHARACTER_SET_CLIENT */;
/*!40101 SET @OLD_CHARACTER_SET_RESULTS=@@CHARACTER_SET_RESULTS */;
/*!40101 SET @OLD_COLLATION_CONNECTION=@@COLLATION_CONNECTION */;
/*!40101 SET NAMES utf8 */;
/*!40103 SET @OLD_TIME_ZONE=@@TIME_ZONE */;
/*!40103 SET TIME_ZONE='+00:00' */;
/*!40014 SET @OLD_UNIQUE_CHECKS=@@UNIQUE_CHECKS, UNIQUE_CHECKS=0 */;
/*!40014 SET @OLD_FOREIGN_KEY_CHECKS=@@FOREIGN_KEY_CHECKS, FOREIGN_KEY_CHECKS=0 */;
/*!40101 SET @OLD_SQL_MODE=@@SQL_MODE, SQL_MODE='NO_AUTO_VALUE_ON_ZERO' */;
/*!40111 SET @OLD_SQL_NOTES=@@SQL_NOTES, SQL_NOTES=0 */;

--
-- Table structure for table `failed_jobs`
--

DROP TABLE IF EXISTS `failed_jobs`;
/*!40101 SET @saved_cs_client     = @@character_set_client */;
/*!40101 SET character_set_client = utf8 */;
CREATE TABLE `failed_jobs` (
  `id` bigint(20) unsigned NOT NULL AUTO_INCREMENT,
  `uuid` varchar(255) COLLATE utf8mb4_unicode_ci NOT NULL,
  `connection` text COLLATE utf8mb4_unicode_ci NOT NULL,
  `queue` text COLLATE utf8mb4_unicode_ci NOT NULL,
  `payload` longtext COLLATE utf8mb4_unicode_ci NOT NULL,
  `exception` longtext COLLATE utf8mb4_unicode_ci NOT NULL,
  `failed_at` timestamp NOT NULL DEFAULT CURRENT_TIMESTAMP,
  PRIMARY KEY (`id`),
  UNIQUE KEY `failed_jobs_uuid_unique` (`uuid`)
) ENGINE=InnoDB DEFAULT CHARSET=utf8mb4 COLLATE=utf8mb4_unicode_ci;
/*!40101 SET character_set_client = @saved_cs_client */;

--
-- Dumping data for table `failed_jobs`
--

LOCK TABLES `failed_jobs` WRITE;
/*!40000 ALTER TABLE `failed_jobs` DISABLE KEYS */;
/*!40000 ALTER TABLE `failed_jobs` ENABLE KEYS */;
UNLOCK TABLES;

--
-- Table structure for table `migrations`
--

DROP TABLE IF EXISTS `migrations`;
/*!40101 SET @saved_cs_client     = @@character_set_client */;
/*!40101 SET character_set_client = utf8 */;
CREATE TABLE `migrations` (
  `id` int(10) unsigned NOT NULL AUTO_INCREMENT,
  `migration` varchar(255) COLLATE utf8mb4_unicode_ci NOT NULL,
  `batch` int(11) NOT NULL,
  PRIMARY KEY (`id`)
) ENGINE=InnoDB DEFAULT CHARSET=utf8mb4 COLLATE=utf8mb4_unicode_ci;
/*!40101 SET character_set_client = @saved_cs_client */;

--
-- Dumping data for table `migrations`
--

LOCK TABLES `migrations` WRITE;
/*!40000 ALTER TABLE `migrations` DISABLE KEYS */;
/*!40000 ALTER TABLE `migrations` ENABLE KEYS */;
UNLOCK TABLES;

--
-- Table structure for table `password_resets`
--

DROP TABLE IF EXISTS `password_resets`;
/*!40101 SET @saved_cs_client     = @@character_set_client */;
/*!40101 SET character_set_client = utf8 */;
CREATE TABLE `password_resets` (
  `email` varchar(255) COLLATE utf8mb4_unicode_ci NOT NULL,
  `token` varchar(255) COLLATE utf8mb4_unicode_ci NOT NULL,
  `created_at` timestamp NULL DEFAULT NULL,
  KEY `password_resets_email_index` (`email`)
) ENGINE=InnoDB DEFAULT CHARSET=utf8mb4 COLLATE=utf8mb4_unicode_ci;
/*!40101 SET character_set_client = @saved_cs_client */;

--
-- Dumping data for table `password_resets`
--

LOCK TABLES `password_resets` WRITE;
/*!40000 ALTER TABLE `password_resets` DISABLE KEYS */;
/*!40000 ALTER TABLE `password_resets` ENABLE KEYS */;
UNLOCK TABLES;

--
-- Table structure for table `personal_access_tokens`
--

DROP TABLE IF EXISTS `personal_access_tokens`;
/*!40101 SET @saved_cs_client     = @@character_set_client */;
/*!40101 SET character_set_client = utf8 */;
CREATE TABLE `personal_access_tokens` (
  `id` bigint(20) unsigned NOT NULL AUTO_INCREMENT,
  `tokenable_type` varchar(255) COLLATE utf8mb4_unicode_ci NOT NULL,
  `tokenable_id` bigint(20) unsigned NOT NULL,
  `name` varchar(255) COLLATE utf8mb4_unicode_ci NOT NULL,
  `token` varchar(64) COLLATE utf8mb4_unicode_ci NOT NULL,
  `abilities` text COLLATE utf8mb4_unicode_ci,
  `last_used_at` timestamp NULL DEFAULT NULL,
  `created_at` timestamp NULL DEFAULT NULL,
  `updated_at` timestamp NULL DEFAULT NULL,
  PRIMARY KEY (`id`),
  UNIQUE KEY `personal_access_tokens_token_unique` (`token`),
  KEY `personal_access_tokens_tokenable_type_tokenable_id_index` (`tokenable_type`,`tokenable_id`)
) ENGINE=InnoDB DEFAULT CHARSET=utf8mb4 COLLATE=utf8mb4_unicode_ci;
/*!40101 SET character_set_client = @saved_cs_client */;

--
-- Dumping data for table `personal_access_tokens`
--

LOCK TABLES `personal_access_tokens` WRITE;
/*!40000 ALTER TABLE `personal_access_tokens` DISABLE KEYS */;
/*!40000 ALTER TABLE `personal_access_tokens` ENABLE KEYS */;
UNLOCK TABLES;

--
-- Table structure for table `tbl_account_payables`
--

DROP TABLE IF EXISTS `tbl_account_payables`;
/*!40101 SET @saved_cs_client     = @@character_set_client */;
/*!40101 SET character_set_client = utf8 */;
CREATE TABLE `tbl_account_payables` (
  `APID` int(11) NOT NULL AUTO_INCREMENT,
  `PONumber` varchar(255) DEFAULT NULL,
  `SINumber` varchar(255) DEFAULT NULL,
  `DRNumber` varchar(255) DEFAULT NULL,
  `Amount` double DEFAULT NULL,
  `VerifiedBy` varchar(255) DEFAULT NULL,
  `ReferenceNumber` varchar(255) DEFAULT NULL,
  `Status` varchar(255) NOT NULL,
  `created_at` varchar(255) NOT NULL,
  `updated_at` varchar(255) NOT NULL,
  PRIMARY KEY (`APID`)
) ENGINE=InnoDB AUTO_INCREMENT=3 DEFAULT CHARSET=utf8mb4;
/*!40101 SET character_set_client = @saved_cs_client */;

--
-- Dumping data for table `tbl_account_payables`
--

LOCK TABLES `tbl_account_payables` WRITE;
/*!40000 ALTER TABLE `tbl_account_payables` DISABLE KEYS */;
INSERT INTO `tbl_account_payables` VALUES (1,'234','4470010887',NULL,NULL,'Rozellyn Yulatic','6','Verified','2023-10-26 03:54:49','2023-10-26 03:54:49'),(2,'238','4470010885',NULL,NULL,'Jocelyn Dela Roca','9','Verified','2023-11-07 07:01:43','2023-11-07 07:01:43');
/*!40000 ALTER TABLE `tbl_account_payables` ENABLE KEYS */;
UNLOCK TABLES;

--
-- Table structure for table `tbl_customer`
--

DROP TABLE IF EXISTS `tbl_customer`;
/*!40101 SET @saved_cs_client     = @@character_set_client */;
/*!40101 SET character_set_client = utf8 */;
CREATE TABLE `tbl_customer` (
  `CustomerID` varchar(255) NOT NULL,
  `Name` varchar(255) DEFAULT NULL,
  `CTIN` varchar(255) DEFAULT NULL,
  PRIMARY KEY (`CustomerID`)
) ENGINE=InnoDB DEFAULT CHARSET=latin1;
/*!40101 SET character_set_client = @saved_cs_client */;

--
-- Dumping data for table `tbl_customer`
--

LOCK TABLES `tbl_customer` WRITE;
/*!40000 ALTER TABLE `tbl_customer` DISABLE KEYS */;
INSERT INTO `tbl_customer` VALUES ('PBA-2015-01','Batangas Clinical Laboratory',NULL),('PBA-2015-02','Mary Mediatrix Medical Center',NULL),('PBA-2015-03','Metro Lipa Medical Center',NULL),('PBA-2015-05','St. Camillus de Lellis Medical Center',NULL),('PBA-2015-07','St. Patrick Hospital','487-565-4575-055445'),('PBA-2018-24','Golden Gate General Hospital',NULL),('PBA-2019-15','Shalom Medical Diagnostic',NULL),('PBI-2023-28','Jose Panganiban Hospital',''),('PBI-2023-29','Dr. Moises V. Cacawa Memorial Hospital',''),('PBI-2023-58','Tanchuling General Hospital',''),('PBI-2023-59','Medical Mission Group',''),('PCA-2019-10','Tagaytay Medical Center','44467454'),('PLL-2015-04','Pagsanjan Medical Center',NULL),('PLL-2015-08','San Pablo Doctor\'s Hospital','344444441'),('PLL-2015-16','ABR Multi and Specialt Clinic',NULL),('PLL-2016-13','UPLB Health Services','442444'),('PLL-2017-25','Laguna Doctors Hospital',NULL),('PLL-2019-20','Global Care Medical of Bay','123-759-058-02524'),('PLL-2019-26','Laguna Holy Family',NULL),('PLL-2023-60','Binan Laboratory Clinic',''),('PLU-2015-11','Tayabas Community Hospital','5757'),('PLU-2015-27','Lucena United Doctors Hospital',NULL),('PUL-2015-06','St. James Hospital',NULL),('PUL-2015-12','Calamba Doctor\'s Hospital',NULL),('PUL-2015-23','Evangelista Hospital',NULL),('PUL-2016-22','Divine Mercy Hospital',NULL),('PUL-2018-17','Saviour Medical and Dental Cooperative',NULL),('PUL-2019-09','Sta. Rosa Community Hospital','14712247'),('PUL-2019-14','Westlake Medical Center',NULL),('PUL-2019-18','Global Medical Center of Laguna',NULL),('PUL-2019-19','Global Care Medical Center of Canlubang',NULL),('PUL-2019-21','Calamba Medical Center',NULL);
/*!40000 ALTER TABLE `tbl_customer` ENABLE KEYS */;
UNLOCK TABLES;

--
-- Table structure for table `tbl_customerinfo`
--

DROP TABLE IF EXISTS `tbl_customerinfo`;
/*!40101 SET @saved_cs_client     = @@character_set_client */;
/*!40101 SET character_set_client = utf8 */;
CREATE TABLE `tbl_customerinfo` (
  `customerID` varchar(255) NOT NULL,
  `Name` text,
  `Address` text,
  `TIN` varchar(255) DEFAULT NULL,
  `PaymentTermDays` int(11) DEFAULT NULL,
  `created_at` varchar(255) DEFAULT NULL,
  `updated_at` varchar(255) DEFAULT NULL,
  PRIMARY KEY (`customerID`)
) ENGINE=InnoDB DEFAULT CHARSET=utf8mb4;
/*!40101 SET character_set_client = @saved_cs_client */;

--
-- Dumping data for table `tbl_customerinfo`
--

LOCK TABLES `tbl_customerinfo` WRITE;
/*!40000 ALTER TABLE `tbl_customerinfo` DISABLE KEYS */;
INSERT INTO `tbl_customerinfo` VALUES ('1','Name','Address','TIN',0,'0000-00-00','0000-00-00'),('29','OUR LADY OF THE PILLAR MEDICAL CENTER','TAMSUI AVENUE BAYAN LUMA II, IMUS CITY, CAVITE','213-248-135-0000',30,'0000-00-00','0000-00-00'),('30','STO. TOMAS DOCTORS HOSPITAL AND MEDICAL CENTER INC.','','',30,'0000-00-00','0000-00-00'),('31','PETER PAUL MEDICAL CENTER OF CANDELARIA, INC.','REGIDOR ST., CANDELARIA QUEZON','006-943-437-0000',30,'0000-00-00','0000-00-00'),('32','CITY GOVERNMENT OF CAVITE','CITY HALL BLDG, SAMONTE PARK, CAVITE CITY','001-377-260-0000',30,'0000-00-00','0000-00-00'),('33','VITACARE DIAGNOSTIC DAANG-HARI','','',30,'0000-00-00','0000-00-00'),('34','FIRST CABUYAO HOSPITAL AND MEDICAL CENTER INC','KM 44 NATIONAL HIGHWAY ROTONDA PUROK 5 CABUYAO LAGUNA','008-291-507-000',30,'0000-00-00','0000-00-00'),('35','DELAPAZ MEDICAL AND DIAGNOSTIC CENTER','','',30,'0000-00-00','0000-00-00'),('36','OSPITAL NG TAGAYTAY','AKLE ST., KAYBAGAL SOUTH, TAGAYTAY CITY','001-377-244-0000',30,'0000-00-00','0000-00-00'),('37','BATANGAS HEALTHCARE SPECIALIST MEDICAL CENTER','DIVERSION ROAD ALANGILAN BATANGAS CITY BATANGAS','008-033-036-00000',30,'0000-00-00','0000-00-00'),('38','GLOBAL CARE  MEDICAL CENTER OF TALISAY, INC.','MABINI HIGHWAY, AYA, TALISAY, BATANGAS','009-824-372-00000',15,'0000-00-00','0000-00-00'),('39','BI?AN DOCTORS\' HOSPITAL, INCORPORATED','1 LIMACO STREET SEGUNDA VILLAGE, BRGY. PLATERO, CITY OF BI?AN, LAGUNA','000-407-631-0000',30,'0000-00-00','0000-00-00'),('40','BATANGAS MEDICAL CENTER','KUMINTANG IBABA, BATANGAS CITY, BATANGAS','000-619-239-0000',30,'0000-00-00','0000-00-00'),('41','BICOL REGION GEN. HOSPITAL & GERIATIC MEDICAL CTR','SAN PEDRO , CABUSAO, CAMARINES SUR','270-452-542-0000',30,'0000-00-00','0000-00-00'),('42','PROVINCIAL GOVERNMENT OF CAMARINES NORTE','DAET, CAMARINES  NORTE','000-541-303-000',30,'0000-00-00','0000-00-00'),('43','MUNICIPAL GOVERNMENT OF CABUSAO','NEW POBLACION, CABUSAO, CAMARINES NORTE','450-000-631-686',30,'0000-00-00','0000-00-00'),('44','SAN PEDRO CALUNGSOD MEDICAL CENTER INC','SUBSTREET KALAYAN AVENUE MAGDALO POTOP KAWIT CAVITE','008-465-150-00000',30,'0000-00-00','0000-00-00'),('45','ACCESS HEALTH, INC.','CENTRAL BUSINESS DISTRICT II, TRIANGULO, NAGA CITY','006-832-744-000',40,'0000-00-00','0000-00-00'),('46','SANTA CRUZ LAGUNA POLYMEDIC INC.','NATIONAL ROAD HI-WAY , BRGY. PATIMBAO, STA CRUZ LAGUNA','235-052-848-000',30,'0000-00-00','0000-00-00'),('47','SOUTHHILL MEDICAL SPECIALIST INC','NATIONAL ROAD MOLINO IV BACOOR CITY CAVITE','004-852-866-0000',30,'0000-00-00','0000-00-00'),('48','STA MARIA JOSEFA HOSPITAL FOUNDATION INC.','SERVANTS OF JESUS AVE., ZONE 2 FRANCIA, IRIGA CITY','004-194-525-000',45,'0000-00-00','0000-00-00'),('49','ALBAY DOCTOR\'S HOSPITAL, INC.','PE?ARDA ST. LEGAZPI CITY','005-769-508-000   ',30,'0000-00-00','0000-00-00'),('50','SAN PABLO COLLEGE MEDICAL CENTER','BRGY. SAN RAFAEL SAN PABLO CITY LAGUNA','000-421-422-000',30,'0000-00-00','0000-00-00'),('51','MERCADO GENERAL HOSPITAL STA. ROSA, INC','NUVALI NORTH, STO. DOMINGO, STA. ROSA  CITY, LAGUNA','008-638-823-000',30,'0000-00-00','0000-00-00'),('52','BLESCES DIAGNOSTIC LABORATORY','A. MABINI ST., BARANGAY V-B (POB.,) SAN PABLO CITY LAGUNA','618-880-167-00000',30,'0000-00-00','0000-00-00'),('53','WELLCARE CLINICS AND LAB, INC.','WALTERMART AGUINALDO HI-WAY DASMARI?AS CAVITE','005-232-785-000',30,'0000-00-00','0000-00-00'),('54','TANZA FAMILY GENERAL HOSPITAL & PHARMACY','A.SORIANO HI-WAY DAANG AMAYA II TANZA CAVITE','156-720-914-000',30,'0000-00-00','0000-00-00'),('55','METRO SOUTH MEDICAL CENTER','NATIONAL ROAD MOLINO IV, BACOOR CAVITE','009-436-827-000',30,'0000-00-00','0000-00-00'),('56','MUNICIPALITY OF LUMBAN LAGUNA','RIZAL ST BRGY STO NINO LUMBAN, LAGUNA','000-631-139-000',30,'0000-00-00','0000-00-00'),('57','PERPETUAL HELP MEDICAL CENTER','','',0,'0000-00-00','0000-00-00'),('PBA-2015-01','BATANGAS CLINICAL LABORATORY','BATANGAS CITY, BATANGAS','',30,'0000-00-00','0000-00-00'),('PBA-2015-02','MARY MEDIATRIX MEDICAL CENTER','LIPA CITY, BATANGAS','',30,'0000-00-00','0000-00-00'),('PBA-2015-03','METRO LIPA MEDICAL CENTER','','',30,'0000-00-00','0000-00-00'),('PBA-2015-05','UNITED DOCTORS OF ST. CAMILLUS DE LELLIS HOSPITAL AND  MEDICAL CENTER','DIVERSION ROAD BOLBOK BATANGAS CITY','007-560-076-000',30,'0000-00-00','0000-00-00'),('PBA-2015-07','SAINT PATRICK\'S HOSPITAL , INC','LOPEZ JAENA STREET BRGY. 2 BATANGAS CITY','000-290-755-00000',30,'0000-00-00','0000-00-00'),('PBA-2018-24','GOLDEN GATE BATANGAS HOSPITAL INC.','17 P.  PRIETO ST., BATANGAS CITY','009-867-275-000',30,'0000-00-00','0000-00-00'),('PBA-2019-15','SHALOM MEDICAL DIAGNOSTIC','','',30,'0000-00-00','0000-00-00'),('PBA-2021-61','ST. ANDREW HOSPITAL','TALISAY, BATANGAS','',30,'',''),('PBI-2023-28','JOSE PANGANIBAN HOSPITAL','PANGANIBAN CAMARINES NORTE','',30,'',''),('PBI-2023-29','DR. MOISES V. CACAWA MEMORIAL HOSPITAL','DAET, CAMARINES NORTE','',30,'',''),('PBI-2023-58','TANCHULING GENERAL HOSPITAL','LEGASPI CITY, ALBAY','',30,'',''),('PBI-2023-59','MEDICAL MISSION GROUP','NABUA, CAMARINES SUR','',30,'',''),('PCA-2019-10','TAGAYTAY MEDICAL CENTER','E. AGUINALDO HIGHWAY, SILANG  CROSSING EAST, TAGAYTAY CITY','234-854-689-00000',30,'0000-00-00','0000-00-00'),('PLL-2015-04','PAGSANJAN MEDICAL CLINIC INC.','BRGY. SAMPALOC PAGSANJAN LAGUNA','00-633-670-000',30,'0000-00-00','0000-00-00'),('PLL-2015-08','SAN PABLO DOCTOR\'S HOSPITAL','55 A. MABINI ST., SAN PABLO CITY, PHILIPPINES','',30,'0000-00-00','0000-00-00'),('PLL-2015-16','ABR MULTI AND SPECIALIST CLINIC','PAKIL, LAGUNA','',30,'0000-00-00','0000-00-00'),('PLL-2016-13','UPLB UNIVERSITY HEALTH SERVICE','UPLB ADMINISTRATION BLDG., LOS BA?OS, LAGUNA','000-864-006-004',30,'0000-00-00','0000-00-00'),('PLL-2017-25','LAGUNA DOCTORS HOSPITAL, INC.','P. GUEVARRA EXT.,SITIO MAPAGMAHAL,BRGY. PAGSAWITAN, STA. CRUZ, LAGUNA','004-140-493-000',30,'0000-00-00','0000-00-00'),('PLL-2019-20','GLOBAL CARE MEDICAL CENTER OF BAY, INC.','NATIONAL HIGHWAY BRGY. MAITIM, BAY, LAGUNA','009-436-827-000',15,'0000-00-00','0000-00-00'),('PLL-2019-26','LAGUNA HOLY FAMILY HOSPITAL INC.','J DE LEON STREET PAGSAWITAN SANTA CRUZ LAGUNA','220-249-650-000',30,'0000-00-00','0000-00-00'),('PLL-2023-60','BINAN LABORATORY CLINIC','2ND FLOOR OSPITAL NG BINAN OPD BUILDING BRGY. CANLALAY BINAN CITY LAGUNA','',30,'',''),('PLU-2015-11','TAYABAS COMMUNITY HOSPITAL','NATIONAL ROAD WAKAS TAYABAS CITY QUEZON','000-640-590-0000',30,'0000-00-00','0000-00-00'),('PLU-2015-27','LUCENA UNITED DOCTORS INCORPORATED','BRGY. ISABANG LUCENA CITY, QUEZON','001-398-353-00000',30,'0000-00-00','0000-00-00'),('PUL-2015-06','ST. JAMES HOSPITAL, INC','DITA, CITY OF STA. ROSA , LAGUNA','003-826-904-000',30,'0000-00-00','0000-00-00'),('PUL-2015-12','CALAMBA DOCTOR\'S HOSPITAL','KM 49 NATIONAL HIGHWAY PARIAN CALAMBA LAGUNA','003-459-351-000',30,'0000-00-00','0000-00-00'),('PUL-2015-23','EVANGELISTA MEDICAL SPECIALTY HOSPITAL, INC.','MACARIA AVE., PACITA COMPLEX,  SAN PEDRO , LAGUNA','002-518-713-000',30,'0000-00-00','0000-00-00'),('PUL-2016-22','DIVINE MERCY HOSPITAL, INC','LOT 9 & 10 AMANTE SUBDIVISION BRGY. NUEVA CITY OF SAN PEDRO, LAGUNA','000-623-227-00000',30,'0000-00-00','0000-00-00'),('PUL-2018-17','PAMANA MEDICAL CENTER','NATIONAL HIGHWAY, BRGY. HALAG, CALAMBA CITY','322-006-369-000',30,'0000-00-00','0000-00-00'),('PUL-2019-09','STA. ROSA COMMUNITY HOSPITAL','','',30,'0000-00-00','0000-00-00'),('PUL-2019-14','WESTLAKE MEDICAL CENTER','NATIONAL HIGHWAY, BRGY. NUEVA, SAN PEDRO LAGUNA','006-924-764-00000',30,'0000-00-00','0000-00-00'),('PUL-2019-18','GLOBAL MEDICAL CENTER OF LAGUNA INC','NATIONAL ROAD, BRGY. BANLIC, CABUYAO CITY, LAGUNA','008-014-354-000',15,'0000-00-00','0000-00-00'),('PUL-2019-19','GLOBAL CARE MEDICAL CENTER OF CANLUBANG, INC.','YULO AVENUE CANLUBANG CALAMBA CITY, LAGUNA','009-287-998-00000',15,'0000-00-00','0000-00-00'),('PUL-2019-21','CALAMBA MEDICAL CENTER','','',30,'0000-00-00','0000-00-00');
/*!40000 ALTER TABLE `tbl_customerinfo` ENABLE KEYS */;
UNLOCK TABLES;

--
-- Table structure for table `tbl_existingmachine`
--

DROP TABLE IF EXISTS `tbl_existingmachine`;
/*!40101 SET @saved_cs_client     = @@character_set_client */;
/*!40101 SET character_set_client = utf8 */;
CREATE TABLE `tbl_existingmachine` (
  `ID` int(11) NOT NULL AUTO_INCREMENT,
  `Name` varchar(255) DEFAULT NULL,
  `Supplier` varchar(255) DEFAULT NULL,
  `PurchaseType` varchar(255) DEFAULT NULL,
  `PurchaseNotes` varchar(255) DEFAULT NULL,
  `Category` varchar(255) DEFAULT NULL,
  `AddInfo` varchar(255) DEFAULT NULL,
  `Hospital` varchar(255) DEFAULT NULL,
  PRIMARY KEY (`ID`)
) ENGINE=InnoDB DEFAULT CHARSET=latin1;
/*!40101 SET character_set_client = @saved_cs_client */;

--
-- Dumping data for table `tbl_existingmachine`
--

LOCK TABLES `tbl_existingmachine` WRITE;
/*!40000 ALTER TABLE `tbl_existingmachine` DISABLE KEYS */;
/*!40000 ALTER TABLE `tbl_existingmachine` ENABLE KEYS */;
UNLOCK TABLES;

--
-- Table structure for table `tbl_new_cheque`
--

DROP TABLE IF EXISTS `tbl_new_cheque`;
/*!40101 SET @saved_cs_client     = @@character_set_client */;
/*!40101 SET character_set_client = utf8 */;
CREATE TABLE `tbl_new_cheque` (
  `ID` int(11) NOT NULL AUTO_INCREMENT,
  `CheckNumber` varchar(255) NOT NULL,
  `CheckDate` date NOT NULL,
  `Amount` double NOT NULL,
  `AmountInWords` varchar(255) NOT NULL,
  `Bank` varchar(255) NOT NULL,
  `created_at` date NOT NULL,
  `updated_at` date NOT NULL,
  PRIMARY KEY (`ID`)
) ENGINE=InnoDB DEFAULT CHARSET=utf8mb4;
/*!40101 SET character_set_client = @saved_cs_client */;

--
-- Dumping data for table `tbl_new_cheque`
--

LOCK TABLES `tbl_new_cheque` WRITE;
/*!40000 ALTER TABLE `tbl_new_cheque` DISABLE KEYS */;
/*!40000 ALTER TABLE `tbl_new_cheque` ENABLE KEYS */;
UNLOCK TABLES;

--
-- Table structure for table `tbl_new_inventory`
--

DROP TABLE IF EXISTS `tbl_new_inventory`;
/*!40101 SET @saved_cs_client     = @@character_set_client */;
/*!40101 SET character_set_client = utf8 */;
CREATE TABLE `tbl_new_inventory` (
  `ProdID` int(11) NOT NULL AUTO_INCREMENT,
  `ProdCat` varchar(255) DEFAULT NULL,
  `ProdDesc` varchar(255) DEFAULT NULL,
  `Quantity` int(11) DEFAULT NULL,
  `Unit` varchar(255) DEFAULT NULL,
  `Category` varchar(255) DEFAULT NULL,
  `Expiry` varchar(255) DEFAULT NULL,
  `Lot` varchar(255) DEFAULT NULL,
  `PurchasePrice` double DEFAULT NULL,
  `created_at` varchar(255) DEFAULT NULL,
  `updated_at` varchar(255) DEFAULT NULL,
  PRIMARY KEY (`ProdID`)
) ENGINE=InnoDB AUTO_INCREMENT=189 DEFAULT CHARSET=utf8mb4;
/*!40101 SET character_set_client = @saved_cs_client */;

--
-- Dumping data for table `tbl_new_inventory`
--

LOCK TABLES `tbl_new_inventory` WRITE;
/*!40000 ALTER TABLE `tbl_new_inventory` DISABLE KEYS */;
INSERT INTO `tbl_new_inventory` VALUES (1,'TRULAB2022124','YELLOW TOP 4ML - GLASS',33,'TRAY','Other Products','2026-05-01','20230515',NULL,'2023-10-25 09:22:02','2023-10-26 03:10:22'),(2,'TRULAB2022041','GLUCO PLUS - 75GRAMS',25,'BOTTLE','Other Products','2025-09-01','LA751223',NULL,'2023-10-25 09:22:02','2023-11-30 08:15:55'),(3,'TRULAB2022066','TRULAB - MICROTAINER YELLOW - 0.5ML',10,'TRAY','Other Products','2025-01-01','A43008',NULL,'2023-10-25 09:22:02','2023-11-23 07:57:55'),(4,'TRULAB2022120','TRULAB - YELLOW TIPS WITH CROWN - 200UL',0,'PACK','Other Products',NULL,'36010200B',NULL,'2023-10-25 09:22:02','2023-11-07 04:25:52'),(5,'TRULAB2022088','BRANDEN - RED TOP 5ML - GLASS',10,'TRAY','Other Products','2025-11-01','20221130',NULL,'2023-10-26 03:10:22','2023-10-26 03:10:22'),(6,'TRULAB2022088','BRANDEN - RED TOP 5ML - GLASS',30,'TRAY','Other Products','2026-01-01','20230115',NULL,'2023-10-26 03:10:22','2023-10-26 03:10:22'),(7,'TRULAB2022066','TRULAB - MICROTAINER YELLOW - 0.5ML',9,'TRAY','Other Products','2023-12-01','A22007',NULL,'2023-10-26 03:10:22','2023-10-26 03:10:22'),(8,'TRULAB2022019','BLUE TOP - 1.8ML - GLASS',6,'TRAY','Other Products','2025-11-01','20221130',NULL,'2023-10-26 03:10:22','2023-10-26 03:10:22'),(9,'TRULAB2022083','EDTA - TOP 2ML - GLASS',26,'TRAY','Other Products','2026-01-01','20260114',NULL,'2023-10-26 03:10:22','2023-10-26 03:10:22'),(10,'TRULAB2022085','TRULAB - EDTA MICROTAINER - K2 - PP - 0.5ML',7,'TRAY','Other Products','2024-09-01','A13004',NULL,'2023-10-26 03:10:22','2023-10-26 03:10:22'),(11,'TRULAB2022110','TRULAB - SPECIMEN COLLECTION AND TRANSPORT SET 100\'S',5,'BOX','Other Products',NULL,'2220784',NULL,'2023-10-26 03:10:22','2023-10-26 03:10:22'),(12,'TRULAB2022162','TRANSFER PIPETTE - 3ML - STERILE',5,'BOX','Other Products',NULL,'195820',NULL,'2023-10-26 03:10:22','2023-10-26 03:10:22'),(13,'TRULAB2022161','TRANSFER PIPETTE - 3ML',4,'BOX','Other Products',NULL,'216841',NULL,'2023-10-26 03:10:22','2023-10-26 03:10:22'),(14,'TRULAB2022035','ESR PIPETTE - WESTERGREN DISPOSABLE - CHINA',189,'PIECE','Other Products',NULL,'216841',NULL,'2023-10-26 03:10:22','2023-10-26 03:10:22'),(15,'TRULAB2022137','DLAB - MICROPETTE - PIPETTE - ADJUSTABLE: 20 - 200 ul',4,'UNIT','Other Products',NULL,'18050161',NULL,'2023-10-26 03:10:22','2023-10-26 03:10:22'),(16,'TRULAB2022076','DLAB - PIPETTOR STAND LINEAR',1,'PIECE','Other Products',NULL,NULL,NULL,'2023-10-26 03:10:22','2023-10-26 03:10:22'),(17,'TRULAB2022053','TRULAB - INOCULATION LOOP 1UL & 10UL - 100',0,'BOX','Other Products',NULL,'222080',NULL,'2023-10-26 03:10:22','2023-11-22 02:30:48'),(18,'TRULAB2022125','TRULAB - APPLICATOR STICK - 1000S',22,'BOX','Other Products',NULL,NULL,NULL,'2023-10-26 03:10:22','2023-12-06 07:53:36'),(19,'NL2023001','BLOOD LANCET - 72\'S',7,'BOX','Other Products','2025-03-01','20200328',NULL,'2023-10-26 03:10:22','2023-10-26 03:10:22'),(20,'TRULAB2022023','TRULAB - COVER GLASS - 22X22 - 200\'S',5,'BOX','Other Products',NULL,NULL,NULL,'2023-10-26 03:10:22','2023-10-26 03:10:22'),(21,'NL2023002','GLASS SLIDES - 72\'S',267,'PACK','Other Products',NULL,NULL,NULL,'2023-10-26 03:10:22','2023-12-06 10:33:56'),(22,'TRULAB2022116','TRULAB - WHITE PIPETTE TIPS 10UL - FILTER 1000\'S/BAG',3,'PACK','Other Products',NULL,NULL,NULL,'2023-10-26 03:10:22','2023-10-26 03:10:22'),(23,'TRULAB2022017','TRULAB - BLUE TIPS - W/O CROWN -1000UL',4,'PACK','Other Products','2032-07-01','220720',NULL,'2023-10-26 03:10:22','2023-12-06 10:33:56'),(24,'TRULAB2022119','TRULAB - YELLOW TIPS W/O CROWN',8,'PACK','Other Products',NULL,'221539',NULL,'2023-10-26 03:10:22','2023-12-06 10:33:56'),(25,'OPTIUM2023004','TERUMO SYRINGE - 1CC - 100\'S',10,'BOX','Other Products','2027-12-01','202212262',NULL,'2023-10-26 03:10:22','2023-10-26 03:10:22'),(26,'OPTIUM2023005','TERUMO SYRINGE - 3CC - 100\'S',2,'BOX','Other Products','2027-12-01','202212182',NULL,'2023-10-26 03:10:22','2023-10-26 03:10:22'),(27,'OPTIUM2023005','TERUMO SYRINGE - 3CC - 100\'S',6,'BOX','Other Products','2027-11-01','202211252',NULL,'2023-10-26 03:10:22','2023-10-26 03:10:22'),(28,'OPTIUM2023006','TERUMO SYRINGE - 5CC - 100\'S',2,'BOX','Other Products','2027-12-01','20221225S',NULL,'2023-10-26 03:10:22','2023-10-26 03:10:22'),(29,'OPTIUM2023007','TERUMO SYRINGE - 10CC - 100\'S',9,'BOX','Other Products','2027-08-01','20220825Z',NULL,'2023-10-26 03:10:22','2023-10-26 03:10:22'),(30,'OPTIUM2023007','TERUMO SYRINGE - 10CC - 100\'S',1,'BOX','Other Products','2027-09-01','221009L',NULL,'2023-10-26 03:10:22','2023-10-26 03:10:22'),(31,'OPTIUM2023003','TERUMO INSULIN SYRINGE 1CC - 100\'S',5,'BOX','Other Products','2027-11-01','2L707',NULL,'2023-10-26 03:10:22','2023-10-26 03:10:22'),(32,'OPTIUM2023005','TERUMO SYRINGE - 3CC - 100\'S',8,'BOX','Other Products','2027-12-01','20221220Z',NULL,'2023-10-26 03:10:22','2023-10-26 03:10:22'),(33,'OPTIUM2023005','TERUMO SYRINGE - 3CC - 100\'S',1,'BOX','Other Products','2027-08-01','202208302',NULL,'2023-10-26 03:10:22','2023-10-26 03:10:22'),(34,'OPTIUM2023006','TERUMO SYRINGE - 5CC - 100\'S',15,'BOX','Other Products','2028-07-01','23081212',NULL,'2023-10-26 03:10:22','2023-10-26 03:10:22'),(35,'ASYA2022002','GLUCOMETER',11,'UNIT','Other Products',NULL,NULL,NULL,'2023-10-26 03:10:22','2023-10-26 03:10:22'),(36,'ELEVATE2023002','WONDFO - COVID AG TEST KIT',0,'BOX','Other Products','2025-01-01','96P0010',NULL,'2023-10-26 03:10:22','2023-11-03 06:29:11'),(37,'ELEVATE2023002','WONDFO - COVID AG TEST KIT',12,'BOX','Other Products','2025-02-01','96P0010',NULL,'2023-10-26 03:10:22','2023-11-22 06:09:46'),(38,'ELEVATE2023001','WONDFO - MET/THC URINE TEST',30,'BOX','Other Products','2025-08-01','W058308003',NULL,'2023-10-26 03:10:22','2023-10-26 03:10:22'),(39,'ELEVATE2023001','WONDFO - MET/THC URINE TEST',1,'BOX','Other Products','2025-04-01','W0583004003',NULL,'2023-10-26 03:10:22','2023-10-26 03:10:22'),(40,'ELEVATE2023008','WONDFO - DENGUE NS1/IGG/IGM',4,'BOX','Other Products','2025-07-01','W111307004',NULL,'2023-10-26 03:10:22','2023-10-26 03:10:22'),(41,'LABASIA2022001','Wondfo Prothrombin Time 24\'s',1,'BOX','Other Products','2024-05-01','F480161310E',NULL,'2023-10-26 03:10:22','2023-11-15 06:34:31'),(42,'LABASIA2022002','Wondfo APTT Activated Partial Thromboplastin Time 24\'s',5,'BOX','Other Products','2024-06-01','F48116C01E',NULL,'2023-10-26 03:10:22','2023-10-26 10:32:27'),(43,'UCBIOSCIENCE2022079','ORIGHT COVID AG CASSETTE - 25\'S',10,'BOX','Other Products','2024-11-01','C0V62211002',NULL,'2023-10-26 03:10:22','2023-10-26 03:10:22'),(44,'FINECARE2022001','HbA1C',2,'BOX','Other Products','2024-11-01','F20718503AD',NULL,'2023-10-26 03:10:22','2023-10-26 03:10:22'),(45,'FINECARE2022001','HbA1C',8,'BOX','Other Products','2025-07-01','F2071306AD',NULL,'2023-10-26 03:10:22','2023-10-26 03:10:22'),(46,'MEDTEK2022022','INTEC - Infectious Disease - Syphilis Test - Serum/Plasma - Strip',3,'50 per kit','Other Products','2024-04-01','GJ22040432',NULL,'2023-10-26 03:10:22','2023-10-26 03:10:22'),(47,'MEDTEK2022008','INTEC - Infectious Disease - HBsAg Test - Serum/Plasma - Card',5,'40 per kit','Other Products','2024-12-01','GJ22010722',NULL,'2023-10-26 03:10:22','2023-10-26 03:10:22'),(48,'MEDTEK2022011','INTEC - Infectious Disease - HBsAg Test - Serum/Plasma - Strip',2,'50 per kit','Other Products','2024-10-01','GJ22121721',NULL,'2023-10-26 03:10:22','2023-11-16 05:54:19'),(49,'MEDTEK2022012','INTEC - Infectious Disease - HCV Test - Serum/Plasma - Card',1,'40 per kit','Other Products','2025-07-01','GJ23070787',NULL,'2023-10-26 03:10:22','2023-10-26 03:10:22'),(50,'MEDTEK2022016','INTEC - Infectious Disease - HIV Test - Serum/Plasma - Card',1,'40 per kit','Other Products','2025-02-01','GJ23020174',NULL,'2023-10-26 03:10:22','2023-10-26 03:10:22'),(51,'MEDTEK2022001','INTEC - DOA-2 MET/THC Test - Urine - Card',1,'20 per kit','Other Products','2024-12-01','GJ22121770',NULL,'2023-10-26 03:10:22','2023-10-26 03:10:22'),(52,'UCBIOSCIENCE2022024','ADVIN - H.Pylori Antigen test - Cassette - Feces',1,'25 test/box','Other Products','2023-12-01','HPG2112000G',NULL,'2023-10-26 03:10:22','2023-10-26 03:10:22'),(53,'UCBIOSCIENCE2022006','ADVIN - Dengue Ag/Ab Combo - Cassette - WB/S/P',1,'25 test/box','Other Products','2024-06-01','DGC22060005',NULL,'2023-10-26 03:10:22','2023-10-26 03:10:22'),(54,'UCBIOSCIENCE2022004','ADVIN - Dengue IgG/IgM - Cassette - WB/S/P',1,'25 test/box','Other Products','2024-04-01','DEN22040004',NULL,'2023-10-26 03:10:22','2023-10-26 03:10:22'),(55,'TRULAB2022127','INSIGHT - MICRAL TEST',2,'BOX','Other Products','2024-09-01','URS2120061',NULL,'2023-10-26 03:10:22','2023-12-06 10:33:56'),(56,'TRULAB2022112','INSIGHT - URINE STRIPS 4 PARA',6,'BOTTLE','Other Products','2025-09-01','URS30055',NULL,'2023-10-26 03:10:22','2023-10-26 03:10:22'),(57,'IDDL2022015','Mueller Hinton Agar Plate (Big)',0,'10 pcs/pack','Other Products','2023-12-24','10243306',NULL,'2023-10-26 03:15:04','2023-11-07 03:49:37'),(58,'IDDL2022032','Triple Sugar Iron Agar',0,'10 pcs/pack','Other Products','2024-01-01','10242332',NULL,'2023-10-26 03:15:04','2023-11-07 03:49:37'),(59,'IDDL2022033','Lysine Iron Agar',0,'10 pcs/pack','Other Products','2024-01-01','10242333',NULL,'2023-10-26 03:15:04','2023-11-07 03:49:37'),(60,'IDDL2022034','Sulfide Indole Motility Agar',0,'10 pcs/pack','Other Products','2024-01-01','10242334',NULL,'2023-10-26 03:15:04','2023-11-07 03:49:37'),(61,'IDDL2022035','Simmon Citrate',0,'10 pcs/pack','Other Products','2024-01-01','10242335',NULL,'2023-10-26 03:15:04','2023-11-07 03:49:37'),(62,'IDDL2022002','MaC Conkey Agar Plate',0,'10 pcs/pack','Other Products','2023-12-01','10212302',NULL,'2023-10-26 03:21:19','2023-11-07 03:56:48'),(63,'IDDL2022010','Mannitol Salt Agar',0,'10 pcs/pack','Other Products','2023-12-01','10212313',NULL,'2023-10-26 03:21:19','2023-11-07 03:56:48'),(64,'IDDL2022001','Blood Agar Plate with 5% Sheeps Blood',0,'10 pcs/pack','Other Products','2023-12-23','10212301',NULL,'2023-10-26 03:21:19','2023-10-26 10:20:19'),(65,'IDDL2022008','Chocolate Agar Plate with Supplement',0,'10 pcs/pack','Other Products','2023-12-01','10212308',NULL,'2023-10-26 03:21:19','2023-10-26 10:20:19'),(66,'IDDL2022022','Sheeps Blood Agar/McConkey Agar Plate',0,'10 pcs/pack','Other Products','2023-12-01','10212324',NULL,'2023-10-26 03:21:19','2023-10-26 10:20:19'),(67,'MCTC2022021','37% FORMALIN',0,'GALLON','Other Products',NULL,'9-23-1',NULL,'2023-10-26 03:33:43','2023-10-26 10:35:09'),(68,'MCTC2022023','PAPANICOLLUA STAIN SET',0,'BOX','Other Products','2025-05-01','5-23-1',NULL,'2023-10-26 03:33:43','2023-11-08 04:02:40'),(69,'MCTC2022010','Anti Sera D',0,'VIAL','Other Products','2025-08-01','2311-083-01',NULL,'2023-10-26 03:33:43','2023-11-08 04:02:40'),(70,'MCTC2022011','GRAM STAIN',0,'BOX','Other Products','2025-08-01','8-23-1',NULL,'2023-10-26 03:33:43','2023-11-08 04:02:40'),(71,'MCTC2022011','GRAM STAIN',0,'BOX','Other Products','2025-05-01','5-23-1',NULL,'2023-10-26 03:33:43','2023-11-08 04:02:40'),(72,'MCTC2022019','ETHANOL ABSOLUTE 95%',1,'GALLON','Other Products',NULL,'9-23-1',NULL,'2023-10-26 03:33:43','2023-11-09 06:55:53'),(73,'6844288','ALTV 50x5',18,'Box','VITROS','2025-02-01','560932464343',NULL,'2023-10-26 03:35:56','2023-10-26 03:35:56'),(74,'8157596','POTASSIUM/K+ 50x5',0,'Box','VITROS',NULL,NULL,NULL,'2023-10-26 03:35:56','2023-10-26 03:35:56'),(75,'8379034','SODIUM/NA+ 50x5',4,'Box','VITROS','2024-09-01','421911049745',NULL,'2023-10-26 03:35:56','2023-10-26 03:35:56'),(76,'8392292','TOTAL PROTEIN 50x5',1,'Box','VITROS','2024-12-01','062232932279',NULL,'2023-10-26 03:35:56','2023-10-26 03:35:56'),(77,'6802584','CREATININE 60x5',20,'Box','VITROS','2025-02-01','150535384140',NULL,'2023-10-26 03:35:56','2023-10-26 03:43:23'),(78,'1053180','ALKP 60x5',3,'Box','VITROS','2024-11-01','652905701494',NULL,'2023-10-26 03:35:56','2023-10-26 03:47:31'),(79,'8383051','BUBC 60x5',1,'Box','VITROS','2024-06-01','002404556793',NULL,'2023-10-26 03:35:56','2023-10-26 03:35:56'),(80,'8102204','BUN 60x5',18,'Box','VITROS','2024-12-01','013134753105',NULL,'2023-10-26 03:35:56','2023-10-26 03:35:56'),(81,'1450261','CALCIUM 60x5',2,'Box','VITROS','2024-11-01','033906501676',NULL,'2023-10-26 03:35:56','2023-10-26 03:35:56'),(82,'1669829','CHOLESTEROL 60x5',13,'Box','VITROS','2024-10-01','084833910332',NULL,'2023-10-26 03:35:56','2023-10-26 03:43:23'),(83,'8262396','ENZYMATIC CO2 60x5',1,'Box','VITROS','2024-11-01','573135951585',NULL,'2023-10-26 03:35:56','2023-10-26 03:35:56'),(84,'1707801','GLUCOSE 60x5',17,'Box','VITROS','2025-01-01','002732363386',NULL,'2023-10-26 03:35:56','2023-10-26 03:35:56'),(85,'1513209','PHOSPHORUS 60x5',3,'Box','VITROS','2024-10-01','124803750598',NULL,'2023-10-26 03:35:56','2023-10-26 03:43:23'),(86,'8159931','TOT BILIRUBIN 60x5',4,'Box','VITROS','2024-09-01','141004450067',NULL,'2023-10-26 03:35:56','2023-10-26 03:43:23'),(87,'1336544','TRIGLYCERIDES 60x5',15,'Box','VITROS','2024-11-01','070734562119',NULL,'2023-10-26 03:35:56','2023-10-26 03:43:23'),(88,'1943927','URIC ACID 60x5',17,'Box','VITROS','2025-01-01','050203543776',NULL,'2023-10-26 03:35:56','2023-10-26 03:43:23'),(89,'8433815','AST 60x5',11,'Box','VITROS','2025-01-01','733034243664',NULL,'2023-10-26 03:35:56','2023-10-26 03:35:56'),(90,'1988211','ALBUMIN 18x5',9,'Box','VITROS','2024-07-01','094033947581',NULL,'2023-10-26 03:35:56','2023-10-26 03:35:56'),(91,'8112724','AMYLASE 18x5',1,'Box','VITROS','2024-09-01','602603889379',NULL,'2023-10-26 03:35:56','2023-10-26 03:35:56'),(92,'1612365','BUBC 18x5',3,'Box','VITROS','2024-11-01','022704581280',NULL,'2023-10-26 03:35:56','2023-10-26 03:35:56'),(93,'8001133','CKMB 18x5',3,'Box','VITROS','2025-01-01','491402583805',NULL,'2023-10-26 03:35:56','2023-10-26 03:35:56'),(94,'8208431','CSF PROTEIN 18x5',1,'Box','VITROS','2024-09-01','511501239268',NULL,'2023-10-26 03:35:56','2023-10-26 03:35:56'),(95,'1924547','IRON 18x5',3,'Box','VITROS','2024-12-01','503403372647',NULL,'2023-10-26 03:35:56','2023-10-26 03:35:56'),(96,'8297749','LIPASE 18x5',2,'Box','VITROS','2025-02-01','59533494547',NULL,'2023-10-26 03:35:56','2023-10-26 03:35:56'),(97,'1921204','MAGNESIUM 18x5',6,'Box','VITROS','2024-09-01','320633109299',NULL,'2023-10-26 03:35:56','2023-10-26 03:43:23'),(98,'1882208','Cal Kit 1',3,'Box','VITROS','2024-12-12','0162',NULL,'2023-10-26 03:35:56','2023-10-26 03:43:23'),(99,'1662659','Cal Kit 2',2,'Box','VITROS','2024-10-10','0272',NULL,'2023-10-26 03:35:56','2023-10-26 03:43:23'),(100,'1290709','Cal Kit 3',3,'Box','VITROS','2024-10-24','0362',NULL,'2023-10-26 03:35:56','2023-10-26 03:43:23'),(101,'6801896','Cal Kit 25',1,'Box','VITROS','2024-03-21','2552',NULL,'2023-10-26 03:35:56','2023-10-26 03:35:56'),(102,'8067324','PER VER I',2,'Box','VITROS','2025-02-01','Q1174',NULL,'2023-10-26 03:35:56','2023-10-26 03:43:23'),(103,'8231474','PER VER II',2,'Box','VITROS','2025-02-01','R1176',NULL,'2023-10-26 03:35:56','2023-10-26 03:43:23'),(104,'8721508','ISO PER VER I',1,'Box','VITROS','2024-09-12','R9818',NULL,'2023-10-26 03:35:56','2023-10-26 03:35:56'),(105,'6800190','UPRO PER VER I',2,'Box','VITROS','2024-07-30','W9461',NULL,'2023-10-26 03:35:56','2023-10-26 03:47:31'),(106,'1213115','MICRO SAMPLE CUPS BOX/4000',5,'Box','VITROS','2047-11-02','1094737',NULL,'2023-10-26 03:35:56','2023-10-26 03:35:56'),(107,'6801715','Vitros VersaTip Box/1000',9,'Box','VITROS','2049-02-26','572615',NULL,'2023-10-26 03:35:56','2023-10-26 03:35:56'),(108,'8867541','8867541 TIBC KIT',1,'Box','VITROS','2024-02-21','591',NULL,'2023-10-26 03:35:56','2023-10-26 03:35:56'),(109,'6844430','LDH 50x5',3,'Box','VITROS','2024-11-01','635603081698',NULL,'2023-10-26 03:43:23','2023-10-26 03:47:31'),(110,'8383051','BUBC 60x5',1,'Box','VITROS','2024-06-01','022404556793',NULL,'2023-10-26 03:43:23','2023-10-26 03:43:23'),(111,'8102204','BUN 60x5',1,'Box','VITROS','2024-10-01','013234720772',NULL,'2023-10-26 03:43:23','2023-10-26 03:43:23'),(112,'8097990','CRP 18x5',0,'Box','VITROS',NULL,NULL,NULL,'2023-10-26 03:43:23','2023-10-26 03:43:23'),(113,'1320498','Cal Kit 7',0,'Box','VITROS',NULL,NULL,NULL,'2023-10-26 03:43:23','2023-10-26 03:43:23'),(114,'6801896','Cal Kit 25',2,'Box','VITROS','2024-03-21','2552',NULL,'2023-10-26 03:43:23','2023-10-26 03:43:23'),(115,'1830033','IMMUNO WASH FLUID',1,'Box','VITROS','2024-05-21','F1768',NULL,'2023-10-26 03:43:23','2023-10-26 03:43:23'),(116,'6844464','300 Reference Fluid',1,'Box','VITROS','2025-01-06','U1219',NULL,'2023-10-26 03:43:23','2023-10-26 03:43:23'),(117,'8392292','TOTAL PROTEIN',4,'250 Tests','VITROS','2024-12-01','06223292279',NULL,'2023-10-26 03:47:31','2023-10-26 03:47:31'),(118,'8102204','BUN',3,'300 Tests','VITROS','2024-10-01','01323470772',NULL,'2023-10-26 03:47:31','2023-10-26 03:47:31'),(119,'6801895','dHDL',0,'300 Tests','VITROS',NULL,NULL,NULL,'2023-10-26 03:47:31','2023-10-26 03:47:31'),(120,'8297749','LIPASE',2,'90 Tests','VITROS','2024-10-01','590233470629',NULL,'2023-10-26 03:47:31','2023-10-26 03:47:31'),(121,'6800120','URINE PROTEIN',2,'90 Tests','VITROS','2024-11-01','542601081388',NULL,'2023-10-26 03:47:31','2023-10-26 03:47:31'),(122,'1072693','SIGNAL REAGENT',5,'2 Packs','VITROS','2024-02-07','1070',NULL,'2023-10-26 03:47:31','2023-10-26 03:47:31'),(123,'1988211','ALBUMIN 5 PK/90 SLIDES',3,'Box','VITROS','2024-04-01','093833914526',NULL,'2023-10-26 03:47:31','2023-10-26 03:47:31'),(124,'1372101','ANTI-HAV IGM CALIBRATOR',1,'Box','VITROS','2024-07-09','5870',NULL,'2023-10-26 06:05:33','2023-10-26 06:05:33'),(125,'1100387','AHBC IGM CALIBRATORS 3X2',1,'Box','VITROS','2024-04-03','2080',NULL,'2023-10-26 06:05:33','2023-10-26 06:05:33'),(126,'IDDL2022044','Brain Heart Infusion Broth with 6.5% NaCl',5,'10 pcs/pack','Other Products','2024-10-09','10092348',NULL,'2023-10-31 03:01:26','2023-10-31 03:01:26'),(127,'TRULAB2022024','CRP LATEX TEST KIT',1,'BOX','Other Products','2025-06-01','LO16182',NULL,'2023-11-07 06:35:50','2023-11-07 06:35:50'),(128,'GOLDQUEST2022003','AMPICILLIN - 10 mcg',0,'50 DISC/CART','Other Products','2025-04-30','231005D',NULL,'2023-11-08 02:43:09','2023-11-29 10:59:42'),(129,'GOLDQUEST2022013','CEFOTAXIME - 30 mcg',2,'50 DISC/CART','Other Products','2025-09-30','230925A',NULL,'2023-11-08 02:43:09','2023-11-14 07:28:27'),(130,'GOLDQUEST2022015','CEFTAZIDIME - 30 mcg',1,'50 DISC/CART','Other Products','2025-02-28','230601I',NULL,'2023-11-08 02:43:09','2023-11-29 10:59:42'),(131,'GOLDQUEST2022029','KANAMYCIN - 30 mcg',0,'50 DISC/CART','Other Products','2026-02-28','230829F',NULL,'2023-11-08 02:46:29','2023-11-08 07:08:58'),(132,'GOLDQUEST2022055','X FACTOR',0,'50 DISC/CART','Other Products','2024-12-31','230606I',NULL,'2023-11-08 02:52:21','2023-11-08 06:57:53'),(133,'GOLDQUEST2022057','V FACTOR',0,'50 DISC/CART','Other Products','2025-04-30','231003K',NULL,'2023-11-08 02:52:21','2023-11-08 06:57:53'),(134,'GOLDQUEST2022056','X+V FACTOR',0,'50 DISC/CART','Other Products','2024-12-31','230606K',NULL,'2023-11-08 02:52:21','2023-11-08 06:57:53'),(135,'GOLDQUEST2022057','V FACTOR',0,'50 DISC/CART','Other Products','2025-03-04','231003K',NULL,'2023-11-08 07:33:55','2023-11-08 07:35:21'),(136,'GOLDQUEST2022055','X FACTOR',0,'50 DISC/CART','Other Products','2024-03-12','230606I',NULL,'2023-11-08 07:33:55','2023-11-08 07:35:21'),(137,'GOLDQUEST2022056','X+V FACTOR',0,'50 DISC/CART','Other Products','2024-03-12','230606K',NULL,'2023-11-08 07:33:55','2023-11-08 07:35:21'),(138,'TRULAB2022019','BLUE TOP - 1.8ML - GLASS',0,'TRAY','Other Products','2024-01-05','04720003',NULL,'2023-11-09 06:13:05','2023-11-09 06:13:59'),(139,'TRULAB2022041','GLUCO PLUS - 75GRAMS',30,'BOTTLE','Other Products','2025-09-01','LA751023',NULL,'2023-11-14 07:33:22','2023-11-14 07:33:22'),(140,'TRULAB2022024','CRP LATEX TEST KIT',1,'BOX','Other Products','2025-03-01','L016170',NULL,'2023-11-14 07:59:14','2023-11-14 07:59:14'),(141,'IDDL2022015','Mueller Hinton Agar Plate (Big)',0,'10 pcs/pack','Other Products','2024-11-01','11112306',NULL,'2023-11-15 09:51:54','2023-11-16 00:43:27'),(142,'IDDL2022001','Blood Agar Plate with 5% Sheeps Blood',0,'10 pcs/pack','Other Products','2024-04-01','11112301',NULL,'2023-11-15 09:51:54','2023-11-16 00:43:27'),(143,'IDDL2022002','MaC Conkey Agar Plate',0,'10 pcs/pack','Other Products','2024-11-01','11112302',NULL,'2023-11-15 09:51:54','2023-11-16 00:43:27'),(144,'IDDL2022022','Sheeps Blood Agar/McConkey Agar Plate',0,'10 pcs/pack','Other Products','2024-11-01','11112324',NULL,'2023-11-15 09:51:54','2023-11-16 00:43:27'),(145,'MCTC2022010','Anti Sera D',0,'VIAL','Other Products',NULL,'1510002',NULL,'2023-11-15 10:02:42','2023-11-16 00:36:44'),(146,'MCTC2022019','ETHANOL ABSOLUTE 95%',6,'GALLON','Other Products',NULL,NULL,NULL,'2023-11-15 10:06:19','2023-11-23 04:18:43'),(147,'MEDTEK2022177','DREW-3 - Reagents & Controls - DREW 3 Pack',0,'360T per pack','Other Products','2024-08-03','1045',NULL,'2023-11-21 00:46:32','2023-11-23 07:39:42'),(148,'NL2023001','BLOOD LANCET - 72\'S',100,'BOX','Other Products',NULL,NULL,NULL,'2023-11-22 03:09:03','2023-11-22 03:09:03'),(149,'TRULAB2022099','TRULAB - STOOL CONTAINER 60ML - STERILE - RED',550,'PIECE','Other Products','2028-04-20','230418',NULL,'2023-11-23 03:30:56','2023-11-23 03:30:56'),(150,'TRULAB2022053','TRULAB - INOCULATION LOOP 1UL & 10UL - 100',5,'BOX','Other Products',NULL,'230096',NULL,'2023-11-23 03:30:56','2023-11-23 03:30:56'),(151,'FINECARE2022009','FT3',2,'BOX','Other Products','2024-06-21','F2001610BAD',NULL,'2023-11-23 04:03:17','2023-11-23 04:03:17'),(152,'FINECARE2022010','FT4',2,'BOX','Other Products','2024-11-06','F25916307AD',NULL,'2023-11-23 04:03:17','2023-11-23 04:03:17'),(153,'MCTC2022001','HEMA QUICK STAIN',0,'BOTTLE','Other Products',NULL,NULL,NULL,'2023-11-23 04:12:10','2023-11-23 07:51:57'),(154,'MCTC2022008','Anti Sera A',0,'VIAL','Other Products',NULL,NULL,NULL,'2023-11-23 04:12:10','2023-11-23 07:44:27'),(155,'MCTC2022009','Anti Sera B',0,'VIAL','Other Products',NULL,NULL,NULL,'2023-11-23 04:12:10','2023-11-23 07:44:27'),(156,'MCTC2022010','Anti Sera D',0,'VIAL','Other Products',NULL,NULL,NULL,'2023-11-23 04:12:10','2023-11-23 07:44:27'),(157,'ELEVATE2023010','RAPIQUICK - (THC/MET/MDMA/COC/MOP) DRUG OF ABUSE RAPID TEST',1,'BOX','Other Products','2025-05-01','DOA23060334',NULL,'2023-11-24 11:21:49','2023-11-24 11:21:49'),(158,'ELEVATE2023002','WONDFO - COVID AG TEST KIT',15,'BOX','Other Products',NULL,NULL,NULL,'2023-11-24 11:21:49','2023-11-29 10:48:12'),(159,'ELEVATE2023001','WONDFO - MET/THC URINE TEST',0,'BOX','Other Products',NULL,NULL,NULL,'2023-11-24 11:21:49','2023-11-24 11:21:49'),(160,'GOLDQUEST2022031','LEVOFLOXACIN - 5 mcg',0,'50 DISC/CART','Other Products','2026-02-28','231004A',NULL,'2023-11-29 01:36:07','2023-11-29 10:59:42'),(161,'GOLDQUEST2022004','AMOXICILLIN+CLAVULANIC - 20+10 mcg',0,'50 DISC/CART','Other Products',NULL,'230926B',NULL,'2023-11-29 01:36:07','2023-11-29 10:59:42'),(162,'GOLDQUEST2022009','CEFAZOLIN - 30 mcg',0,'50 DISC/CART','Other Products',NULL,NULL,NULL,'2023-11-29 01:36:07','2023-11-29 10:59:42'),(163,'GOLDQUEST2022012','CEFEPIME - 30 mcg',0,'50 DISC/CART','Other Products',NULL,NULL,NULL,'2023-11-29 01:36:07','2023-11-29 10:59:42'),(164,'GOLDQUEST2022028','IMIPENEM - 10 mcg',0,'50 DISC/CART','Other Products',NULL,NULL,NULL,'2023-11-29 01:36:07','2023-11-29 10:59:42'),(165,'GOLDQUEST2022048','TAZOBACTAM+PIPERACILLIN - 10+100 mcg',0,'50 DISC/CART','Other Products',NULL,NULL,NULL,'2023-11-29 01:36:07','2023-11-29 10:59:42'),(166,'IDDL2022004','Gentamicin Blood Agar Plate',0,'10 pcs/pack','Other Products',NULL,NULL,NULL,'2023-11-29 03:44:44','2023-11-29 10:04:55'),(167,'IDDL2022042','Thioglycolate Broth',0,'10 pcs/pack','Other Products',NULL,NULL,NULL,'2023-11-29 03:44:44','2023-11-29 10:04:55'),(168,'IDDL2022008','Chocolate Agar Plate with Supplement',0,'10 pcs/pack','Other Products',NULL,NULL,NULL,'2023-11-29 03:49:53','2023-11-29 09:48:06'),(169,'IDDL2022001','Blood Agar Plate with 5% Sheeps Blood',0,'10 pcs/pack','Other Products',NULL,NULL,NULL,'2023-11-29 03:49:53','2023-11-29 09:48:06'),(170,'IDDL2022043','Tryptic Soy Borth',0,'10 pcs/pack','Other Products',NULL,NULL,NULL,'2023-11-29 03:49:53','2023-11-29 09:48:06'),(171,'IDDL2022046','Selnite F Broth',0,'10 pcs/pack','Other Products',NULL,NULL,NULL,'2023-11-29 03:49:53','2023-11-29 09:48:06'),(172,'IDDL2022047','Alkaline Peptone Water',0,'10 pcs/pack','Other Products',NULL,NULL,NULL,'2023-11-29 03:49:53','2023-11-29 09:48:06'),(173,'IDDL2022034','Sulfide Indole Motility Agar',0,'10 pcs/pack','Other Products',NULL,NULL,NULL,'2023-11-29 03:49:53','2023-11-29 09:48:06'),(174,'IDDL2022023','Gentamicin Blood/Bacitracin Chocolate Agar Plate',0,'10 pcs/pack','Other Products',NULL,NULL,NULL,'2023-11-29 03:49:53','2023-11-29 09:48:06'),(175,'IDDL2022025','Thiosulfate Citrate Bile Salts/Salmonella Shigella Agar',0,'10 pcs/pack','Other Products',NULL,NULL,NULL,'2023-11-29 03:49:53','2023-11-29 09:48:06'),(176,'FINECARE2022008','T4',2,'BOX','Other Products',NULL,NULL,NULL,'2023-11-29 05:14:15','2023-11-29 05:14:15'),(177,'FINECARE2022007','T3',2,'BOX','Other Products',NULL,NULL,NULL,'2023-11-29 05:14:15','2023-11-29 05:14:15'),(178,'TRULAB2022042','BRANDEN - GREEN TOP - 4ML - GLASS',0,'TRAY','Other Products',NULL,NULL,NULL,'2023-11-29 08:37:25','2023-11-30 07:37:51'),(179,'TRULAB2022163','TOURNIQUET',3,'PIECE','Other Products',NULL,NULL,NULL,'2023-11-29 08:37:25','2023-11-29 08:37:25'),(180,'TRULAB2022164','TEST TUBE RACK 90s',2,'PIECE','Other Products',NULL,NULL,NULL,'2023-11-29 08:37:25','2023-11-29 08:37:25'),(181,'TRULAB2022165','RED TOP PRO COAG',6,'TRAY','Other Products',NULL,NULL,NULL,'2023-11-29 08:37:25','2023-11-29 08:37:25'),(182,'ELEVATE2023003','WONDFO - HCG U/S TEST KIT',0,'BOX','Other Products',NULL,NULL,NULL,'2023-11-29 10:48:12','2023-11-29 10:57:51'),(183,'GOLDQUEST2022017','CEFTRIAXONE - 30 mcg',0,'50 DISC/CART','Other Products',NULL,NULL,NULL,'2023-11-29 10:52:56','2023-11-29 10:59:42'),(184,'GOLDQUEST2022065','IMMUNOSTIC.INC. - HEMA-SCREEN',1,'BOX','Other Products',NULL,NULL,NULL,'2023-12-05 04:11:26','2023-12-05 04:11:26'),(185,'TRULAB2022024','CRP LATEX TEST KIT',4,'BOX','Other Products',NULL,NULL,NULL,'2023-12-06 07:53:36','2023-12-06 07:53:36'),(186,'TRULAB2022086','RA LATEX KIT',1,'BOX','Other Products',NULL,NULL,NULL,'2023-12-06 07:53:36','2023-12-06 07:53:36'),(187,'TRULAB2022011','ASO LATEX TEST KIT',4,'100T','Other Products',NULL,NULL,NULL,'2023-12-06 07:53:36','2023-12-06 07:53:36'),(188,'TRULAB2022085','TRULAB - EDTA MICROTAINER - K2 - PP - 0.5ML',4,'TRAY','Other Products',NULL,NULL,NULL,'2023-12-06 07:53:36','2023-12-06 07:53:36');
/*!40000 ALTER TABLE `tbl_new_inventory` ENABLE KEYS */;
UNLOCK TABLES;

--
-- Table structure for table `tbl_new_invoice`
--

DROP TABLE IF EXISTS `tbl_new_invoice`;
/*!40101 SET @saved_cs_client     = @@character_set_client */;
/*!40101 SET character_set_client = utf8 */;
CREATE TABLE `tbl_new_invoice` (
  `InvoiceNum` varchar(255) NOT NULL,
  `CustomerID` varchar(255) NOT NULL,
  `SoldTo` varchar(255) DEFAULT NULL,
  `TIN` varchar(255) DEFAULT NULL,
  `BusinessType` varchar(255) DEFAULT NULL,
  `OscaPwdIdNum` varchar(255) DEFAULT NULL,
  `ScPwdSignature` varchar(255) DEFAULT NULL,
  `Address` text,
  `PONum` varchar(255) DEFAULT NULL,
  `PaymentTerms` varchar(255) DEFAULT NULL,
  `PaymentDueDate` date DEFAULT NULL,
  `SalesPerson` varchar(255) DEFAULT NULL,
  `Vatable` double DEFAULT NULL,
  `VAT` double DEFAULT NULL,
  `AmountDue` double DEFAULT NULL,
  `Status` varchar(255) DEFAULT NULL,
  `InvoiceDate` date NOT NULL,
  `NOANumber` varchar(255) DEFAULT NULL,
  `Notes` text,
  `DeliveredBy` varchar(255) DEFAULT NULL,
  `created_at` datetime DEFAULT NULL,
  `updated_at` datetime DEFAULT NULL,
  PRIMARY KEY (`InvoiceNum`)
) ENGINE=InnoDB DEFAULT CHARSET=utf8mb4;
/*!40101 SET character_set_client = @saved_cs_client */;

--
-- Dumping data for table `tbl_new_invoice`
--

LOCK TABLES `tbl_new_invoice` WRITE;
/*!40000 ALTER TABLE `tbl_new_invoice` DISABLE KEYS */;
INSERT INTO `tbl_new_invoice` VALUES ('203936','48','STA MARIA JOSEFA HOSPITAL FOUNDATION INC.','004-194-525-000',NULL,NULL,NULL,'SERVANTS OF JESUS AVE., ZONE 2 FRANCIA, IRIGA CITY','20','30 DAYS','2023-11-27',NULL,18236.82,2188.42,20425.24,'Printed','2023-10-27','','Void Reason:',NULL,'2023-10-26 03:58:28','2023-11-07 07:24:21'),('203937','21','EVANGELISTA MEDICAL SPECIALTY HOSPITAL, INC.','002-518-713-000',NULL,NULL,NULL,'MACARIA AVE., PACITA COMPLEX, SAN PEDRO , LAGUNA','2833','30 days','2023-11-25','NA',NULL,NULL,NULL,'Created','2023-10-26','',NULL,NULL,'2023-10-26 04:22:52','2023-10-26 04:22:52'),('203940','0','DIVINE MERCY HOSPITAL, INC','000-623-227-00000',NULL,NULL,NULL,'LOT 9 & 10 AMANTE SUBDIVISION BRGY. NUEVA CITY OF SAN PEDRO, LAGUNA','202310042','30 days','2023-11-26',NULL,NULL,NULL,NULL,'Created','2023-10-27','',NULL,NULL,'2023-10-26 06:39:55','2023-10-26 06:39:55'),('203941','PUL-2016-22','BI?AN DOCTORS\' HOSPITAL, INCORPORATED','000-407-631-0000',NULL,NULL,NULL,'1 LIMACO STREET SEGUNDA VILLAGE, BRGY. PLATERO, CITY OF BI?AN, LAGUNA','0004850','30 days','2023-11-26',NULL,NULL,NULL,NULL,'Created','2023-10-27','',NULL,NULL,'2023-10-26 06:49:43','2023-10-26 06:49:43'),('203964','PLL-2015-08','SAN PABLO DOCTOR\'S HOSPITAL',NULL,NULL,NULL,NULL,'55 A. MABINI ST., SAN PABLO CITY, PHILIPPINES','6704','30 days','2023-11-26',NULL,5561.43,667.37,6228.8,'Delivered','2023-10-27','','Void Reason:',NULL,'2023-10-26 09:44:29','2023-11-03 07:01:59'),('203965','PUL-2015-23','EVANGELISTA MEDICAL SPECIALTY HOSPITAL, INC.','002-518-713-000',NULL,NULL,NULL,'MACARIA AVE., PACITA COMPLEX, SAN PEDRO , LAGUNA','2834','30 days','2023-11-26',NULL,11168.57,1340.23,12508.8,'Delivered','2023-10-27','','Void Reason:',NULL,'2023-10-26 10:27:14','2023-11-03 07:01:45'),('203966','PUL-2016-22','DIVINE MERCY HOSPITAL, INC','000-623-227-00000',NULL,NULL,NULL,'LOT 9 & 10 AMANTE SUBDIVISION BRGY. NUEVA CITY OF SAN PEDRO, LAGUNA','2023090023','30 days','2023-11-26',NULL,2457.14,294.86,2752,'Delivered','2023-10-27','','Void Reason:',NULL,'2023-10-26 10:33:54','2023-11-03 07:01:29'),('203990','45','ACCESS HEALTH, INC.','006-832-744-000',NULL,NULL,NULL,'CENTRAL BUSINESS DISTRICT II, TRIANGULO, NAGA CITY',NULL,'40 days','2023-12-13',NULL,1548.79,185.86,1734.65,'Printed','2023-11-03','','Void Reason:',NULL,'2023-11-07 03:55:02','2023-11-07 07:38:01'),('203991','45','ACCESS HEALTH, INC.','006-832-744-000',NULL,NULL,NULL,'CENTRAL BUSINESS DISTRICT II, TRIANGULO, NAGA CITY','2023090141','40 days','2023-12-13',NULL,742.5,89.1,831.6,'Printed','2023-11-03','','Void Reason:',NULL,'2023-11-07 04:24:39','2023-11-07 07:39:59'),('203996','PBI-2023-28','JOSE PANGANIBAN HOSPITAL',NULL,NULL,NULL,NULL,'PANGANIBAN CAMARINES NORTE',NULL,'30 days','2023-12-09',NULL,12500,1500,14000,'Printed','2023-11-09','','Void Reason:',NULL,'2023-11-08 03:50:08','2023-11-08 04:21:16'),('203997','PBI-2023-29','DR. MOISES V. CACAWA MEMORIAL HOSPITAL',NULL,NULL,NULL,NULL,'DAET, CAMARINES NORTE',NULL,'30 days','2023-12-09',NULL,19664.87,2359.78,22024.65,'Printed','2023-11-09','','Void Reason:',NULL,'2023-11-08 03:51:55','2023-11-08 04:26:58'),('203998','PLL-2017-25','LAGUNA DOCTORS HOSPITAL, INC.','004-140-493-000',NULL,NULL,NULL,'P. GUEVARRA EXT.,SITIO MAPAGMAHAL,BRGY. PAGSAWITAN, STA. CRUZ, LAGUNA','7090','30 days','2023-12-09',NULL,2828.57,339.43,3168,'Printed','2023-11-09','','Void Reason:',NULL,'2023-11-08 07:24:17','2023-11-08 07:39:21'),('203999','PLL-2017-25','LAGUNA DOCTORS HOSPITAL, INC.','004-140-493-000',NULL,NULL,NULL,'P. GUEVARRA EXT.,SITIO MAPAGMAHAL,BRGY. PAGSAWITAN, STA. CRUZ, LAGUNA','7053','30 days','2023-12-09',NULL,797.32,95.68,893,'Printed','2023-11-09','','Void Reason:',NULL,'2023-11-08 07:06:56','2023-11-08 07:47:24'),('204009','PUL-2015-06','ST. JAMES HOSPITAL, INC','003-826-904-000',NULL,NULL,NULL,'DITA, CITY OF STA. ROSA , LAGUNA','202300161','30 days','2023-12-10',NULL,4285.71,514.29,4800,'Printed','2023-11-10','','Void Reason:',NULL,'2023-11-09 06:02:07','2023-11-09 06:47:47'),('204010','PUL-2016-22','DIVINE MERCY HOSPITAL, INC','000-623-227-00000',NULL,NULL,NULL,'LOT 9 & 10 AMANTE SUBDIVISION BRGY. NUEVA CITY OF SAN PEDRO, LAGUNA','2023100133','30 days','2023-12-10',NULL,2720.98,326.52,3047.5,'Printed','2023-11-10','','Void Reason:',NULL,'2023-11-09 06:06:01','2023-11-09 06:55:42'),('204011','51','MERCADO GENERAL HOSPITAL STA. ROSA, INC','008-638-823-000',NULL,NULL,NULL,'NUVALI NORTH, STO. DOMINGO, STA. ROSA CITY, LAGUNA','231002619','30 days','2023-12-10',NULL,1776.79,213.21,1990,'Printed','2023-11-10','','Void Reason:',NULL,'2023-11-09 06:35:15','2023-11-09 06:58:36'),('204012','51','MERCADO GENERAL HOSPITAL STA. ROSA, INC','008-638-823-000',NULL,NULL,NULL,'NUVALI NORTH, STO. DOMINGO, STA. ROSA CITY, LAGUNA','231003278','30 days','2023-12-10',NULL,1776.79,213.21,1990,'Printed','2023-11-10','','Void Reason:',NULL,'2023-11-09 06:36:38','2023-11-09 07:03:07'),('204062','PUL-2016-22','DIVINE MERCY HOSPITAL, INC','000-623-227-00000',NULL,NULL,NULL,'LOT 9 & 10 AMANTE SUBDIVISION BRGY. NUEVA CITY OF SAN PEDRO, LAGUNA','2023090088','30 days','2023-12-10',NULL,1503.75,180.45,1684.2,'Printed','2023-11-10','','Void Reason:',NULL,'2023-11-10 00:31:45','2023-11-10 00:40:01'),('204071','PBI-2023-59','MEDICAL MISSION GROUP',NULL,NULL,NULL,NULL,'NABUA, CAMARINES SUR',NULL,'30 days','2023-12-17',NULL,2446.88,293.63,2740.5,'Printed','2023-11-17','','Void Reason:',NULL,'2023-11-14 07:23:08','2023-11-15 01:56:05'),('204072','PBI-2023-58','TANCHULING GENERAL HOSPITAL',NULL,NULL,NULL,NULL,'LEGASPI CITY, ALBAY',NULL,'30 days','2023-12-20',NULL,1620.54,194.46,1815,'Printed','2023-11-20','','Void Reason:',NULL,'2023-11-14 07:26:20','2023-11-15 01:57:24'),('204073','PBI-2023-58','TANCHULING GENERAL HOSPITAL',NULL,NULL,NULL,NULL,'LEGASPI CITY, ALBAY',NULL,'30 days','2023-12-20',NULL,324.11,38.89,363,'Printed','2023-11-20','','Void Reason:',NULL,'2023-11-14 08:27:47','2023-11-15 01:58:52'),('204078','52','BLESCES DIAGNOSTIC LABORATORY','618-880-167-00000',NULL,NULL,NULL,'A. MABINI ST., BARANGAY V-B (POB.,) SAN PABLO CITY LAGUNA',NULL,'30 days','2023-12-16',NULL,6000,720,6720,'Printed','2023-11-16','','Void Reason:',NULL,'2023-11-15 06:30:13','2023-11-15 07:22:15'),('204082','PLL-2023-60','BINAN LABORATORY CLINIC',NULL,NULL,NULL,NULL,'2ND FLOOR OSPITAL NG BINAN OPD BUILDING BRGY. CANLALAY BINAN CITY LAGUNA','025','30 days','2023-12-17',NULL,3895.25,467.43,4362.68,'Printed','2023-11-17','','Void Reason:',NULL,'2023-11-16 05:53:17','2023-11-16 05:54:56'),('204098','PBI-2023-29','DR. MOISES V. CACAWA MEMORIAL HOSPITAL',NULL,NULL,NULL,NULL,'DAET, CAMARINES NORTE',NULL,'30 days','2023-12-16',NULL,1206.4,144.77,1351.17,'Printed','2023-11-16','','Void Reason:',NULL,'2023-11-16 00:35:55','2023-11-16 00:52:40'),('204099','48','STA MARIA JOSEFA HOSPITAL FOUNDATION INC.','004-194-525-000',NULL,NULL,NULL,'SERVANTS OF JESUS AVE., ZONE 2 FRANCIA, IRIGA CITY','21','30 DAYS','2023-12-17',NULL,17631.74,2115.81,19747.55,'Printed','2023-11-17','','Void Reason:',NULL,'2023-11-16 00:38:27','2023-11-16 00:54:10'),('204140','PLL-2015-16','ABR MULTI AND SPECIALIST CLINIC',NULL,NULL,NULL,NULL,'PAKIL, LAGUNA',NULL,'30 days','2023-12-22',NULL,10332.86,1239.94,11572.8,'Printed','2023-11-22','','Void Reason:',NULL,'2023-11-21 07:49:59','2023-11-21 07:57:00'),('204141','PLL-2017-25','LAGUNA DOCTORS HOSPITAL, INC.','004-140-493-000',NULL,NULL,NULL,'P. GUEVARRA EXT.,SITIO MAPAGMAHAL,BRGY. PAGSAWITAN, STA. CRUZ, LAGUNA','7123','30 days','2023-12-23',NULL,3714.29,445.71,4160,'Printed','2023-11-23','','Void Reason:',NULL,'2023-11-22 02:28:04','2023-11-22 07:58:57'),('204144','PUL-2018-17','PAMANA MEDICAL CENTER','322-006-369-000',NULL,NULL,NULL,'NATIONAL HIGHWAY, BRGY. HALAG, CALAMBA CITY','4643','30 days','2023-12-22',NULL,2871.43,344.57,3216,'Printed','2023-11-22','','Void Reason:',NULL,'2023-11-22 06:09:16','2023-11-22 06:11:58'),('204167','PBA-2021-61','ST. ANDREW HOSPITAL',NULL,NULL,NULL,NULL,'TALISAY, BATANGAS',NULL,'30 days','2023-12-24',NULL,9095.82,1091.5,10187.32,'Printed','2023-11-24','','Void Reason:',NULL,'2023-11-23 07:37:27','2023-11-23 09:04:50'),('204168','PLL-2023-60','BINAN LABORATORY CLINIC',NULL,NULL,NULL,NULL,'2ND FLOOR OSPITAL NG BINAN OPD BUILDING BRGY. CANLALAY BINAN CITY LAGUNA','025','30 days','2023-12-24',NULL,6160,739.2,6899.2,'Printed','2023-11-24','','Void Reason:',NULL,'2023-11-23 07:40:54','2023-11-23 09:06:14'),('204169','PUL-2016-22','DIVINE MERCY HOSPITAL, INC','000-623-227-00000',NULL,NULL,NULL,'LOT 9 & 10 AMANTE SUBDIVISION BRGY. NUEVA CITY OF SAN PEDRO, LAGUNA','202310020','30 days','2023-12-24',NULL,12363.04,1483.56,13846.6,'Printed','2023-11-24','','Void Reason:',NULL,'2023-11-23 07:48:32','2023-11-23 09:07:26'),('204170','PUL-2016-22','DIVINE MERCY HOSPITAL, INC','000-623-227-00000',NULL,NULL,NULL,'LOT 9 & 10 AMANTE SUBDIVISION BRGY. NUEVA CITY OF SAN PEDRO, LAGUNA','2023110051','30 days','2023-12-24',NULL,3481.47,417.78,3899.25,'Printed','2023-11-24','','Void Reason:',NULL,'2023-11-23 07:53:05','2023-11-23 09:08:34'),('204222','49','ALBAY DOCTOR\'S HOSPITAL, INC.','005-769-508-000',NULL,NULL,NULL,'PE?ARDA ST. LEGAZPI CITY','3595','30 days','2024-01-03',NULL,20751.35,2490.16,23241.51,'Printed','2023-12-04','','Void Reason:',NULL,'2023-11-29 09:41:00','2023-11-29 10:05:40'),('204223','PBI-2023-59','MEDICAL MISSION GROUP',NULL,NULL,NULL,NULL,'NABUA, CAMARINES SUR',NULL,'30 days','2023-12-31',NULL,2783.3,334,3117.3,'Printed','2023-12-01','','Void Reason:',NULL,'2023-11-29 09:48:51','2023-11-29 10:58:22'),('204224','37','BATANGAS HEALTHCARE SPECIALIST MEDICAL CENTER','008-033-036-00000',NULL,NULL,NULL,'DIVERSION ROAD ALANGILAN BATANGAS CITY BATANGAS','5027','30 days','2023-12-30',NULL,4322.59,518.71,4841.3,'Printed','2023-11-30','','Void Reason:',NULL,'2023-11-29 09:54:26','2023-11-29 11:01:56'),('204256','PUL-2016-22','DIVINE MERCY HOSPITAL, INC','000-623-227-00000',NULL,NULL,NULL,'LOT 9 & 10 AMANTE SUBDIVISION BRGY. NUEVA CITY OF SAN PEDRO, LAGUNA','2023110051','30 days','2023-12-31',NULL,982.14,117.86,1100,'Printed','2023-12-01','','Void Reason:',NULL,'2023-11-30 07:37:16','2023-11-30 09:17:37'),('204257','55','METRO SOUTH MEDICAL CENTER','009-436-827-000',NULL,NULL,NULL,'NATIONAL ROAD MOLINO IV, BACOOR CAVITE','3346','30 days','2023-12-31',NULL,2008.93,241.07,2250,'Printed','2023-12-01','','Void Reason:',NULL,'2023-11-30 08:15:13','2023-11-30 09:47:37'),('204294','PUL-2016-22','DIVINE MERCY HOSPITAL, INC','000-623-227-00000',NULL,NULL,NULL,'LOT 9 & 10 AMANTE SUBDIVISION BRGY. NUEVA CITY OF SAN PEDRO, LAGUNA','2023110084','30 days','2024-01-06',NULL,7648.18,917.78,8565.96,'Printed','2023-12-07','','Void Reason:',NULL,'2023-12-06 10:27:35','2023-12-06 10:38:21'),('404232','PLU-2015-27','LUCENA UNITED DOCTORS INCORPORATED','001-398-353-00000',NULL,NULL,NULL,'BRGY. ISABANG LUCENA CITY, QUEZON','11793','30 days','2023-12-30',NULL,2496,299.52,2795.52,'Printed','2023-11-30','','Void Reason:',NULL,'2023-11-29 10:04:09','2023-11-29 10:09:33');
/*!40000 ALTER TABLE `tbl_new_invoice` ENABLE KEYS */;
UNLOCK TABLES;

--
-- Table structure for table `tbl_new_invoicedetails`
--

DROP TABLE IF EXISTS `tbl_new_invoicedetails`;
/*!40101 SET @saved_cs_client     = @@character_set_client */;
/*!40101 SET character_set_client = utf8 */;
CREATE TABLE `tbl_new_invoicedetails` (
  `ItemNum` int(11) NOT NULL AUTO_INCREMENT,
  `InvoiceNum` varchar(11) DEFAULT NULL,
  `ProductCatalog` varchar(255) DEFAULT NULL,
  `Description` varchar(255) DEFAULT NULL,
  `Category` varchar(255) NOT NULL,
  `Quantity` int(11) NOT NULL,
  `Unit` varchar(255) NOT NULL,
  `LotNumber` varchar(255) DEFAULT NULL,
  `Expiry` date DEFAULT NULL,
  `UnitPrice` double DEFAULT NULL,
  `Amount` double DEFAULT NULL,
  `created_at` datetime DEFAULT NULL,
  `updated_at` datetime DEFAULT NULL,
  PRIMARY KEY (`ItemNum`)
) ENGINE=InnoDB AUTO_INCREMENT=95 DEFAULT CHARSET=utf8mb4;
/*!40101 SET character_set_client = @saved_cs_client */;

--
-- Dumping data for table `tbl_new_invoicedetails`
--

LOCK TABLES `tbl_new_invoicedetails` WRITE;
/*!40000 ALTER TABLE `tbl_new_invoicedetails` DISABLE KEYS */;
INSERT INTO `tbl_new_invoicedetails` VALUES (2,'203936','IDDL2022015','Mueller Hinton Agar Plate (Big)','Other Products',6,'Box','10243306','2023-12-24',1669.54,10017.24,'2023-10-26 04:53:52','2023-10-26 04:53:52'),(3,'203964','IDDL2022001','Blood Agar Plate with 5% Sheeps Blood','Other Products',2,'10 pcs/pack','10212301','2023-12-23',749.1,1498.2,'2023-10-26 10:07:04','2023-10-26 10:07:04'),(4,'203964','IDDL2022008','Chocolate Agar Plate with Supplement','Other Products',2,'10 pcs/pack','10212308','2023-12-01',869,1738,'2023-10-26 10:16:57','2023-10-26 10:16:57'),(5,'203964','IDDL2022002','MaC Conkey Agar Plate','Other Products',2,'10 pcs/pack','10212302','2023-12-01',689.9,1379.8,'2023-10-26 10:17:40','2023-10-26 10:17:40'),(6,'203964','IDDL2022022','Sheeps Blood Agar/McConkey Agar Plate','Other Products',2,'10 pcs/pack','10212324','2023-12-01',806.4,1612.8,'2023-10-26 10:19:25','2023-10-26 10:19:25'),(7,'203965','LABASIA2022002','Wondfo APTT Activated Partial Thromboplastin Time 24\'s','Other Products',1,'BOX','F48116C01E','2024-06-01',4169.6,4169.6,'2023-10-26 10:30:47','2023-10-26 10:30:47'),(8,'203965','LABASIA2022001','Wondfo Prothrombin Time 24\'s','Other Products',2,'BOX','F480161310E','2024-05-01',4169.6,8339.2,'2023-10-26 10:32:23','2023-10-26 10:32:23'),(9,'203966','MCTC2022021','37% FORMALIN','Other Products',1,'GALLON','9-23-1',NULL,2752,2752,'2023-10-26 10:35:00','2023-10-26 10:35:00'),(10,'203936','IDDL2022032','Triple Sugar Iron Agar','Other Products',4,'10 pcs/pack','10242332','2024-01-01',650.5,2602,'2023-11-07 03:48:05','2023-11-07 03:48:05'),(11,'203936','IDDL2022033','Lysine Iron Agar','Other Products',4,'10 pcs/pack','10242333','2024-01-01',650.5,2602,'2023-11-07 03:48:27','2023-11-07 03:48:27'),(12,'203936','IDDL2022034','Sulfide Indole Motility Agar','Other Products',4,'10 pcs/pack','10242334','2024-01-01',650.5,2602,'2023-11-07 03:48:56','2023-11-07 03:48:56'),(13,'203936','IDDL2022035','Simmon Citrate','Other Products',4,'10 pcs/pack','10242335','2024-01-01',650.5,2602,'2023-11-07 03:49:24','2023-11-07 03:49:24'),(14,'203990','IDDL2022002','MaC Conkey Agar Plate','Other Products',1,'10 pcs/pack','10212302','2023-12-01',758.91,758.91,'2023-11-07 03:55:53','2023-11-07 03:55:53'),(15,'203990','IDDL2022010','Mannitol Salt Agar','Other Products',1,'10 pcs/pack','10212313','2023-12-01',975.74,975.74,'2023-11-07 03:56:43','2023-11-07 03:56:43'),(16,'203991','TRULAB2022120','TRULAB - YELLOW TIPS WITH CROWN - 200UL','Other Products',1,'PACK','36010200B',NULL,831.6,831.6,'2023-11-07 04:25:50','2023-11-07 04:25:50'),(17,'203996','ELEVATE2023002','WONDFO - COVID AG TEST KIT','Other Products',5,'BOX','96P0010','2025-02-01',2800,14000,'2023-11-08 03:50:38','2023-11-08 03:50:38'),(19,'203997','MCTC2022011','GRAM STAIN','Other Products',1,'BOX','5-23-1','2025-05-01',3940.2,3940.2,'2023-11-08 03:54:24','2023-11-08 03:54:24'),(20,'203997','MCTC2022011','GRAM STAIN','Other Products',1,'BOX','8-23-1','2025-08-01',3940.2,3940.2,'2023-11-08 03:54:42','2023-11-08 03:54:42'),(21,'203997','MCTC2022023','PAPANICOLLUA STAIN SET','Other Products',2,'BOX','5-23-1','2025-05-01',6396.54,12793.08,'2023-11-08 03:55:16','2023-11-08 03:55:16'),(22,'203997','MCTC2022010','Anti Sera D','Other Products',1,'VIAL','2311-083-01','2025-08-01',1351.17,1351.17,'2023-11-08 03:55:43','2023-11-08 03:55:43'),(27,'203999','GOLDQUEST2022029','KANAMYCIN - 30 mcg','Other Products',1,'50 DISC/CART','230829F','2026-02-28',253,253,'2023-11-08 07:07:46','2023-11-08 07:07:46'),(28,'203999','GOLDQUEST2022015','CEFTAZIDIME - 30 mcg','Other Products',1,'50 DISC/CART','230601I','2025-02-28',320,320,'2023-11-08 07:08:25','2023-11-08 07:08:25'),(29,'203999','GOLDQUEST2022013','CEFOTAXIME - 30 mcg','Other Products',1,'50 DISC/CART','230925A','2025-09-30',320,320,'2023-11-08 07:08:52','2023-11-08 07:08:52'),(30,'203998','GOLDQUEST2022057','V FACTOR','Other Products',1,'50 DISC/CART','231003K','2025-03-04',1056,1056,'2023-11-08 07:34:34','2023-11-08 07:34:34'),(31,'203998','GOLDQUEST2022055','X FACTOR','Other Products',1,'50 DISC/CART','230606I','2024-03-12',1056,1056,'2023-11-08 07:34:48','2023-11-08 07:34:48'),(32,'203998','GOLDQUEST2022056','X+V FACTOR','Other Products',1,'50 DISC/CART','230606K','2024-03-12',1056,1056,'2023-11-08 07:35:06','2023-11-08 07:35:06'),(33,'204009','TRULAB2022041','GLUCO PLUS - 75GRAMS','Other Products',20,'BOTTLE','LA751223','2025-09-01',240,4800,'2023-11-09 06:02:36','2023-11-09 06:02:36'),(34,'204010','NL2023002','GLASS SLIDES - 72\'S','Other Products',10,'PACK',NULL,NULL,86.25,862.5,'2023-11-09 06:06:38','2023-11-09 06:06:38'),(35,'204010','TRULAB2022019','BLUE TOP - 1.8ML - GLASS','Other Products',2,'TRAY','04720003','2024-01-05',1092.5,2185,'2023-11-09 06:13:57','2023-11-09 06:13:57'),(36,'204011','MCTC2022019','ETHANOL ABSOLUTE 95%','Other Products',1,'GALLON','9-23-1',NULL,1990,1990,'2023-11-09 06:35:34','2023-11-09 06:35:34'),(37,'204012','MCTC2022019','ETHANOL ABSOLUTE 95%','Other Products',1,'GALLON','9-23-1',NULL,1990,1990,'2023-11-09 06:37:09','2023-11-09 06:37:09'),(38,'204062','TRULAB2022125','TRULAB - APPLICATOR STICK - 1000S','Other Products',2,'BOX',NULL,NULL,487.6,975.2,'2023-11-10 00:32:50','2023-11-10 00:32:50'),(39,'204062','TRULAB2022066','TRULAB - MICROTAINER YELLOW - 0.5ML','Other Products',1,'TRAY','A43008','2025-01-01',709,709,'2023-11-10 00:35:15','2023-11-10 00:35:15'),(40,'204071','TRULAB2022066','TRULAB - MICROTAINER YELLOW - 0.5ML','Other Products',3,'TRAY','A43008','2025-01-01',913.5,2740.5,'2023-11-14 07:24:19','2023-11-14 07:24:19'),(41,'204072','GOLDQUEST2022003','AMPICILLIN - 10 mcg','Other Products',1,'50 DISC/CART','231005D','2025-04-30',363,363,'2023-11-14 07:26:41','2023-11-14 07:26:41'),(42,'204072','GOLDQUEST2022013','CEFOTAXIME - 30 mcg','Other Products',2,'50 DISC/CART','230925A','2025-09-30',363,726,'2023-11-14 07:27:48','2023-11-14 07:27:48'),(43,'204072','GOLDQUEST2022015','CEFTAZIDIME - 30 mcg','Other Products',2,'50 DISC/CART','230601I','2025-02-28',363,726,'2023-11-14 07:28:06','2023-11-14 07:28:06'),(44,'204073','GOLDQUEST2022003','AMPICILLIN - 10 mcg','Other Products',1,'50 DISC/CART','231005D','2025-04-30',363,363,'2023-11-14 08:28:06','2023-11-14 08:28:06'),(45,'204078','LABASIA2022001','Wondfo Prothrombin Time 24\'s','Other Products',2,'BOX','F480161310E','2024-05-01',3360,6720,'2023-11-15 06:34:27','2023-11-15 06:34:27'),(46,'204098','MCTC2022010','Anti Sera D','Other Products',1,'VIAL','1510002',NULL,1351.17,1351.17,'2023-11-16 00:36:39','2023-11-16 00:36:39'),(47,'204099','IDDL2022015','Mueller Hinton Agar Plate (Big)','Other Products',5,'10 pcs/pack','11112306','2024-11-01',1669.54,8347.7,'2023-11-16 00:39:23','2023-11-16 00:39:23'),(48,'204099','IDDL2022001','Blood Agar Plate with 5% Sheeps Blood','Other Products',6,'10 pcs/pack','11112301','2024-04-01',824.03,4944.18,'2023-11-16 00:39:56','2023-11-16 00:39:56'),(49,'204099','IDDL2022002','MaC Conkey Agar Plate','Other Products',5,'10 pcs/pack','11112302','2024-11-01',758.91,3794.5499999999997,'2023-11-16 00:40:34','2023-11-16 00:40:34'),(50,'204099','IDDL2022022','Sheeps Blood Agar/McConkey Agar Plate','Other Products',3,'10 pcs/pack','11112324','2024-11-01',887.04,2661.12,'2023-11-16 00:43:16','2023-11-16 00:43:16'),(51,'204082','MEDTEK2022011','INTEC - Infectious Disease - HBsAg Test - Serum/Plasma - Strip','Other Products',2,'50 per kit','GJ22121721','2024-10-01',2181.34,4362.68,'2023-11-16 05:54:14','2023-11-16 05:54:14'),(52,'204140','MEDTEK2022177','DREW-3 - Reagents & Controls - DREW 3 Pack','Other Products',1,'360T per pack','1045','2024-08-03',11572.8,11572.8,'2023-11-21 07:52:46','2023-11-21 07:52:46'),(53,'204141','TRULAB2022053','TRULAB - INOCULATION LOOP 1UL & 10UL - 100','Other Products',5,'BOX','222080',NULL,832,4160,'2023-11-22 02:30:44','2023-11-22 02:30:44'),(54,'204144','ELEVATE2023002','WONDFO - COVID AG TEST KIT','Other Products',3,'BOX','96P0010','2025-02-01',1072,3216,'2023-11-22 06:09:44','2023-11-22 06:09:44'),(55,'204167','MEDTEK2022177','DREW-3 - Reagents & Controls - DREW 3 Pack','Other Products',1,'360T per pack','1045','2024-08-03',10187.32,10187.32,'2023-11-23 07:39:40','2023-11-23 07:39:40'),(56,'204168','MCTC2022001','HEMA QUICK STAIN','Other Products',1,'BOTTLE',NULL,NULL,4556.8,4556.8,'2023-11-23 07:42:24','2023-11-23 07:42:24'),(57,'204168','MCTC2022008','Anti Sera A','Other Products',1,'VIAL',NULL,NULL,742.4,742.4,'2023-11-23 07:42:50','2023-11-23 07:42:50'),(58,'204168','MCTC2022009','Anti Sera B','Other Products',1,'VIAL',NULL,NULL,742.4,742.4,'2023-11-23 07:43:17','2023-11-23 07:43:17'),(59,'204168','MCTC2022010','Anti Sera D','Other Products',1,'VIAL',NULL,NULL,857.6,857.6,'2023-11-23 07:43:44','2023-11-23 07:43:44'),(60,'204169','MCTC2022001','HEMA QUICK STAIN','Other Products',2,'BOTTLE',NULL,NULL,6923.3,13846.6,'2023-11-23 07:49:02','2023-11-23 07:49:02'),(61,'204170','TRULAB2022017','TRULAB - BLUE TIPS - W/O CROWN -1000UL','Other Products',2,'PACK','220720','2032-07-01',680,1360,'2023-11-23 07:53:38','2023-11-23 07:53:38'),(62,'204170','TRULAB2022066','TRULAB - MICROTAINER YELLOW - 0.5ML','Other Products',1,'TRAY','A43008','2025-01-01',1418,1418,'2023-11-23 07:55:01','2023-11-23 07:55:01'),(65,'204170','TRULAB2022041','GLUCO PLUS - 75GRAMS','Other Products',5,'BOTTLE','LA751223','2025-09-01',224.25,1121.25,'2023-11-23 07:57:47','2023-11-23 07:57:47'),(66,'204222','IDDL2022008','Chocolate Agar Plate with Supplement','Other Products',3,'10 pcs/pack',NULL,NULL,985.6,2956.8,'2023-11-29 09:41:42','2023-11-29 09:41:42'),(67,'204222','IDDL2022001','Blood Agar Plate with 5% Sheeps Blood','Other Products',15,'10 pcs/pack',NULL,NULL,824.03,12360.449999999999,'2023-11-29 09:42:34','2023-11-29 09:42:34'),(68,'204222','IDDL2022042','Thioglycolate Broth','Other Products',2,'10 pcs/pack',NULL,NULL,650.5,1301,'2023-11-29 09:43:11','2023-11-29 09:43:11'),(69,'204222','IDDL2022043','Tryptic Soy Borth','Other Products',2,'10 pcs/pack',NULL,NULL,650.5,1301,'2023-11-29 09:43:32','2023-11-29 09:43:32'),(70,'204222','IDDL2022046','Selnite F Broth','Other Products',1,'10 pcs/pack',NULL,NULL,650.5,650.5,'2023-11-29 09:44:28','2023-11-29 09:44:28'),(71,'204222','IDDL2022047','Alkaline Peptone Water','Other Products',1,'10 pcs/pack',NULL,NULL,650.5,650.5,'2023-11-29 09:44:47','2023-11-29 09:44:47'),(72,'204222','IDDL2022034','Sulfide Indole Motility Agar','Other Products',3,'10 pcs/pack',NULL,NULL,650.5,1951.5,'2023-11-29 09:45:15','2023-11-29 09:45:15'),(73,'204222','IDDL2022023','Gentamicin Blood/Bacitracin Chocolate Agar Plate','Other Products',1,'10 pcs/pack',NULL,NULL,1084.16,1084.16,'2023-11-29 09:45:40','2023-11-29 09:45:40'),(74,'204222','IDDL2022025','Thiosulfate Citrate Bile Salts/Salmonella Shigella Agar','Other Products',1,'10 pcs/pack',NULL,NULL,985.6,985.6,'2023-11-29 09:47:38','2023-11-29 09:47:38'),(76,'204224','GOLDQUEST2022031','LEVOFLOXACIN - 5 mcg','Other Products',2,'50 DISC/CART','231004A','2026-02-28',320.1,640.2,'2023-11-29 09:55:27','2023-11-29 09:55:27'),(77,'204224','GOLDQUEST2022004','AMOXICILLIN+CLAVULANIC - 20+10 mcg','Other Products',2,'50 DISC/CART','230926B',NULL,320.1,640.2,'2023-11-29 09:55:44','2023-11-29 09:55:44'),(78,'204224','GOLDQUEST2022003','AMPICILLIN - 10 mcg','Other Products',1,'50 DISC/CART','231005D','2025-04-30',320.1,320.1,'2023-11-29 09:56:06','2023-11-29 09:56:06'),(79,'204224','GOLDQUEST2022009','CEFAZOLIN - 30 mcg','Other Products',2,'50 DISC/CART',NULL,NULL,320.1,640.2,'2023-11-29 09:56:34','2023-11-29 09:56:34'),(80,'204224','GOLDQUEST2022012','CEFEPIME - 30 mcg','Other Products',2,'50 DISC/CART',NULL,NULL,340,680,'2023-11-29 09:56:51','2023-11-29 09:56:51'),(81,'204224','GOLDQUEST2022015','CEFTAZIDIME - 30 mcg','Other Products',1,'50 DISC/CART','230601I','2025-02-28',320.1,320.1,'2023-11-29 09:57:07','2023-11-29 09:57:07'),(82,'204224','GOLDQUEST2022028','IMIPENEM - 10 mcg','Other Products',2,'50 DISC/CART',NULL,NULL,320.1,640.2,'2023-11-29 09:57:50','2023-11-29 09:57:50'),(83,'204224','GOLDQUEST2022048','TAZOBACTAM+PIPERACILLIN - 10+100 mcg','Other Products',2,'50 DISC/CART',NULL,NULL,320.1,640.2,'2023-11-29 09:58:06','2023-11-29 09:58:06'),(84,'404232','IDDL2022004','Gentamicin Blood Agar Plate','Other Products',2,'10 pcs/pack',NULL,NULL,806.4,1612.8,'2023-11-29 10:04:35','2023-11-29 10:04:35'),(85,'404232','IDDL2022042','Thioglycolate Broth','Other Products',2,'10 pcs/pack',NULL,NULL,591.36,1182.72,'2023-11-29 10:04:54','2023-11-29 10:04:54'),(86,'204223','ELEVATE2023003','WONDFO - HCG U/S TEST KIT','Other Products',3,'BOX',NULL,NULL,1039.1,3117.2999999999997,'2023-11-29 10:57:47','2023-11-29 10:57:47'),(87,'204224','GOLDQUEST2022017','CEFTRIAXONE - 30 mcg','Other Products',1,'50 DISC/CART',NULL,NULL,320.1,320.1,'2023-11-29 10:59:40','2023-11-29 10:59:40'),(88,'204256','TRULAB2022042','BRANDEN - GREEN TOP - 4ML - GLASS','Other Products',1,'TRAY',NULL,NULL,1100,1100,'2023-11-30 07:37:35','2023-11-30 07:37:35'),(89,'204257','NL2023002','GLASS SLIDES - 72\'S','Other Products',10,'PACK',NULL,NULL,75,750,'2023-11-30 08:15:33','2023-11-30 08:15:33'),(90,'204257','TRULAB2022041','GLUCO PLUS - 75GRAMS','Other Products',10,'BOTTLE','LA751223','2025-09-01',150,1500,'2023-11-30 08:15:53','2023-11-30 08:15:53'),(91,'204294','TRULAB2022017','TRULAB - BLUE TIPS - W/O CROWN -1000UL','Other Products',3,'PACK','220720','2032-07-01',680,2040,'2023-12-06 10:28:27','2023-12-06 10:28:27'),(92,'204294','TRULAB2022119','TRULAB - YELLOW TIPS W/O CROWN','Other Products',1,'PACK','221539',NULL,678.5,678.5,'2023-12-06 10:29:52','2023-12-06 10:29:52'),(93,'204294','NL2023002','GLASS SLIDES - 72\'S','Other Products',10,'PACK',NULL,NULL,86.25,862.5,'2023-12-06 10:30:43','2023-12-06 10:30:43'),(94,'204294','TRULAB2022127','INSIGHT - MICRAL TEST','Other Products',1,'BOX','URS2120061','2024-09-01',4984.96,4984.96,'2023-12-06 10:33:45','2023-12-06 10:33:45');
/*!40000 ALTER TABLE `tbl_new_invoicedetails` ENABLE KEYS */;
UNLOCK TABLES;

--
-- Table structure for table `tbl_new_poproducts`
--

DROP TABLE IF EXISTS `tbl_new_poproducts`;
/*!40101 SET @saved_cs_client     = @@character_set_client */;
/*!40101 SET character_set_client = utf8 */;
CREATE TABLE `tbl_new_poproducts` (
  `ID` int(11) NOT NULL AUTO_INCREMENT,
  `PONumber` varchar(255) DEFAULT NULL,
  `Catalogue` varchar(255) DEFAULT NULL,
  `Unit` varchar(255) DEFAULT NULL,
  `Description` varchar(255) DEFAULT NULL,
  `Quantity` varchar(255) DEFAULT NULL,
  `UnitCost` varchar(255) DEFAULT NULL,
  `Amount` varchar(255) DEFAULT NULL,
  `created_at` date NOT NULL,
  `updated_at` date NOT NULL,
  PRIMARY KEY (`ID`)
) ENGINE=InnoDB AUTO_INCREMENT=229 DEFAULT CHARSET=latin1;
/*!40101 SET character_set_client = @saved_cs_client */;

--
-- Dumping data for table `tbl_new_poproducts`
--

LOCK TABLES `tbl_new_poproducts` WRITE;
/*!40000 ALTER TABLE `tbl_new_poproducts` DISABLE KEYS */;
INSERT INTO `tbl_new_poproducts` VALUES (1,'217','8196057','Box','ALBUMIN 50x5','1','4,645.20','4645.2','2023-10-03','2023-10-03'),(2,'217','6844288','Box','ALTV 50x5','8','4,641.00','37128','2023-10-03','2023-10-03'),(3,'217','6844471','Box','CHLORIDE/CL 50x5','1','4,808.25','4808.25','2023-10-03','2023-10-03'),(4,'217','6844430','Box','LDH 50x5','1','5,246.50','5246.5','2023-10-03','2023-10-03'),(5,'217','8157596','Box','POTASSIUM/K+ 50x5','3','4,314.80','12944.400000000001','2023-10-03','2023-10-03'),(6,'217','8379034','Box','SODIUM/NA+ 50x5','3','4,314.80','12944.400000000001','2023-10-03','2023-10-03'),(7,'217','8392292','Box','TOTAL PROTEIN 50x5','1','4,853.80','4853.8','2023-10-03','2023-10-03'),(8,'217','6802584','Box','CREATININE 60x5','13','4,748.80','61734.4','2023-10-03','2023-10-03'),(9,'217','1053180','Box','ALKP 60x5','1','5,106.00','5106','2023-10-03','2023-10-03'),(10,'217','8102204','Box','BUN 60x5','7','4,748.80','33241.6','2023-10-03','2023-10-03'),(11,'217','1669829','Box','CHOLESTEROL 60x5','7','4,762.80','33339.6','2023-10-03','2023-10-03'),(12,'217','1707801','Box','GLUCOSE 60x5','4','4,725.70','18902.8','2023-10-03','2023-10-03'),(13,'217','1513209','Box','PHOSPHORUS 60x5','1','6,240.00','6240','2023-10-03','2023-10-03'),(14,'217','8159931','Box','TOT BILIRUBIN 60x5','1','5,103.00','5103','2023-10-03','2023-10-03'),(15,'217','1336544','Box','TRIGLYCERIDES 60x5','5','4,762.80','23814','2023-10-03','2023-10-03'),(16,'217','1943927','Box','URIC ACID 60x5','9','4,725.70','42531.299999999996','2023-10-03','2023-10-03'),(17,'217','8433815','Box','AST 60x5','6','5,569.20','33415.2','2023-10-03','2023-10-03'),(18,'217','1988211','Box','ALBUMIN 18x5','1','1,670.90','1670.9','2023-10-03','2023-10-03'),(19,'217','8112724','Box','AMYLASE 18x5','2','1,739.25','3478.5','2023-10-03','2023-10-03'),(20,'217','1924547','Box','IRON 18x5','2','1,936.50','3873','2023-10-03','2023-10-03'),(21,'217','8297749','Box','LIPASE 18x5','4','2,014.50','8058','2023-10-03','2023-10-03'),(22,'217','1921204','Box','MAGNESIUM 18x5','4','1,739.25','6957','2023-10-03','2023-10-03'),(23,'217','6800120','Box','URINE PROTEIN 18x5','2','1,879.50','3759','2023-10-03','2023-10-03'),(24,'217','1882208','Box','Cal Kit 1','1','3,129.00','3129','2023-10-03','2023-10-03'),(25,'217','1662659','Box','Cal Kit 2','1','3,129.00','3129','2023-10-03','2023-10-03'),(26,'217','1290709','Box','Cal Kit 3','2','2,165.25','4330.5','2023-10-03','2023-10-03'),(27,'217','1204668','Box','Cal Kit 4','1','2,166.00','2166','2023-10-03','2023-10-03'),(28,'217','6801896','Box','Cal Kit 25','1','5,586.00','5586','2023-10-03','2023-10-03'),(29,'217','8067324','Box','PER VER I','2','3,297.00','6594','2023-10-03','2023-10-03'),(30,'217','8262487','Box','7% BSA SOLUTION','1','1,749.75','1749.75','2023-10-03','2023-10-03'),(31,'217','6844464','Box','300 Reference Fluid','2','5,985.00','11970','2023-10-03','2023-10-03'),(32,'217','1247873','Box','HUMIDITY CONTROL PKS BX/2 SETS','1','1,653.75','1653.75','2023-10-03','2023-10-03'),(33,'217','1250232','Box','DESICCANT PACKS BX/2 SETS','11','1,239.75','13637.25','2023-10-03','2023-10-03'),(34,'217','6801715','Box','Vitros VersaTip Box/1000','5','1,633.80','8169','2023-10-03','2023-10-03'),(35,'218','1912997','100','TSH 3RD REAGENT 100 WELLS','2','5,917.60','11835.2','2023-10-04','2023-10-04'),(36,'218','1487289','1','TSH CALIBRATORS 1X3','1','3,997.50','3997.5','2023-10-04','2023-10-04'),(37,'218','1387000','100','FREE T4 REAGENT 100 WELLS','2','7,600.00','15200','2023-10-04','2023-10-04'),(38,'218','1728872','1','FREE T4 CALIBRATORS 3X3','1','3,997.50','3997.5','2023-10-04','2023-10-04'),(39,'221','IDDL2022002','10 pcs/pack','MaC Conkey Agar Plate','3','431.20','1293.6','2023-10-20','2023-10-20'),(40,'221','IDDL2022010','10 pcs/pack','Mannitol Salt Agar','1','554.40','554.4','2023-10-20','2023-10-20'),(41,'221','IDDL2022001','10 pcs/pack','Blood Agar Plate with 5% Sheeps Blood','2','468.20','936.4','2023-10-20','2023-10-20'),(42,'221','IDDL2022008','10 pcs/pack','Chocolate Agar Plate with Supplement','2','560.00','1120','2023-10-20','2023-10-20'),(43,'221','IDDL2022022','10 pcs/pack','Sheeps Blood Agar/McConkey Agar Plate','2','504.00','1008','2023-10-20','2023-10-20'),(44,'220','MCTC2022021','GALLON','37% FORMALIN','1','1,720.00','1720','2023-10-20','2023-10-20'),(45,'220','MCTC2022023','BOX','PAPANICOLLUA STAIN SET','2','2,832.00','5664','2023-10-20','2023-10-20'),(47,'220','MCTC2022010','VIAL','Anti Sera D','1','536.00','536','2023-10-20','2023-10-20'),(48,'220','MCTC2022011','BOX','GRAM STAIN','2','1,744.00','3488','2023-10-20','2023-10-20'),(49,'219','UCBIOSCIENCE2022025','25 test/box','ADVIN - FOB test - Cassette - Feces','5','2,400.00','12000','2023-10-20','2023-10-20'),(50,'222','GOLDQUEST2022057','50 DISC/CART','V FACTOR','1','660.00','660','2023-10-20','2023-10-20'),(51,'222','GOLDQUEST2022055','50 DISC/CART','X FACTOR','1','660.00','660','2023-10-20','2023-10-20'),(52,'222','GOLDQUEST2022056','50 DISC/CART','X+V FACTOR','1','660.00','660','2023-10-20','2023-10-20'),(53,'220','MCTC2022019','GALLON','ETHANOL ABSOLUTE 95%','4','1064.00','4256','2023-10-20','2023-10-20'),(54,'223','TRULAB2022124','TRAY','YELLOW TOP 4ML - GLASS','18','644.00','11592','2023-10-20','2023-10-20'),(55,'223','TRULAB2022041','BOTTLE','GLUCO PLUS - 75GRAMS','30','105.00','3150','2023-10-20','2023-10-20'),(56,'223','TRULAB2022066','TRAY','TRULAB - MICROTAINER YELLOW - 0.5ML','15','385.00','5775','2023-10-20','2023-10-20'),(57,'224','IDDL2022015','10 pcs/pack','Mueller Hinton Agar Plate (Big)','6','948.60','5691.6','2023-10-23','2023-10-23'),(58,'224','IDDL2022032','10 pcs/pack','Triple Sugar Iron Agar','4','369.60','1478.4','2023-10-23','2023-10-23'),(59,'224','IDDL2022033','10 pcs/pack','Lysine Iron Agar','4','369.60','1478.4','2023-10-23','2023-10-23'),(60,'224','IDDL2022034','10 pcs/pack','Sulfide Indole Motility Agar','4','369.60','1478.4','2023-10-23','2023-10-23'),(61,'224','IDDL2022035','10 pcs/pack','Simmon Citrate','4','369.60','1478.4','2023-10-23','2023-10-23'),(62,'234','6844288','Box','ALTV 50x5','18','4,641.00','83538','2023-10-24','2023-10-24'),(63,'234','8157596','Box','POTASSIUM/K+ 50x5','3','4,314.80','12944.400000000001','2023-10-24','2023-10-24'),(64,'234','8379034','Box','SODIUM/NA+ 50x5','4','4,314.80','17259.2','2023-10-24','2023-10-24'),(65,'234','8392292','Box','TOTAL PROTEIN 50x5','1','4,853.80','4853.8','2023-10-24','2023-10-24'),(66,'234','6802584','Box','CREATININE 60x5','18','4,748.80','85478.40000000001','2023-10-24','2023-10-24'),(67,'234','1053180','Box','ALKP 60x5','1','5,106.00','5106','2023-10-24','2023-10-24'),(68,'234','8383051','Box','BUBC 60x5','1','5,079.00','5079','2023-10-24','2023-10-24'),(69,'234','8102204','Box','BUN 60x5','18','4,748.80','85478.40000000001','2023-10-24','2023-10-24'),(70,'234','1450261','Box','CALCIUM 60x5','2','5,824.00','11648','2023-10-24','2023-10-24'),(71,'234','1669829','Box','CHOLESTEROL 60x5','12','4,762.80','57153.600000000006','2023-10-24','2023-10-24'),(72,'234','8262396','Box','ENZYMATIC CO2 60x5','1','4,880.25','4880.25','2023-10-24','2023-10-24'),(73,'234','1707801','Box','GLUCOSE 60x5','17','4,725.70','80336.9','2023-10-24','2023-10-24'),(74,'234','1513209','Box','PHOSPHORUS 60x5','1','6,240.00','6240','2023-10-24','2023-10-24'),(75,'234','8159931','Box','TOT BILIRUBIN 60x5','1','5,103.00','5103','2023-10-24','2023-10-24'),(76,'234','1336544','Box','TRIGLYCERIDES 60x5','14','4,762.80','66679.2','2023-10-24','2023-10-24'),(77,'234','1943927','Box','URIC ACID 60x5','16','4,725.70','75611.2','2023-10-24','2023-10-24'),(78,'234','8433815','Box','AST 60x5','11','5,569.20','61261.2','2023-10-24','2023-10-24'),(79,'234','1988211','Box','ALBUMIN 18x5','9','1,670.90','15038.1','2023-10-24','2023-10-24'),(80,'234','8112724','Box','AMYLASE 18x5','1','1,739.25','1739.25','2023-10-24','2023-10-24'),(81,'234','1612365','Box','BUBC 18x5','3','1,531.50','4594.5','2023-10-24','2023-10-24'),(82,'234','8001133','Box','CKMB 18x5','3','2,388.00','7164','2023-10-24','2023-10-24'),(83,'234','8208431','Box','CSF PROTEIN 18x5','1','1,875.00','1875','2023-10-24','2023-10-24'),(84,'234','1924547','Box','IRON 18x5','3','1,936.50','5809.5','2023-10-24','2023-10-24'),(85,'234','8297749','Box','LIPASE 18x5','2','2,014.50','4029','2023-10-24','2023-10-24'),(86,'234','1921204','Box','MAGNESIUM 18x5','4','1,739.25','6957','2023-10-24','2023-10-24'),(87,'234','1882208','Box','Cal Kit 1','2','3,129.00','6258','2023-10-24','2023-10-24'),(88,'234','1662659','Box','Cal Kit 2','1','3,129.00','3129','2023-10-24','2023-10-24'),(89,'234','1290709','Box','Cal Kit 3','1','2,165.25','2165.25','2023-10-24','2023-10-24'),(90,'234','6801896','Box','Cal Kit 25','1','5,586.00','5586','2023-10-24','2023-10-24'),(91,'234','8067324','Box','PER VER I','1','3,297.00','3297','2023-10-24','2023-10-24'),(92,'234','8231474','Box','PER VER II','1','3,297.00','3297','2023-10-24','2023-10-24'),(93,'234','8721508','Box','ISO PER VER I','1','3,155.25','3155.25','2023-10-24','2023-10-24'),(94,'234','6800190','Box','UPRO PER VER I','1','3,155.25','3155.25','2023-10-24','2023-10-24'),(95,'234','1213115','Box','MICRO SAMPLE CUPS BOX/4000','5','3,425.25','17126.25','2023-10-24','2023-10-24'),(96,'234','6801715','Box','Vitros VersaTip Box/1000','9','1,633.80','14704.199999999999','2023-10-24','2023-10-24'),(97,'234','8867541','Box','8867541 TIBC KIT','1','4,932.75','4932.75','2023-10-24','2023-10-24'),(98,'235','6801895','Box','Direct HDL Slides 60x5','12','11,695.60','140347.2','2023-10-24','2023-10-24'),(99,'236','6844430','Box','LDH 50x5','2','5,246.50','10493','2023-10-24','2023-10-24'),(100,'236','6802584','Box','CREATININE 60x5','2','4,748.80','9497.6','2023-10-24','2023-10-24'),(101,'236','8383051','Box','BUBC 60x5','1','5,079.00','5079','2023-10-24','2023-10-24'),(102,'236','8102204','Box','BUN 60x5','1','4,748.80','4748.8','2023-10-24','2023-10-24'),(103,'236','1669829','Box','CHOLESTEROL 60x5','1','4,762.80','4762.8','2023-10-24','2023-10-24'),(104,'236','1513209','Box','PHOSPHORUS 60x5','2','6,240.00','12480','2023-10-24','2023-10-24'),(105,'236','8159931','Box','TOT BILIRUBIN 60x5','3','5,103.00','15309','2023-10-24','2023-10-24'),(106,'236','1336544','Box','TRIGLYCERIDES 60x5','1','4,762.80','4762.8','2023-10-24','2023-10-24'),(107,'236','1943927','Box','URIC ACID 60x5','1','4,725.70','4725.7','2023-10-24','2023-10-24'),(108,'236','8097990','Box','CRP 18x5','1','6,295.50','6295.5','2023-10-24','2023-10-24'),(109,'236','1921204','Box','MAGNESIUM 18x5','2','1,739.25','3478.5','2023-10-24','2023-10-24'),(110,'236','1882208','Box','Cal Kit 1','1','3,129.00','3129','2023-10-24','2023-10-24'),(111,'236','1662659','Box','Cal Kit 2','1','3,129.00','3129','2023-10-24','2023-10-24'),(112,'236','1290709','Box','Cal Kit 3','2','2,165.25','4330.5','2023-10-24','2023-10-24'),(113,'236','1320498','Box','Cal Kit 7','1','3,129.00','3129','2023-10-24','2023-10-24'),(114,'236','6801896','Box','Cal Kit 25','2','5,586.00','11172','2023-10-24','2023-10-24'),(115,'236','8067324','Box','PER VER I','1','3,297.00','3297','2023-10-24','2023-10-24'),(116,'236','8231474','Box','PER VER II','1','3,297.00','3297','2023-10-24','2023-10-24'),(117,'236','1830033','Box','IMMUNO WASH FLUID','1','5,045.25','5045.25','2023-10-24','2023-10-24'),(118,'236','6844464','Box','300 Reference Fluid','1','5,985.00','5985','2023-10-24','2023-10-24'),(119,'237','6801895','Box','Direct HDL Slides 60x5','3','11,695.60','35086.8','2023-10-24','2023-10-24'),(120,'238','6844430','90 Tests','LACTATE DEHYDROGENASE (LDHI)','1','1,379.98','1379.98','2023-10-25','2023-10-25'),(121,'238','8392292','250 Tests','TOTAL PROTEIN','4','1,597.20','6388.8','2023-10-25','2023-10-25'),(122,'238','1053180','300 Tests','ALKALINE PHOSPHATASE','2','1,276.70','2553.4','2023-10-25','2023-10-25'),(123,'238','8102204','300 Tests','BUN','3','1,783.58','5350.74','2023-10-25','2023-10-25'),(124,'238','6801895','300 Tests','dHDL','3','15,665.76','46997.28','2023-10-25','2023-10-25'),(125,'238','8097990','90 Tests','CRP/ 5PACKS 90SLDS','2','4,252.25','8504.5','2023-10-25','2023-10-25'),(126,'238','8297749','90 Tests','LIPASE','2','1,115.93','2231.86','2023-10-25','2023-10-25'),(127,'238','6800120','90 Tests','URINE PROTEIN','2','2,645.34','5290.68','2023-10-25','2023-10-25'),(128,'238','6800190','6 Sets x 2 Levels','URINE PROTEIN PERF VERI I BX/6','1','3,305.23','3305.23','2023-10-25','2023-10-25'),(129,'238','1072693','2 Packs','SIGNAL REAGENT','5','3,151.47','15757.349999999999','2023-10-25','2023-10-25'),(130,'238','1988211','Box','ALBUMIN 5 PK/90 SLIDES','3','498.96','1496.8799999999999','2023-10-25','2023-10-25'),(131,'231','TRULAB2022024','BOX','CRP LATEX TEST KIT','1','3,220.00','3220','2023-10-27','2023-10-27'),(132,'232','MEDTEK2022177','360T per pack','DREW-3 - Reagents & Controls - DREW 3 Pack','2','7,233.00','14466','2023-10-27','2023-10-27'),(133,'233','UCBIOSCIENCE2022016','25 test/box','ADVIN - HCV test - Cassette - Serum/Plasma','1','1,172.66','1172.66','2023-10-27','2023-10-27'),(134,'239','IDDL2022015','10 pcs/pack','Mueller Hinton Agar Plate (Big)','5','948.60','4743','2023-11-07','2023-11-07'),(135,'239','IDDL2022001','10 pcs/pack','Blood Agar Plate with 5% Sheeps Blood','6','468.20','2809.2','2023-11-07','2023-11-07'),(136,'239','IDDL2022002','10 pcs/pack','MaC Conkey Agar Plate','5','431.20','2156','2023-11-07','2023-11-07'),(137,'239','IDDL2022022','10 pcs/pack','Sheeps Blood Agar/McConkey Agar Plate','5','504.00','2520','2023-11-07','2023-11-07'),(138,'240','TRULAB2022041','BOTTLE','GLUCO PLUS - 75GRAMS','30','105.00','3150','2023-11-07','2023-11-07'),(139,'241','ELEVATE2023003','BOX','WONDFO - HCG U/S TEST KIT','1','750.00','750','2023-11-07','2023-11-07'),(140,'241','ELEVATE2023002','BOX','WONDFO - COVID AG TEST KIT','15','670.00','10050','2023-11-08','2023-11-08'),(141,'242','TRULAB2022024','BOX','CRP LATEX TEST KIT','1','3,220.00','3220','2023-11-10','2023-11-10'),(142,'243','MCTC2022010','VIAL','Anti Sera D','1','536.00','536','2023-11-10','2023-11-10'),(145,'245','GOLDQUEST2022031','50 DISC/CART','LEVOFLOXACIN - 5 mcg','2','240.00','480','2023-11-10','2023-11-10'),(146,'245','GOLDQUEST2022004','50 DISC/CART','AMOXICILLIN+CLAVULANIC - 20+10 mcg','2','240.00','480','2023-11-10','2023-11-10'),(147,'245','GOLDQUEST2022009','50 DISC/CART','CEFAZOLIN - 30 mcg','2','240.00','480','2023-11-10','2023-11-10'),(148,'245','GOLDQUEST2022012','50 DISC/CART','CEFEPIME - 30 mcg','2','240.00','480','2023-11-10','2023-11-10'),(149,'245','GOLDQUEST2022028','50 DISC/CART','IMIPENEM - 10 mcg','2','240.00','480','2023-11-10','2023-11-10'),(150,'245','GOLDQUEST2022048','50 DISC/CART','TAZOBACTAM+PIPERACILLIN - 10+100 mcg','2','240.00','480','2023-11-10','2023-11-10'),(151,'244','MEDTEK2022177','360T per pack','DREW-3 - Reagents & Controls - DREW 3 Pack','2','7,233.00','14466','2023-11-14','2023-11-14'),(152,'246','MCTC2022001','BOTTLE','HEMA QUICK STAIN','3','2,848.00','8544','2023-11-15','2023-11-15'),(153,'246','MCTC2022008','VIAL','Anti Sera A','1','464.00','464','2023-11-15','2023-11-15'),(154,'246','MCTC2022009','VIAL','Anti Sera B','1','464.00','464','2023-11-15','2023-11-15'),(155,'246','MCTC2022010','VIAL','Anti Sera D','1','536.00','536','2023-11-15','2023-11-15'),(156,'247','ELEVATE2023003','BOX','WONDFO - HCG U/S TEST KIT','2','750.00','1500','2023-11-15','2023-11-15'),(157,'248','SV2023006','UNIT','LABORATORY DRYING OVEN MODEL: OV-50:50L','1','36,000.00','36000','2023-11-16','2023-11-16'),(158,'248','SV2023008','UNIT','DIGISYSTEM (TAIWAN) MODEL: DSC-100MH-2:24 PLACER','1','22,950.00','22950','2023-11-16','2023-11-16'),(159,'248','SV2023007','UNIT','DIGISYSTEM (TAIWAN) DIGITAL LABORATORY INCUBATOR MODEL: DSI-500D:50L','1','42,300.00','42300','2023-11-16','2023-11-16'),(160,'248','SV2023009','UNIT','PERLONG/JIBIMED VERTICAL STEAM STERILIZER PTS-B50L:50L','2','107,415.00','214830','2023-11-16','2023-11-16'),(161,'249','FINECARE2022009','BOX','FT3','2','5,233.00','10466','2023-11-17','2023-11-17'),(162,'249','FINECARE2022010','BOX','FT4','2','5,233.00','10466','2023-11-17','2023-11-17'),(163,'250','MCTC2022019','GALLON','ETHANOL ABSOLUTE 95%','5','1064.00','5320','2023-11-17','2023-11-17'),(164,'251','UCBIOSCIENCE2022021','25 test/box','ADVIN - Typhoid Test - Cassette - WB/S/P','1','2,303.45','2303.45','2023-11-17','2023-11-17'),(165,'252','TRULAB2022099','PIECE','TRULAB - STOOL CONTAINER 60ML - STERILE - RED','550','7.85','4317.5','2023-11-17','2023-11-17'),(166,'252','TRULAB2022053','BOX','TRULAB - INOCULATION LOOP 1UL & 10UL - 100','5','520.00','2600','2023-11-17','2023-11-17'),(167,'253','IDDL2022004','10 pcs/pack','Gentamicin Blood Agar Plate','2','504.00','1008','2023-11-17','2023-11-17'),(168,'253','IDDL2022042','10 pcs/pack','Thioglycolate Broth','2','369.60','739.2','2023-11-17','2023-11-17'),(169,'254','ELEVATE2023010','BOX','RAPIQUICK - (THC/MET/MDMA/COC/MOP) DRUG OF ABUSE RAPID TEST','1','6,132.00','6132','2023-11-21','2023-11-21'),(170,'254','ELEVATE2023002','BOX','WONDFO - COVID AG TEST KIT','5','670.00','3350','2023-11-22','2023-11-22'),(171,'254','ELEVATE2023001','BOX','WONDFO - MET/THC URINE TEST','10','680.00','6800','2023-11-22','2023-11-22'),(172,'255','TRULAB2022042','TRAY','BRANDEN - GREEN TOP - 4ML - GLASS','1','532.00','532','2023-11-24','2023-11-24'),(173,'256','IDDL2022008','10 pcs/pack','Chocolate Agar Plate with Supplement','3','560.00','1680','2023-11-24','2023-11-24'),(174,'256','IDDL2022001','10 pcs/pack','Blood Agar Plate with 5% Sheeps Blood','15','468.20','7023','2023-11-24','2023-11-24'),(175,'256','IDDL2022042','10 pcs/pack','Thioglycolate Broth','2','369.60','739.2','2023-11-24','2023-11-24'),(176,'256','IDDL2022043','10 pcs/pack','Tryptic Soy Borth','2','369.60','739.2','2023-11-24','2023-11-24'),(177,'256','IDDL2022046','10 pcs/pack','Selnite F Broth','1','369.60','369.6','2023-11-24','2023-11-24'),(178,'256','IDDL2022047','10 pcs/pack','Alkaline Peptone Water','1','369.60','369.6','2023-11-24','2023-11-24'),(179,'256','IDDL2022034','10 pcs/pack','Sulfide Indole Motility Agar','3','369.60','1108.8000000000002','2023-11-24','2023-11-24'),(180,'256','IDDL2022023','10 pcs/pack','Gentamicin Blood/Bacitracin Chocolate Agar Plate','1','616.00','616','2023-11-24','2023-11-24'),(181,'256','IDDL2022025','10 pcs/pack','Thiosulfate Citrate Bile Salts/Salmonella Shigella Agar','1','560.00','560','2023-11-24','2023-11-24'),(182,'257','MCTC2022018','BOTTLE','NSS 85% - 500 ML','4','158.40','633.6','2023-11-24','2023-11-24'),(183,'258','MEDTEK2022008','40 per kit','INTEC - Infectious Disease - HBsAg Test - Serum/Plasma - Card','10','1,848.00','18480','2023-11-24','2023-11-24'),(184,'259','LABASIA2022001','BOX','Wondfo Prothrombin Time 24\'s','5','2,606.00','13030','2023-11-24','2023-11-24'),(185,'260','FINECARE2022008','BOX','T4','2','5,233.00','10466','2023-11-24','2023-11-24'),(186,'260','FINECARE2022007','BOX','T3','2','5,233.00','10466','2023-11-24','2023-11-24'),(187,'255','TRULAB2022163','PIECE','TOURNIQUET','3','105.00','315','2023-11-24','2023-11-24'),(188,'255','TRULAB2022164','PIECE','TEST TUBE RACK 90s','2','455.00','910','2023-11-24','2023-11-24'),(189,'255','TRULAB2022165','TRAY','RED TOP PRO COAG','6','575.00','3450','2023-11-24','2023-11-24'),(190,'261','TRULAB2022024','BOX','CRP LATEX TEST KIT','4','3,220.00','12880','2023-11-28','2023-11-28'),(191,'261','TRULAB2022086','BOX','RA LATEX KIT','1','4,400.00','4400','2023-11-28','2023-11-28'),(192,'261','TRULAB2022011','100T','ASO LATEX TEST KIT','4','3,795.00','15180','2023-11-28','2023-11-28'),(194,'261','TRULAB2022125','BOX','TRULAB - APPLICATOR STICK - 1000S','19','265.00','5035','2023-11-28','2023-11-28'),(195,'262','GOLDQUEST2022065','BOX','IMMUNOSTIC.INC. - HEMA-SCREEN','1','4,180.00','4180','2023-11-29','2023-11-29'),(196,'261','TRULAB2022085','TRAY','TRULAB - EDTA MICROTAINER - K2 - PP - 0.5ML','4','385.00','1540','2023-12-01','2023-12-01'),(197,'263','ELEVATE2023010','BOX','RAPIQUICK - (THC/MET/MDMA/COC/MOP) DRUG OF ABUSE RAPID TEST','2','6,132.00','12264','2023-12-01','2023-12-01'),(198,'264','IDDL2022035','10 pcs/pack','Simmon Citrate','5','369.60','1848','2023-12-01','2023-12-01'),(199,'264','IDDL2022015','10 pcs/pack','Mueller Hinton Agar Plate (Big)','10','948.60','9486','2023-12-04','2023-12-04'),(200,'264','IDDL2022001','10 pcs/pack','Blood Agar Plate with 5% Sheeps Blood','8','468.20','3745.6','2023-12-04','2023-12-04'),(201,'264','IDDL2022002','10 pcs/pack','MaC Conkey Agar Plate','8','431.20','3449.6','2023-12-04','2023-12-04'),(202,'264','IDDL2022022','10 pcs/pack','Sheeps Blood Agar/McConkey Agar Plate','8','504.00','4032','2023-12-04','2023-12-04'),(203,'264','IDDL2022047','10 pcs/pack','Alkaline Peptone Water','2','369.60','739.2','2023-12-04','2023-12-04'),(204,'265','SV2023010','PIECE','LIGHT BULB HALOGRN DISPLAY/OPTIC LAMP 64250 HLX 20W.6V.G4','1','600.00','600','2023-12-04','2023-12-04'),(205,'266','FINECARE2022024','BOX','CEA','1','7,475.00','7475','2023-12-04','2023-12-04'),(206,'263','ELEVATE2023002','BOX','WONDFO - COVID AG TEST KIT','20','670.00','13400','2023-12-05','2023-12-05'),(207,'267','ELEVATE2023002','BOX','WONDFO - COVID AG TEST KIT','20','670.00','13400','2023-12-06','2023-12-06'),(208,'268','TRULAB2022001','ROLL','PARAFILM M(USA) - PARAFILM M-(4INX125FT)','2','2,530.00','5060','2023-12-06','2023-12-06'),(209,'269','MEDTEK2022020','40 per kit','INTEC - Infectious Disease - Syphilis Test - Serum/Plasma - Card','4','1,570.80','6283.2','2023-12-06','2023-12-06'),(210,'270','GOLDQUEST2022063','50 DISC/CART','DIFFERENTIATION DISCS - OPTOCHIN (TAXO P) - 5 mcg','1','510.00','510','2023-12-06','2023-12-06'),(211,'270','GOLDQUEST2022049','50 DISC/CART','TETRACYCLINE - 30 mcg','1','240.00','240','2023-12-06','2023-12-06'),(212,'270','GOLDQUEST2022053','50 DISC/CART','TOBRAMYCIN - 10 mcg','1','240.00','240','2023-12-06','2023-12-06'),(213,'270','GOLDQUEST2022052','50 DISC/CART','TRIMETHROPRIM+SXT - 1.25+23.75 mcg','1','240.00','240','2023-12-06','2023-12-06'),(215,'270','GOLDQUEST2022005','50 DISC/CART','AZITHROMYCIN - 15 mcg','1','240.00','240','2023-12-06','2023-12-06'),(217,'270','GOLDQUEST2022006','50 DISC/CART','AZTREONAM - 30 mcg','2','240.00','480','2023-12-06','2023-12-06'),(218,'270','GOLDQUEST2022012','50 DISC/CART','CEFEPIME - 30 mcg','1','240.00','240','2023-12-06','2023-12-06'),(219,'270','GOLDQUEST2022017','50 DISC/CART','CEFTRIAXONE - 30 mcg','1','240.00','240','2023-12-06','2023-12-06'),(220,'270','GOLDQUEST2022028','50 DISC/CART','IMIPENEM - 10 mcg','1','240.00','240','2023-12-06','2023-12-06'),(221,'270','GOLDQUEST2022032','50 DISC/CART','MEROPENEM - 10 mcg','1','240.00','240','2023-12-06','2023-12-06'),(222,'270','GOLDQUEST2022003','50 DISC/CART','AMPICILLIN - 10 mcg','1','240.00','240','2023-12-06','2023-12-06'),(223,'271','MEDASIA2022001','TRAY','PURPLE TOP EDTA K3 GLASS 2ML','50','380.00','19000','2023-12-07','2023-12-07'),(224,'271','MEDASIA2022002','PIECE','URINE STERILE CUPS 60ML','2000','6.00','12000','2023-12-07','2023-12-07'),(225,'271','MEDASIA2022003','PACK','YELLOW TIP WITHOUT CROWN','50','250.00','12500','2023-12-07','2023-12-07'),(226,'271','MEDASIA2022004','PACK','BLUE TIP WITHOUT CROWN','50','250.00','12500','2023-12-07','2023-12-07'),(227,'271','MEDASIA2022005','TRAY','GREEN TOP 5ML','10','380.00','3800','2023-12-07','2023-12-07'),(228,'270','GOLDQUEST2022014','50 DISC/CART','CEFOXITIN - 30 mcg','1','240.00','240','2023-12-07','2023-12-07');
/*!40000 ALTER TABLE `tbl_new_poproducts` ENABLE KEYS */;
UNLOCK TABLES;

--
-- Table structure for table `tbl_new_purchase`
--

DROP TABLE IF EXISTS `tbl_new_purchase`;
/*!40101 SET @saved_cs_client     = @@character_set_client */;
/*!40101 SET character_set_client = utf8 */;
CREATE TABLE `tbl_new_purchase` (
  `PONumber` int(4) unsigned zerofill NOT NULL AUTO_INCREMENT,
  `Date` date DEFAULT NULL,
  `SupplierID` varchar(255) NOT NULL,
  `Supplier` varchar(255) DEFAULT NULL,
  `Address` varchar(255) DEFAULT NULL,
  `TelNumber` varchar(255) DEFAULT NULL,
  `FaxNumber` varchar(255) DEFAULT NULL,
  `Email` varchar(255) DEFAULT NULL,
  `DelAddress` varchar(255) DEFAULT NULL,
  `DelTelNumber` varchar(255) DEFAULT NULL,
  `MobileNumber` varchar(255) DEFAULT NULL,
  `DelTerm` varchar(255) DEFAULT NULL,
  `PaymentTerm` varchar(255) DEFAULT NULL,
  `DeliveryDate` date DEFAULT NULL,
  `PaymentDue` date DEFAULT NULL,
  `Vatable` varchar(255) DEFAULT '0',
  `VAT` varchar(255) DEFAULT '0',
  `TotalSales` varchar(255) DEFAULT '0',
  `Status` varchar(255) DEFAULT NULL,
  `NOANumber` varchar(255) DEFAULT NULL,
  `Notes` text,
  `created_at` date NOT NULL,
  `updated_at` date NOT NULL,
  PRIMARY KEY (`PONumber`)
) ENGINE=InnoDB AUTO_INCREMENT=272 DEFAULT CHARSET=latin1;
/*!40101 SET character_set_client = @saved_cs_client */;

--
-- Dumping data for table `tbl_new_purchase`
--

LOCK TABLES `tbl_new_purchase` WRITE;
/*!40000 ALTER TABLE `tbl_new_purchase` DISABLE KEYS */;
INSERT INTO `tbl_new_purchase` VALUES (0217,'2023-10-03','0016A','DKSH MARKET EXPANSION SERVICES PHILIPPINES,INC','8TH FLOOR, CYVER SIGMA, LAWTON AVENUE, MCKINLEY WEST, FORT BONIFCATION TAGUIG CITY','-',NULL,'-','ONE AGNO MEDIAL SOLUTIONS, ONE AMS Bldg.,Block 1, Lot 17 Kayamanan St., Tierra Valiente Subd.,Pamana Homes, Brgy. Bucal, Calamba City, Laguna 4027','2 DAYS','09178216261/09238984858',NULL,'30 days','2023-10-05','2023-11-04','389204.55','46704.55','435909.1','Printed',NULL,NULL,'2023-10-03','2023-10-05'),(0218,'2023-10-03','0016A','DKSH MARKET EXPANSION SERVICES PHILIPPINES,INC','8TH FLOOR, CYVER SIGMA, LAWTON AVENUE, MCKINLEY WEST, FORT BONIFCATION TAGUIG CITY','-',NULL,'-','ONE AGNO MEDIAL SOLUTIONS, ONE AMS Bldg.,Block 1, Lot 17 Kayamanan St., Tierra Valiente Subd.,Pamana Homes, Brgy. Bucal, Calamba City, Laguna 4027','2 DAYS','09178216261/09238984858',NULL,'30 days','2023-10-05','2023-11-04',NULL,NULL,NULL,NULL,NULL,NULL,'2023-10-03','2023-10-03'),(0219,'2023-10-20','R017','UC BIOSCIENCES INC','UNIT 1094 THE ORIENT SQUARE, F. ORTIGAS JR. ROAD, ORTIGAS CENTER,SAN ANTONIO, 1605,  PASIG CITY NCR, SECOND DISTRICT','(+632) 7798-2408 / 7003-9380',NULL,NULL,'ONE AGNO MEDIAL SOLUTIONS, ONE AMS Bldg.,Block 1, Lot 17 Kayamanan St., Tierra Valiente Subd.,Pamana Homes, Brgy. Bucal, Calamba City, Laguna 4027',NULL,'09178216261/09238984858',NULL,'30 days','2023-10-25','2023-11-24','10714.29','1285.71','12000','Printed',NULL,NULL,'2023-10-19','2023-10-20'),(0220,'2023-10-20','R005','MEDICAL CENTER TRADING CORPORATION','Sta. Cecilia Business Center 2, Old 2, Old Building National Highway Parian, calamba City Laguna','(049)502-4070',NULL,'mctc.calamba@gmail.com','ONE AGNO MEDIAL SOLUTIONS, ONE AMS Bldg.,Block 1, Lot 17 Kayamanan St., Tierra Valiente Subd.,Pamana Homes, Brgy. Bucal, Calamba City, Laguna 4027',NULL,'09178216261/09238984858',NULL,'C.O.D','2023-10-25','2023-10-25','13985.71','1678.29','15664','Printed',NULL,NULL,'2023-10-19','2023-10-20'),(0221,'2023-10-20','R004','Infectious Disease Diagnostic Laboratory Inc.','Unit 7 Hectan Commercial Center Halang, Calamba City, Laguna','(049)834-1745',NULL,'iddl.inc@gmail.com','ONE AGNO MEDIAL SOLUTIONS, ONE AMS Bldg.,Block 1, Lot 17 Kayamanan St., Tierra Valiente Subd.,Pamana Homes, Brgy. Bucal, Calamba City, Laguna 4027',NULL,'09178216261/09238984858',NULL,'30 days','2023-10-25','2023-11-24','4386.07','526.33','4912.4','Printed',NULL,NULL,'2023-10-19','2023-10-20'),(0222,'2023-10-20','R006','GOLDQUEST BIOTECHNOLOGIES,Inc.','414 San Fernando St. Brgy. 282 Zone 26,San Nicolas, Manila','-',NULL,'-','ONE AGNO MEDIAL SOLUTIONS, ONE AMS Bldg.,Block 1, Lot 17 Kayamanan St., Tierra Valiente Subd.,Pamana Homes, Brgy. Bucal, Calamba City, Laguna 4027',NULL,'09178216261/09238984858',NULL,'30 days','2023-10-25','2023-11-24','1767.86','212.14','1980','Printed',NULL,NULL,'2023-10-20','2023-10-20'),(0223,'2023-10-20','R003','TRULABORATORIES CORPORATION','14 Detroit Street, Barangay Pinagkaisahan, Cubao, Quezon City','(02)3451-1964',NULL,'-','ONE AGNO MEDIAL SOLUTIONS, ONE AMS Bldg.,Block 1, Lot 17 Kayamanan St., Tierra Valiente Subd.,Pamana Homes, Brgy. Bucal, Calamba City, Laguna 4027',NULL,'09178216261/09238984858',NULL,'30 days','2023-10-25','2023-11-24','18318.75','2198.25','20517','Printed',NULL,NULL,'2023-10-20','2023-10-20'),(0224,'2023-10-23','R004','INFECTIOUS DISEASE DIAGNOSTIC LABORATORY INC.','Unit 7 Hectan Commercial Center Halang, Calamba City, Laguna','(049)834-1745',NULL,'iddl.inc@gmail.com','ONE AGNO MEDIAL SOLUTIONS, ONE AMS Bldg.,Block 1, Lot 17 Kayamanan St., Tierra Valiente Subd.,Pamana Homes, Brgy. Bucal, Calamba City, Laguna 4027',NULL,'09178216261/09238984858',NULL,'30 days','2023-10-25','2023-11-25','10361.79','1243.41','11605.2','Printed',NULL,'Sta. Maria Josefa','2023-10-23','2023-10-23'),(0231,'2023-10-27','R003','TRULABORATORIES CORPORATION','14 Detroit Street, Barangay Pinagkaisahan, Cubao, Quezon City','(02)3451-1964',NULL,'-','ONE AGNO MEDIAL SOLUTIONS, ONE AMS Bldg.,Block 1, Lot 17 Kayamanan St., Tierra Valiente Subd.,Pamana Homes, Brgy. Bucal, Calamba City, Laguna 4027',NULL,'09178216261/09238984858',NULL,'30 days','2023-10-31','2023-11-30','2875','345','3220','Printed',NULL,'For Global Canlubang','2023-10-27','2023-10-27'),(0232,'2023-10-27','R014','Medical Trends and Technologies(MEDTEK),INC','200 J. Elizalde St., Cor Concha St., Phase 1, BF Homes, Paranaque City 1700','(632)806-9267/(632)806-9943',NULL,'donna@medtek.com.ph','ONE AGNO MEDIAL SOLUTIONS, ONE AMS Bldg.,Block 1, Lot 17 Kayamanan St., Tierra Valiente Subd.,Pamana Homes, Brgy. Bucal, Calamba City, Laguna 4027',NULL,'09178216261/09238984858',NULL,'30 days','2023-10-31','2023-11-30','12916.07','1549.93','14466','For Verification',NULL,NULL,'2023-10-27','2023-11-21'),(0233,'2023-10-27','R017','UC BIOSCIENCES INC','UNIT 1094 THE ORIENT SQUARE, F. ORTIGAS JR. ROAD, ORTIGAS CENTER,SAN ANTONIO, 1605,  PASIG CITY NCR, SECOND DISTRICT','(+632) 7798-2408 / 7003-9380',NULL,NULL,'ONE AGNO MEDIAL SOLUTIONS, ONE AMS Bldg.,Block 1, Lot 17 Kayamanan St., Tierra Valiente Subd.,Pamana Homes, Brgy. Bucal, Calamba City, Laguna 4027',NULL,'09178216261/09238984858',NULL,'30 days','2023-10-31','2023-11-30','1047.02','125.64','1172.66','Printed',NULL,'For Evangelista Medical Specialty','2023-10-27','2023-10-27'),(0234,'2023-10-23','0016A','DKSH MARKET EXPANSION SERVICES PHILIPPINES,INC','8TH FLOOR, CYVER SIGMA, LAWTON AVENUE, MCKINLEY WEST, FORT BONIFCATION TAGUIG CITY','-',NULL,'-','ONE AGNO MEDIAL SOLUTIONS, ONE AMS Bldg.,Block 1, Lot 17 Kayamanan St., Tierra Valiente Subd.,Pamana Homes, Brgy. Bucal, Calamba City, Laguna 4027',NULL,'09178216261/09238984858',NULL,NULL,'2023-10-25','2023-11-23','698806.12','83856.73','782662.85','Partially Delivered',NULL,NULL,'2023-10-24','2023-10-26'),(0235,'2023-10-23','0016A','DKSH MARKET EXPANSION SERVICES PHILIPPINES,INC','8TH FLOOR, CYVER SIGMA, LAWTON AVENUE, MCKINLEY WEST, FORT BONIFCATION TAGUIG CITY','-',NULL,'-','ONE AGNO MEDIAL SOLUTIONS, ONE AMS Bldg.,Block 1, Lot 17 Kayamanan St., Tierra Valiente Subd.,Pamana Homes, Brgy. Bucal, Calamba City, Laguna 4027',NULL,'09178216261/09238984858',NULL,NULL,'2023-10-25','2023-11-23','125310','15037.2','140347.2','Printed',NULL,NULL,'2023-10-24','2023-10-26'),(0236,'2023-10-23','0016A','DKSH MARKET EXPANSION SERVICES PHILIPPINES,INC','8TH FLOOR, CYVER SIGMA, LAWTON AVENUE, MCKINLEY WEST, FORT BONIFCATION TAGUIG CITY','-',NULL,'-','ONE AGNO MEDIAL SOLUTIONS, ONE AMS Bldg.,Block 1, Lot 17 Kayamanan St., Tierra Valiente Subd.,Pamana Homes, Brgy. Bucal, Calamba City, Laguna 4027',NULL,'09178216261/09238984858',NULL,NULL,'2023-10-25','2023-11-23','110845.04','13301.41','124146.45','For Verification',NULL,NULL,'2023-10-24','2023-10-26'),(0237,'2023-10-23','0016A','DKSH MARKET EXPANSION SERVICES PHILIPPINES,INC','8TH FLOOR, CYVER SIGMA, LAWTON AVENUE, MCKINLEY WEST, FORT BONIFCATION TAGUIG CITY','-',NULL,'-','ONE AGNO MEDIAL SOLUTIONS, ONE AMS Bldg.,Block 1, Lot 17 Kayamanan St., Tierra Valiente Subd.,Pamana Homes, Brgy. Bucal, Calamba City, Laguna 4027',NULL,'09178216261/09238984858',NULL,NULL,'2023-10-25','2023-11-23','31327.5','3759.3','35086.8','Printed',NULL,NULL,'2023-10-24','2023-10-26'),(0238,'2023-10-24','0016SPCMC','DKSH MARKET EXPANSION SERVICES PHILIPPINES, INC','8TH FLOOR, CYBER SIGMA, LAWTON AVENUE, MACKINLEY WEST, FORT BONIFACIO TAGUIG CITY',NULL,NULL,NULL,'ONE AGNO MEDIAL SOLUTIONS, ONE AMS Bldg.,Block 1, Lot 17 Kayamanan St., Tierra Valiente Subd.,Pamana Homes, Brgy. Bucal, Calamba City, Laguna 4027',NULL,'09178216261/09238984858',NULL,'30 days','2023-10-25','2023-11-23','88622.05','10634.65','99256.7','Partially Delivered',NULL,NULL,'2023-10-25','2023-11-07'),(0239,'2023-11-07','R004','INFECTIOUS DISEASE DIAGNOSTIC LABORATORY INC.','Unit 7 Hectan Commercial Center Halang, Calamba City, Laguna','(049)834-1745',NULL,'iddl.inc@gmail.com','ONE AGNO MEDIAL SOLUTIONS, ONE AMS Bldg.,Block 1, Lot 17 Kayamanan St., Tierra Valiente Subd.,Pamana Homes, Brgy. Bucal, Calamba City, Laguna 4027',NULL,'09178216261/09238984858',NULL,'30 days','2023-11-15','2023-12-15','10918.04','1310.16','12228.2','For Verification',NULL,NULL,'2023-11-07','2023-11-15'),(0240,'2023-11-07','R003','TRULABORATORIES CORPORATION','14 Detroit Street, Barangay Pinagkaisahan, Cubao, Quezon City','(02)3451-1964',NULL,'-','ONE AGNO MEDIAL SOLUTIONS, ONE AMS Bldg.,Block 1, Lot 17 Kayamanan St., Tierra Valiente Subd.,Pamana Homes, Brgy. Bucal, Calamba City, Laguna 4027',NULL,'09178216261/09238984858',NULL,'30 days','2023-11-15','2023-12-15','2812.5','337.5','3150','For Verification',NULL,NULL,'2023-11-07','2023-11-14'),(0241,'2023-11-07','R021','ELEVATE HEALTH VENTURES CO.','Francesca Royal Condominium Old Sauyo Quezon City','0912-817-4715',NULL,'elevatehealthventuresco@gmail.com','ONE AGNO MEDIAL SOLUTIONS, ONE AMS Bldg.,Block 1, Lot 17 Kayamanan St., Tierra Valiente Subd.,Pamana Homes, Brgy. Bucal, Calamba City, Laguna 4027',NULL,'09178216261/09238984858',NULL,'30 days','2023-11-10','2023-12-10','9642.86','1157.14','10800','For Verification',NULL,NULL,'2023-11-07','2023-11-29'),(0242,'2023-11-10','R003','TRULABORATORIES CORPORATION','14 Detroit Street, Barangay Pinagkaisahan, Cubao, Quezon City','(02)3451-1964',NULL,'-','ONE AGNO MEDIAL SOLUTIONS, ONE AMS Bldg.,Block 1, Lot 17 Kayamanan St., Tierra Valiente Subd.,Pamana Homes, Brgy. Bucal, Calamba City, Laguna 4027',NULL,'09178216261/09238984858',NULL,'30 days','2023-11-15','2023-12-15','2875','345','3220','For Verification',NULL,NULL,'2023-11-10','2023-11-14'),(0243,'2023-11-10','R005','MEDICAL CENTER TRADING CORPORATION','Sta. Cecilia Business Center 2, Old 2, Old Building National Highway Parian, calamba City Laguna','(049)502-4070',NULL,'mctc.calamba@gmail.com','ONE AGNO MEDIAL SOLUTIONS, ONE AMS Bldg.,Block 1, Lot 17 Kayamanan St., Tierra Valiente Subd.,Pamana Homes, Brgy. Bucal, Calamba City, Laguna 4027',NULL,'09178216261/09238984858',NULL,'C.O.D','2023-11-15','2023-11-15','478.57','57.43','536','For Verification',NULL,NULL,'2023-11-10','2023-11-15'),(0244,'2023-11-10','R014','Medical Trends and Technologies(MEDTEK),INC','200 J. Elizalde St., Cor Concha St., Phase 1, BF Homes, Paranaque City 1700','(632)806-9267/(632)806-9943',NULL,'donna@medtek.com.ph','ONE AGNO MEDIAL SOLUTIONS, ONE AMS Bldg.,Block 1, Lot 17 Kayamanan St., Tierra Valiente Subd.,Pamana Homes, Brgy. Bucal, Calamba City, Laguna 4027',NULL,'09178216261/09238984858',NULL,'30 days','2023-11-15','2023-12-15','12916.07','1549.93','14466','Printed',NULL,NULL,'2023-11-10','2023-11-17'),(0245,'2023-11-10','R006','GOLDQUEST BIOTECHNOLOGIES,Inc.','414 San Fernando St. Brgy. 282 Zone 26,San Nicolas, Manila','-',NULL,'-','ONE AGNO MEDIAL SOLUTIONS, ONE AMS Bldg.,Block 1, Lot 17 Kayamanan St., Tierra Valiente Subd.,Pamana Homes, Brgy. Bucal, Calamba City, Laguna 4027',NULL,'09178216261/09238984858',NULL,'30 days','2023-11-15','2023-12-15','2571.43','308.57','2880','For Verification',NULL,NULL,'2023-11-10','2023-11-29'),(0246,'2023-11-16','R005','MEDICAL CENTER TRADING CORPORATION','Sta. Cecilia Business Center 2, Old 2, Old Building National Highway Parian, calamba City Laguna','(049)502-4070',NULL,'mctc.calamba@gmail.com','ONE AGNO MEDIAL SOLUTIONS, ONE AMS Bldg.,Block 1, Lot 17 Kayamanan St., Tierra Valiente Subd.,Pamana Homes, Brgy. Bucal, Calamba City, Laguna 4027',NULL,'09178216261/09238984858',NULL,'C.O.D','2023-11-22','2023-11-22','8935.71','1072.29','10008','For Verification',NULL,'For Biñan Laboratory Clinic and Divine Mercy Hospital','2023-11-15','2023-11-23'),(0247,'2023-11-16','R021','ELEVATE HEALTH VENTURES CO.','Francesca Royal Condominium Old Sauyo Quezon City','0912-817-4715',NULL,'elevatehealthventuresco@gmail.com','ONE AGNO MEDIAL SOLUTIONS, ONE AMS Bldg.,Block 1, Lot 17 Kayamanan St., Tierra Valiente Subd.,Pamana Homes, Brgy. Bucal, Calamba City, Laguna 4027',NULL,'09178216261/09238984858',NULL,'30 days','2023-11-22','2023-12-22','1339.29','160.71','1500','For Verification',NULL,NULL,'2023-11-15','2023-11-29'),(0248,'2023-11-16','R009','SV SCIENCE DATA TRADING','UNIT 36 Facilities Center 548 Shaw Blvd. Mandaluyong City','(632)53333622',NULL,'-','ONE AGNO MEDIAL SOLUTIONS, ONE AMS Bldg.,Block 1, Lot 17 Kayamanan St., Tierra Valiente Subd.,Pamana Homes, Brgy. Bucal, Calamba City, Laguna 4027',NULL,'09178216261/09238984858',NULL,'90 days','2023-11-24','2024-02-22','282214.29','33865.71','316080','Printed',NULL,NULL,'2023-11-16','2023-11-17'),(0249,'2023-11-17','R018','FIA MEDICAL SUPPLY INC.','LOT 16 BLK 19 ROAD 5-A AREA 6 UPS-5, SAN ISIDRO, PARAÑAQUE CITY, NCR FOURTH DISTRICT',NULL,NULL,NULL,'ONE AGNO MEDIAL SOLUTIONS, ONE AMS Bldg.,Block 1, Lot 17 Kayamanan St., Tierra Valiente Subd.,Pamana Homes, Brgy. Bucal, Calamba City, Laguna 4027',NULL,'09178216261/09238984858',NULL,'30 days','2023-11-22','2023-12-22','18689.29','2242.71','20932','For Verification',NULL,NULL,'2023-11-17','2023-11-23'),(0250,'2023-11-17','R005','MEDICAL CENTER TRADING CORPORATION','Sta. Cecilia Business Center 2, Old 2, Old Building National Highway Parian, calamba City Laguna','(049)502-4070',NULL,'mctc.calamba@gmail.com','ONE AGNO MEDIAL SOLUTIONS, ONE AMS Bldg.,Block 1, Lot 17 Kayamanan St., Tierra Valiente Subd.,Pamana Homes, Brgy. Bucal, Calamba City, Laguna 4027',NULL,'09178216261/09238984858',NULL,'C.O.D','2023-11-22','2023-11-22','4750','570','5320','For Verification',NULL,NULL,'2023-11-17','2023-11-23'),(0251,'2023-11-17','R017','UC BIOSCIENCES INC','UNIT 1094 THE ORIENT SQUARE, F. ORTIGAS JR. ROAD, ORTIGAS CENTER,SAN ANTONIO, 1605,  PASIG CITY NCR, SECOND DISTRICT','(+632) 7798-2408 / 7003-9380',NULL,NULL,'ONE AGNO MEDIAL SOLUTIONS, ONE AMS Bldg.,Block 1, Lot 17 Kayamanan St., Tierra Valiente Subd.,Pamana Homes, Brgy. Bucal, Calamba City, Laguna 4027',NULL,'09178216261/09238984858',NULL,'30 days','2023-11-22','2023-12-22','2056.65','246.8','2303.45','Printed',NULL,NULL,'2023-11-17','2023-11-17'),(0252,'2023-11-17','R003','TRULABORATORIES CORPORATION','14 Detroit Street, Barangay Pinagkaisahan, Cubao, Quezon City','(02)3451-1964',NULL,'-','ONE AGNO MEDIAL SOLUTIONS, ONE AMS Bldg.,Block 1, Lot 17 Kayamanan St., Tierra Valiente Subd.,Pamana Homes, Brgy. Bucal, Calamba City, Laguna 4027',NULL,'09178216261/09238984858',NULL,'30 days','2023-11-22','2023-12-22','6176.34','741.16','6917.5','For Verification',NULL,NULL,'2023-11-17','2023-11-23'),(0253,'2023-11-17','R004','INFECTIOUS DISEASE DIAGNOSTIC LABORATORY INC.','Unit 7 Hectan Commercial Center Halang, Calamba City, Laguna','(049)834-1745',NULL,'iddl.inc@gmail.com','ONE AGNO MEDIAL SOLUTIONS, ONE AMS Bldg.,Block 1, Lot 17 Kayamanan St., Tierra Valiente Subd.,Pamana Homes, Brgy. Bucal, Calamba City, Laguna 4027',NULL,'09178216261/09238984858',NULL,'30 days','2023-11-22','2023-12-22','1560','187.2','1747.2','For Verification',NULL,NULL,'2023-11-17','2023-11-29'),(0254,'2023-11-21','R021','ELEVATE HEALTH VENTURES CO.','Francesca Royal Condominium Old Sauyo Quezon City','0912-817-4715',NULL,'elevatehealthventuresco@gmail.com','ONE AGNO MEDIAL SOLUTIONS, ONE AMS Bldg.,Block 1, Lot 17 Kayamanan St., Tierra Valiente Subd.,Pamana Homes, Brgy. Bucal, Calamba City, Laguna 4027',NULL,'09178216261/09238984858',NULL,'30 days','2023-11-22','2023-12-22','14537.5','1744.5','16282','For Verification',NULL,'For BATMC','2023-11-21','2023-11-24'),(0255,'2023-11-24','R003','TRULABORATORIES CORPORATION','14 Detroit Street, Barangay Pinagkaisahan, Cubao, Quezon City','(02)3451-1964',NULL,'-','ONE AGNO MEDIAL SOLUTIONS, ONE AMS Bldg.,Block 1, Lot 17 Kayamanan St., Tierra Valiente Subd.,Pamana Homes, Brgy. Bucal, Calamba City, Laguna 4027',NULL,'09178216261/09238984858',NULL,'30 days','2023-11-29','2023-12-29','4649.11','557.89','5207','For Verification',NULL,NULL,'2023-11-24','2023-11-29'),(0256,'2023-11-24','R004','INFECTIOUS DISEASE DIAGNOSTIC LABORATORY INC.','Unit 7 Hectan Commercial Center Halang, Calamba City, Laguna','(049)834-1745',NULL,'iddl.inc@gmail.com','ONE AGNO MEDIAL SOLUTIONS, ONE AMS Bldg.,Block 1, Lot 17 Kayamanan St., Tierra Valiente Subd.,Pamana Homes, Brgy. Bucal, Calamba City, Laguna 4027',NULL,'09178216261/09238984858',NULL,'30 days','2023-11-29','2023-12-29','11790.54','1414.86','13205.4','For Verification',NULL,NULL,'2023-11-24','2023-11-29'),(0257,'2023-11-24','R005','MEDICAL CENTER TRADING CORPORATION','Sta. Cecilia Business Center 2, Old 2, Old Building National Highway Parian, calamba City Laguna','(049)502-4070',NULL,'mctc.calamba@gmail.com','ONE AGNO MEDIAL SOLUTIONS, ONE AMS Bldg.,Block 1, Lot 17 Kayamanan St., Tierra Valiente Subd.,Pamana Homes, Brgy. Bucal, Calamba City, Laguna 4027',NULL,'09178216261/09238984858',NULL,'C.O.D','2023-11-29','2023-11-29','565.71','67.89','633.6','Printed',NULL,NULL,'2023-11-24','2023-11-24'),(0258,'2023-11-24','R014','Medical Trends and Technologies(MEDTEK),INC','200 J. Elizalde St., Cor Concha St., Phase 1, BF Homes, Paranaque City 1700','(632)806-9267/(632)806-9943',NULL,'donna@medtek.com.ph','ONE AGNO MEDIAL SOLUTIONS, ONE AMS Bldg.,Block 1, Lot 17 Kayamanan St., Tierra Valiente Subd.,Pamana Homes, Brgy. Bucal, Calamba City, Laguna 4027',NULL,'09178216261/09238984858',NULL,'30 days','2023-11-29','2023-12-29','16500','1980','18480','Printed',NULL,NULL,'2023-11-24','2023-11-24'),(0259,'2023-11-24','R007','LABASIA LABORATORY PRODUCTS CORPORATION','Rm. 414 Web-Jet Bldg. #64 Quezon Avenue,Quezon City','(028)516-7637',NULL,'-','ONE AGNO MEDIAL SOLUTIONS, ONE AMS Bldg.,Block 1, Lot 17 Kayamanan St., Tierra Valiente Subd.,Pamana Homes, Brgy. Bucal, Calamba City, Laguna 4027',NULL,'09178216261/09238984858',NULL,'30 days','2023-11-29','2023-12-29','11633.93','1396.07','13030','Printed',NULL,NULL,'2023-11-24','2023-11-24'),(0260,'2023-11-24','R018','FIA MEDICAL SUPPLY INC.','LOT 16 BLK 19 ROAD 5-A AREA 6 UPS-5, SAN ISIDRO, PARAÑAQUE CITY, NCR FOURTH DISTRICT',NULL,NULL,NULL,'ONE AGNO MEDIAL SOLUTIONS, ONE AMS Bldg.,Block 1, Lot 17 Kayamanan St., Tierra Valiente Subd.,Pamana Homes, Brgy. Bucal, Calamba City, Laguna 4027',NULL,'09178216261/09238984858',NULL,'30 days','2023-11-28','2023-12-28','18689.29','2242.71','20932','For Verification',NULL,NULL,'2023-11-24','2023-11-29'),(0261,'2023-12-01','R003','TRULABORATORIES CORPORATION','14 Detroit Street, Barangay Pinagkaisahan, Cubao, Quezon City','(02)3451-1964',NULL,'-','ONE AGNO MEDIAL SOLUTIONS, ONE AMS Bldg.,Block 1, Lot 17 Kayamanan St., Tierra Valiente Subd.,Pamana Homes, Brgy. Bucal, Calamba City, Laguna 4027',NULL,'09178216261/09238984858',NULL,'30 days','2023-12-06','2024-01-05','34852.68','4182.32','39035','For Verification',NULL,NULL,'2023-11-28','2023-12-06'),(0262,'2023-12-01','R006','GOLDQUEST BIOTECHNOLOGIES,Inc.','414 San Fernando St. Brgy. 282 Zone 26,San Nicolas, Manila','-',NULL,'-','ONE AGNO MEDIAL SOLUTIONS, ONE AMS Bldg.,Block 1, Lot 17 Kayamanan St., Tierra Valiente Subd.,Pamana Homes, Brgy. Bucal, Calamba City, Laguna 4027',NULL,'09178216261/09238984858',NULL,'30 days','2023-12-06','2024-01-05','3732.14','447.86','4180','For Verification',NULL,NULL,'2023-11-29','2023-12-05'),(0263,'2023-12-01','R021','ELEVATE HEALTH VENTURES CO.','Francesca Royal Condominium Old Sauyo Quezon City','0912-817-4715',NULL,'elevatehealthventuresco@gmail.com','ONE AGNO MEDIAL SOLUTIONS, ONE AMS Bldg.,Block 1, Lot 17 Kayamanan St., Tierra Valiente Subd.,Pamana Homes, Brgy. Bucal, Calamba City, Laguna 4027',NULL,'09178216261/09238984858',NULL,'30 days','2023-12-06','2024-01-05','10950','1314','12264','Printed',NULL,NULL,'2023-12-01','2023-12-01'),(0264,'2023-12-01','R004','INFECTIOUS DISEASE DIAGNOSTIC LABORATORY INC.','Unit 7 Hectan Commercial Center Halang, Calamba City, Laguna','(049)834-1745',NULL,'iddl.inc@gmail.com','ONE AGNO MEDIAL SOLUTIONS, ONE AMS Bldg.,Block 1, Lot 17 Kayamanan St., Tierra Valiente Subd.,Pamana Homes, Brgy. Bucal, Calamba City, Laguna 4027',NULL,'09178216261/09238984858',NULL,'30 days','2023-12-06','2024-01-05','20803.93','2496.47','23300.4','Printed',NULL,NULL,'2023-12-01','2023-12-04'),(0265,'2023-12-04','R009','SV SCIENCE DATA TRADING','UNIT 36 Facilities Center 548 Shaw Blvd. Mandaluyong City','(632)53333622',NULL,'-','ONE AGNO MEDIAL SOLUTIONS, ONE AMS Bldg.,Block 1, Lot 17 Kayamanan St., Tierra Valiente Subd.,Pamana Homes, Brgy. Bucal, Calamba City, Laguna 4027',NULL,'09178216261/09238984858',NULL,'C.O.D','2023-12-06','2023-12-06','535.71','64.29','600','Printed',NULL,NULL,'2023-12-04','2023-12-04'),(0266,'2023-12-04','R018','FIA MEDICAL SUPPLY INC.','LOT 16 BLK 19 ROAD 5-A AREA 6 UPS-5, SAN ISIDRO, PARAÑAQUE CITY, NCR FOURTH DISTRICT',NULL,NULL,NULL,'ONE AGNO MEDIAL SOLUTIONS, ONE AMS Bldg.,Block 1, Lot 17 Kayamanan St., Tierra Valiente Subd.,Pamana Homes, Brgy. Bucal, Calamba City, Laguna 4027',NULL,'09178216261/09238984858',NULL,'30 days','2023-12-06','2024-01-05','6674.11','800.89','7475','Printed',NULL,NULL,'2023-12-04','2023-12-04'),(0267,'2023-12-07','R021','ELEVATE HEALTH VENTURES CO.','Francesca Royal Condominium Old Sauyo Quezon City','0912-817-4715',NULL,'elevatehealthventuresco@gmail.com','ONE AGNO MEDIAL SOLUTIONS, ONE AMS Bldg.,Block 1, Lot 17 Kayamanan St., Tierra Valiente Subd.,Pamana Homes, Brgy. Bucal, Calamba City, Laguna 4027',NULL,'09178216261/09238984858',NULL,'30 days','2023-12-13','2024-01-12','11964.29','1435.71','13400','For Approval',NULL,NULL,'2023-12-06','2023-12-06'),(0268,'2023-12-07','R003','TRULABORATORIES CORPORATION','14 Detroit Street, Barangay Pinagkaisahan, Cubao, Quezon City','(02)3451-1964',NULL,'-','ONE AGNO MEDIAL SOLUTIONS, ONE AMS Bldg.,Block 1, Lot 17 Kayamanan St., Tierra Valiente Subd.,Pamana Homes, Brgy. Bucal, Calamba City, Laguna 4027',NULL,'09178216261/09238984858',NULL,'30 days','2023-12-13','2024-01-12','4517.86','542.14','5060','For Approval',NULL,NULL,'2023-12-06','2023-12-07'),(0269,'2023-12-07','R014','Medical Trends and Technologies(MEDTEK),INC','200 J. Elizalde St., Cor Concha St., Phase 1, BF Homes, Paranaque City 1700','(632)806-9267/(632)806-9943',NULL,'donna@medtek.com.ph','ONE AGNO MEDIAL SOLUTIONS, ONE AMS Bldg.,Block 1, Lot 17 Kayamanan St., Tierra Valiente Subd.,Pamana Homes, Brgy. Bucal, Calamba City, Laguna 4027',NULL,'09178216261/09238984858',NULL,'30 days','2023-12-13','2024-01-12','5610','673.2','6283.2','For Approval',NULL,NULL,'2023-12-06','2023-12-07'),(0270,'2023-12-07','R006','GOLDQUEST BIOTECHNOLOGIES,Inc.','414 San Fernando St. Brgy. 282 Zone 26,San Nicolas, Manila','-',NULL,'-','ONE AGNO MEDIAL SOLUTIONS, ONE AMS Bldg.,Block 1, Lot 17 Kayamanan St., Tierra Valiente Subd.,Pamana Homes, Brgy. Bucal, Calamba City, Laguna 4027',NULL,'09178216261/09238984858',NULL,'30 days','2023-12-13','2024-01-12','3026.79','363.21','3390','For Approval',NULL,NULL,'2023-12-06','2023-12-07'),(0271,'2023-12-07','R008','MEDASIA MEDICAL PRODUCTS CORPORATION','Rm. 414 Web-Jet Bldg. #64 Quezon Avenue,Quezon City','(028)516-7637',NULL,'-','ONE AGNO MEDIAL SOLUTIONS, ONE AMS Bldg.,Block 1, Lot 17 Kayamanan St., Tierra Valiente Subd.,Pamana Homes, Brgy. Bucal, Calamba City, Laguna 4027',NULL,'09178216261/09238984858',NULL,'C.O.D','2023-12-13','2023-12-13','53392.86','6407.14','59800','For Approval',NULL,NULL,'2023-12-07','2023-12-07');
/*!40000 ALTER TABLE `tbl_new_purchase` ENABLE KEYS */;
UNLOCK TABLES;

--
-- Table structure for table `tbl_payable_voucher`
--

DROP TABLE IF EXISTS `tbl_payable_voucher`;
/*!40101 SET @saved_cs_client     = @@character_set_client */;
/*!40101 SET character_set_client = utf8 */;
CREATE TABLE `tbl_payable_voucher` (
  `ID` int(11) NOT NULL AUTO_INCREMENT,
  `Payee` varchar(255) DEFAULT NULL,
  `PayeeID` varchar(255) DEFAULT NULL,
  `Address` text,
  `TIN` varchar(255) NOT NULL,
  `Type` varchar(255) DEFAULT NULL,
  `Total` double DEFAULT NULL,
  `Vatable` double DEFAULT NULL,
  `EWTPercentage` varchar(255) DEFAULT NULL,
  `EWT` double DEFAULT NULL,
  `VAT` double DEFAULT NULL,
  `CheckID` varchar(255) DEFAULT NULL,
  `PreparedBy` varchar(255) DEFAULT NULL,
  `CheckedBy` varchar(255) DEFAULT NULL,
  `ApprovedBy` varchar(255) DEFAULT NULL,
  `ReceivedBy` varchar(2555) DEFAULT NULL,
  `Status` varchar(255) DEFAULT NULL,
  `RemarksHeading` varchar(255) DEFAULT NULL,
  `Remarks` varchar(255) DEFAULT NULL,
  `DueDate` date DEFAULT NULL,
  `VoucherDate` date DEFAULT NULL,
  `created_at` date NOT NULL,
  `updated_at` date NOT NULL,
  PRIMARY KEY (`ID`)
) ENGINE=InnoDB DEFAULT CHARSET=utf8mb4;
/*!40101 SET character_set_client = @saved_cs_client */;

--
-- Dumping data for table `tbl_payable_voucher`
--

LOCK TABLES `tbl_payable_voucher` WRITE;
/*!40000 ALTER TABLE `tbl_payable_voucher` DISABLE KEYS */;
/*!40000 ALTER TABLE `tbl_payable_voucher` ENABLE KEYS */;
UNLOCK TABLES;

--
-- Table structure for table `tbl_paymentinfo`
--

DROP TABLE IF EXISTS `tbl_paymentinfo`;
/*!40101 SET @saved_cs_client     = @@character_set_client */;
/*!40101 SET character_set_client = utf8 */;
CREATE TABLE `tbl_paymentinfo` (
  `PaymentNo` int(11) DEFAULT NULL,
  `ID` varchar(255) DEFAULT NULL,
  `Amount` varchar(255) DEFAULT NULL,
  `Number` varchar(255) DEFAULT NULL,
  `Bank` varchar(255) DEFAULT NULL,
  `Date` date DEFAULT NULL,
  `Type` varchar(255) DEFAULT NULL
) ENGINE=InnoDB DEFAULT CHARSET=latin1;
/*!40101 SET character_set_client = @saved_cs_client */;

--
-- Dumping data for table `tbl_paymentinfo`
--

LOCK TABLES `tbl_paymentinfo` WRITE;
/*!40000 ALTER TABLE `tbl_paymentinfo` DISABLE KEYS */;
INSERT INTO `tbl_paymentinfo` VALUES (NULL,'192133','140327.20','192133','CHINABANK','0000-00-00','Check');
/*!40000 ALTER TABLE `tbl_paymentinfo` ENABLE KEYS */;
UNLOCK TABLES;

--
-- Table structure for table `tbl_poproducts`
--

DROP TABLE IF EXISTS `tbl_poproducts`;
/*!40101 SET @saved_cs_client     = @@character_set_client */;
/*!40101 SET character_set_client = utf8 */;
CREATE TABLE `tbl_poproducts` (
  `ID` int(11) NOT NULL AUTO_INCREMENT,
  `PONumber` varchar(255) DEFAULT NULL,
  `Catalogue` varchar(255) DEFAULT NULL,
  `Unit` varchar(255) DEFAULT NULL,
  `Description` varchar(255) DEFAULT NULL,
  `Quantity` varchar(255) DEFAULT NULL,
  `UnitCost` varchar(255) DEFAULT NULL,
  `Amount` varchar(255) DEFAULT NULL,
  `QuantityServed` int(11) DEFAULT NULL,
  PRIMARY KEY (`ID`)
) ENGINE=InnoDB DEFAULT CHARSET=latin1;
/*!40101 SET character_set_client = @saved_cs_client */;

--
-- Dumping data for table `tbl_poproducts`
--

LOCK TABLES `tbl_poproducts` WRITE;
/*!40000 ALTER TABLE `tbl_poproducts` DISABLE KEYS */;
/*!40000 ALTER TABLE `tbl_poproducts` ENABLE KEYS */;
UNLOCK TABLES;

--
-- Table structure for table `tbl_pricelist`
--

DROP TABLE IF EXISTS `tbl_pricelist`;
/*!40101 SET @saved_cs_client     = @@character_set_client */;
/*!40101 SET character_set_client = utf8 */;
CREATE TABLE `tbl_pricelist` (
  `HospitalID` varchar(10) NOT NULL,
  `HospitalName` varchar(255) DEFAULT NULL,
  `CatNumber` varchar(255) DEFAULT NULL,
  `Price` varchar(255) DEFAULT NULL
) ENGINE=InnoDB DEFAULT CHARSET=latin1;
/*!40101 SET character_set_client = @saved_cs_client */;

--
-- Dumping data for table `tbl_pricelist`
--

LOCK TABLES `tbl_pricelist` WRITE;
/*!40000 ALTER TABLE `tbl_pricelist` DISABLE KEYS */;
INSERT INTO `tbl_pricelist` VALUES ('HospitalID','HospitalName','CatNumber',' Price '),('PCA-2020-2','Our Lady of the Pillar Medical Center','8196057',' 9,640.79 '),('PCA-2020-2','Our Lady of the Pillar Medical Center','6844288',' 9,441.90 '),('PCA-2020-2','Our Lady of the Pillar Medical Center','6844471',' 9,369.59 '),('PCA-2020-2','Our Lady of the Pillar Medical Center','8257289',' 13,080.56 '),('PCA-2020-2','Our Lady of the Pillar Medical Center','6844430',' 13,319.30 '),('PCA-2020-2','Our Lady of the Pillar Medical Center','8157596',' 9,369.59 '),('PCA-2020-2','Our Lady of the Pillar Medical Center','8379034',' 9,369.59 '),('PCA-2020-2','Our Lady of the Pillar Medical Center','8392292',' 10,083.72 '),('PCA-2020-2','Our Lady of the Pillar Medical Center','6802584',' 9,639.94 '),('PCA-2020-2','Our Lady of the Pillar Medical Center','1053180',' 9,894.19 '),('PCA-2020-2','Our Lady of the Pillar Medical Center','1721869',' 13,080.56 '),('PCA-2020-2','Our Lady of the Pillar Medical Center','1202670',' 11,242.87 '),('PCA-2020-2','Our Lady of the Pillar Medical Center','8383051',' 9,894.19 '),('PCA-2020-2','Our Lady of the Pillar Medical Center','8102204',' 9,639.94 '),('PCA-2020-2','Our Lady of the Pillar Medical Center','1450261',' 12,099.41 '),('PCA-2020-2','Our Lady of the Pillar Medical Center','1669829',' 9,690.19 '),('PCA-2020-2','Our Lady of the Pillar Medical Center','1914605',' 11,242.87 '),('PCA-2020-2','Our Lady of the Pillar Medical Center','8476396',' 12,099.41 '),('PCA-2020-2','Our Lady of the Pillar Medical Center','8058232',' 15,437.62 '),('PCA-2020-2','Our Lady of the Pillar Medical Center','8262396',' 9,894.19 '),('PCA-2020-2','Our Lady of the Pillar Medical Center','1707801',' 9,639.94 '),('PCA-2020-2','Our Lady of the Pillar Medical Center','1515808',' 13,080.56 '),('PCA-2020-2','Our Lady of the Pillar Medical Center','8433880',' 11,242.87 '),('PCA-2020-2','Our Lady of the Pillar Medical Center','8255093',' 11,242.87 '),('PCA-2020-2','Our Lady of the Pillar Medical Center','1513209',' 12,099.41 '),('PCA-2020-2','Our Lady of the Pillar Medical Center','8159931',' 9,894.19 '),('PCA-2020-2','Our Lady of the Pillar Medical Center','1336544',' 9,690.19 '),('PCA-2020-2','Our Lady of the Pillar Medical Center','1943927',' 9,639.94 '),('PCA-2020-2','Our Lady of the Pillar Medical Center','8433815',' 11,329.35 '),('PCA-2020-2','Our Lady of the Pillar Medical Center','6801895',' 23,587.08 '),('PCA-2020-2','Our Lady of the Pillar Medical Center','1037274',' 4,635.58 '),('PCA-2020-2','Our Lady of the Pillar Medical Center','1988211',' 3,471.19 '),('PCA-2020-2','Our Lady of the Pillar Medical Center','8046872',' 3,378.80 '),('PCA-2020-2','Our Lady of the Pillar Medical Center','1726926',' 3,924.59 '),('PCA-2020-2','Our Lady of the Pillar Medical Center','8112724',' 3,373.80 '),('PCA-2020-2','Our Lady of the Pillar Medical Center','1612365',' 2,967.52 '),('PCA-2020-2','Our Lady of the Pillar Medical Center','8004707',' 3,373.80 '),('PCA-2020-2','Our Lady of the Pillar Medical Center','8478034',' 3,630.35 '),('PCA-2020-2','Our Lady of the Pillar Medical Center','8001133',' 4,631.39 '),('PCA-2020-2','Our Lady of the Pillar Medical Center','8097990',' 14,498.35 '),('PCA-2020-2','Our Lady of the Pillar Medical Center','8208431',' 3,635.58 '),('PCA-2020-2','Our Lady of the Pillar Medical Center','8343386',' 14,498.35 '),('PCA-2020-2','Our Lady of the Pillar Medical Center','1924547',' 4,214.64 '),('PCA-2020-2','Our Lady of the Pillar Medical Center','8150112',' 3,373.80 '),('PCA-2020-2','Our Lady of the Pillar Medical Center','8297749',' 3,924.59 '),('PCA-2020-2','Our Lady of the Pillar Medical Center','1632660',' 3,373.80 '),('PCA-2020-2','Our Lady of the Pillar Medical Center','1921204',' 3,373.80 '),('PCA-2020-2','Our Lady of the Pillar Medical Center','8221384',' 15,154.90 '),('PCA-2020-2','Our Lady of the Pillar Medical Center','8298671',' 14,498.35 '),('PCA-2020-2','Our Lady of the Pillar Medical Center','1314343',' 4,631.39 '),('PCA-2020-2','Our Lady of the Pillar Medical Center','1307164',' 4,631.39 '),('PCA-2020-2','Our Lady of the Pillar Medical Center','6800120',' 3,630.35 '),('PCA-2020-2','Our Lady of the Pillar Medical Center','1882208',' 5,298.44 '),('PCA-2020-2','Our Lady of the Pillar Medical Center','1662659',' 5,298.44 '),('PCA-2020-2','Our Lady of the Pillar Medical Center','1290709',' 3,666.49 '),('PCA-2020-2','Our Lady of the Pillar Medical Center','1204668',' 3,667.76 '),('PCA-2020-2','Our Lady of the Pillar Medical Center','1149764',' 5,298.44 '),('PCA-2020-2','Our Lady of the Pillar Medical Center','1204247',' 7,068.82 '),('PCA-2020-2','Our Lady of the Pillar Medical Center','1320498',' 5,298.44 '),('PCA-2020-2','Our Lady of the Pillar Medical Center','8578163',' 5,298.44 '),('PCA-2020-2','Our Lady of the Pillar Medical Center','8568040',' 5,298.44 '),('PCA-2020-2','Our Lady of the Pillar Medical Center','6800189',' 5,298.44 '),('PCA-2020-2','Our Lady of the Pillar Medical Center','6801697',' 39,670.99 '),('PCA-2020-2','Our Lady of the Pillar Medical Center','6801700',' 9,881.87 '),('PCA-2020-2','Our Lady of the Pillar Medical Center','6801701',' 17,169.13 '),('PCA-2020-2','Our Lady of the Pillar Medical Center','6802323',' 11,788.14 '),('PCA-2020-2','Our Lady of the Pillar Medical Center','6802344',' 8,409.94 '),('PCA-2020-2','Our Lady of the Pillar Medical Center','6801703',' 9,881.87 '),('PCA-2020-2','Our Lady of the Pillar Medical Center','6801702',' 7,517.13 '),('PCA-2020-2','Our Lady of the Pillar Medical Center','6801708',' 12,367.26 '),('PCA-2020-2','Our Lady of the Pillar Medical Center','6801896',' 9,458.96 '),('PCA-2020-2','Our Lady of the Pillar Medical Center','1110352',' 2,649.22 '),('PCA-2020-2','Our Lady of the Pillar Medical Center','8067324',' 5,582.92 '),('PCA-2020-2','Our Lady of the Pillar Medical Center','8231474',' 5,582.92 '),('PCA-2020-2','Our Lady of the Pillar Medical Center','8721508',' 5,342.89 '),('PCA-2020-2','Our Lady of the Pillar Medical Center','8748220',' 5,342.89 '),('PCA-2020-2','Our Lady of the Pillar Medical Center','8466492',' 5,342.89 '),('PCA-2020-2','Our Lady of the Pillar Medical Center','1384007',' 5,342.89 '),('PCA-2020-2','Our Lady of the Pillar Medical Center','8962540',' 4,734.56 '),('PCA-2020-2','Our Lady of the Pillar Medical Center','1792357',' 4,734.56 '),('PCA-2020-2','Our Lady of the Pillar Medical Center','8182172',' 4,734.56 '),('PCA-2020-2','Our Lady of the Pillar Medical Center','6800190',' 5,342.89 '),('PCA-2020-2','Our Lady of the Pillar Medical Center','6800191',' 5,342.89 '),('PCA-2020-2','Our Lady of the Pillar Medical Center','8262487',' 2,962.91 '),('PCA-2020-2','Our Lady of the Pillar Medical Center','8936049',' 4,734.56 '),('PCA-2020-2','Our Lady of the Pillar Medical Center','8597452',' 4,734.56 '),('PCA-2020-2','Our Lady of the Pillar Medical Center','1830033',' 8,543.29 '),('PCA-2020-2','Our Lady of the Pillar Medical Center','6844463',' 9,744.71 '),('PCA-2020-2','Our Lady of the Pillar Medical Center','1213115',' 5,800.09 '),('PCA-2020-2','Our Lady of the Pillar Medical Center','1247873',' 2,800.35 '),('PCA-2020-2','Our Lady of the Pillar Medical Center','1250232',' 2,099.31 '),('PCA-2020-2','Our Lady of the Pillar Medical Center','1451392',' 1,286.51 '),('PCA-2020-2','Our Lady of the Pillar Medical Center','6801715',' 2,964.18 '),('PCA-2020-2','Our Lady of the Pillar Medical Center','1631779',' 3,261.25 '),('PBA-2021-2','Sto. Tomas Doctors Hospital and Medical Center Inc.','8196057',' 8,471.00 '),('PBA-2021-2','Sto. Tomas Doctors Hospital and Medical Center Inc.','6844288',' 7,770.67 '),('PBA-2021-2','Sto. Tomas Doctors Hospital and Medical Center Inc.','6844471',' 8,233.00 '),('PBA-2021-2','Sto. Tomas Doctors Hospital and Medical Center Inc.','8257289',' 11,493.00 '),('PBA-2021-2','Sto. Tomas Doctors Hospital and Medical Center Inc.','6844430',' 11,703.00 '),('PBA-2021-2','Sto. Tomas Doctors Hospital and Medical Center Inc.','8157596',' 7,785.00 '),('PBA-2021-2','Sto. Tomas Doctors Hospital and Medical Center Inc.','8379034',' 7,785.00 '),('PBA-2021-2','Sto. Tomas Doctors Hospital and Medical Center Inc.','8392292',' 8,860.00 '),('PBA-2021-2','Sto. Tomas Doctors Hospital and Medical Center Inc.','6802584',' 7,932.66 '),('PBA-2021-2','Sto. Tomas Doctors Hospital and Medical Center Inc.','1053180',' 8,694.00 '),('PBA-2021-2','Sto. Tomas Doctors Hospital and Medical Center Inc.','1721869',' 11,493.00 '),('PBA-2021-2','Sto. Tomas Doctors Hospital and Medical Center Inc.','1202670',' 9,879.00 '),('PBA-2021-2','Sto. Tomas Doctors Hospital and Medical Center Inc.','8383051',' 8,694.00 '),('PBA-2021-2','Sto. Tomas Doctors Hospital and Medical Center Inc.','8102204',' 7,932.66 '),('PBA-2021-2','Sto. Tomas Doctors Hospital and Medical Center Inc.','1450261',' 10,631.00 '),('PBA-2021-2','Sto. Tomas Doctors Hospital and Medical Center Inc.','1669829',' 7,974.37 '),('PBA-2021-2','Sto. Tomas Doctors Hospital and Medical Center Inc.','1914605',' 9,879.00 '),('PBA-2021-2','Sto. Tomas Doctors Hospital and Medical Center Inc.','8476396',' 10,631.00 '),('PBA-2021-2','Sto. Tomas Doctors Hospital and Medical Center Inc.','8058232',' 13,564.00 '),('PBA-2021-2','Sto. Tomas Doctors Hospital and Medical Center Inc.','8262396',' 8,694.00 '),('PBA-2021-2','Sto. Tomas Doctors Hospital and Medical Center Inc.','1707801',' 7,932.66 '),('PBA-2021-2','Sto. Tomas Doctors Hospital and Medical Center Inc.','1515808',' 11,493.00 '),('PBA-2021-2','Sto. Tomas Doctors Hospital and Medical Center Inc.','8433880',' 9,879.00 '),('PBA-2021-2','Sto. Tomas Doctors Hospital and Medical Center Inc.','8255093',' 9,879.00 '),('PBA-2021-2','Sto. Tomas Doctors Hospital and Medical Center Inc.','1513209',' 10,631.00 '),('PBA-2021-2','Sto. Tomas Doctors Hospital and Medical Center Inc.','8159931',' 8,694.00 '),('PBA-2021-2','Sto. Tomas Doctors Hospital and Medical Center Inc.','1336544',' 7,974.37 '),('PBA-2021-2','Sto. Tomas Doctors Hospital and Medical Center Inc.','1943927',' 7,932.66 '),('PBA-2021-2','Sto. Tomas Doctors Hospital and Medical Center Inc.','8433815',' 9,323.64 '),('PBA-2021-2','Sto. Tomas Doctors Hospital and Medical Center Inc.','6801895',' 19,409.70 '),('PBA-2021-2','Sto. Tomas Doctors Hospital and Medical Center Inc.','1037274',' 3,953.00 '),('PBA-2021-2','Sto. Tomas Doctors Hospital and Medical Center Inc.','8168122',' 2,965.00 '),('PBA-2021-2','Sto. Tomas Doctors Hospital and Medical Center Inc.','1988211',' 3,050.00 '),('PBA-2021-2','Sto. Tomas Doctors Hospital and Medical Center Inc.','8046872',' 2,965.00 '),('PBA-2021-2','Sto. Tomas Doctors Hospital and Medical Center Inc.','1726926',' 3,449.00 '),('PBA-2021-2','Sto. Tomas Doctors Hospital and Medical Center Inc.','8112724',' 2,965.00 '),('PBA-2021-2','Sto. Tomas Doctors Hospital and Medical Center Inc.','1612365',' 2,608.00 '),('PBA-2021-2','Sto. Tomas Doctors Hospital and Medical Center Inc.','8892382',' 12,650.00 '),('PBA-2021-2','Sto. Tomas Doctors Hospital and Medical Center Inc.','8004707',' 2,965.00 '),('PBA-2021-2','Sto. Tomas Doctors Hospital and Medical Center Inc.','8478034',' 3,190.00 '),('PBA-2021-2','Sto. Tomas Doctors Hospital and Medical Center Inc.','8001133',' 4,070.00 '),('PBA-2021-2','Sto. Tomas Doctors Hospital and Medical Center Inc.','8097990',' 12,102.00 '),('PBA-2021-2','Sto. Tomas Doctors Hospital and Medical Center Inc.','8208431',' 3,195.00 '),('PBA-2021-2','Sto. Tomas Doctors Hospital and Medical Center Inc.','8343386',' 12,102.00 '),('PBA-2021-2','Sto. Tomas Doctors Hospital and Medical Center Inc.','1924547',' 3,703.00 '),('PBA-2021-2','Sto. Tomas Doctors Hospital and Medical Center Inc.','8150112',' 2,965.00 '),('PBA-2021-2','Sto. Tomas Doctors Hospital and Medical Center Inc.','8297749',' 3,449.00 '),('PBA-2021-2','Sto. Tomas Doctors Hospital and Medical Center Inc.','1632660',' 2,965.00 '),('PBA-2021-2','Sto. Tomas Doctors Hospital and Medical Center Inc.','1921204',' 2,965.00 '),('PBA-2021-2','Sto. Tomas Doctors Hospital and Medical Center Inc.','8221384',' 12,650.00 '),('PBA-2021-2','Sto. Tomas Doctors Hospital and Medical Center Inc.','8298671',' 12,102.00 '),('PBA-2021-2','Sto. Tomas Doctors Hospital and Medical Center Inc.','1314343',' 4,070.00 '),('PBA-2021-2','Sto. Tomas Doctors Hospital and Medical Center Inc.','1307164',' 4,070.00 '),('PBA-2021-2','Sto. Tomas Doctors Hospital and Medical Center Inc.','6800120',' 3,190.00 '),('PBA-2021-2','Sto. Tomas Doctors Hospital and Medical Center Inc.','1882208',' 4,998.00 '),('PBA-2021-2','Sto. Tomas Doctors Hospital and Medical Center Inc.','1662659',' 4,998.00 '),('PBA-2021-2','Sto. Tomas Doctors Hospital and Medical Center Inc.','1290709',' 3,816.00 '),('PBA-2021-2','Sto. Tomas Doctors Hospital and Medical Center Inc.','1204668',' 3,816.00 '),('PBA-2021-2','Sto. Tomas Doctors Hospital and Medical Center Inc.','1149764',' 5,071.00 '),('PBA-2021-2','Sto. Tomas Doctors Hospital and Medical Center Inc.','1204247',' 6,765.00 '),('PBA-2021-2','Sto. Tomas Doctors Hospital and Medical Center Inc.','1320498',' 5,071.00 '),('PBA-2021-2','Sto. Tomas Doctors Hospital and Medical Center Inc.','8578163',' 5,071.00 '),('PBA-2021-2','Sto. Tomas Doctors Hospital and Medical Center Inc.','8568040',' 5,071.00 '),('PBA-2021-2','Sto. Tomas Doctors Hospital and Medical Center Inc.','6800189',' 5,071.00 '),('PBA-2021-2','Sto. Tomas Doctors Hospital and Medical Center Inc.','6801896',' 8,643.00 '),('PBA-2021-2','Sto. Tomas Doctors Hospital and Medical Center Inc.','1110352',' 2,535.00 '),('PBA-2021-2','Sto. Tomas Doctors Hospital and Medical Center Inc.','8067324',' 6,204.00 '),('PBA-2021-2','Sto. Tomas Doctors Hospital and Medical Center Inc.','8231474',' 6,204.00 '),('PBA-2021-2','Sto. Tomas Doctors Hospital and Medical Center Inc.','8721508',' 4,998.00 '),('PBA-2021-2','Sto. Tomas Doctors Hospital and Medical Center Inc.','8748220',' 4,998.00 '),('PBA-2021-2','Sto. Tomas Doctors Hospital and Medical Center Inc.','8466492',' 4,998.00 '),('PBA-2021-2','Sto. Tomas Doctors Hospital and Medical Center Inc.','1384007',' 4,998.00 '),('PBA-2021-2','Sto. Tomas Doctors Hospital and Medical Center Inc.','8962540',' 5,357.00 '),('PBA-2021-2','Sto. Tomas Doctors Hospital and Medical Center Inc.','1792357',' 5,357.00 '),('PBA-2021-2','Sto. Tomas Doctors Hospital and Medical Center Inc.','8182172',' 5,357.00 '),('PBA-2021-2','Sto. Tomas Doctors Hospital and Medical Center Inc.','6800190',' 4,998.00 '),('PBA-2021-2','Sto. Tomas Doctors Hospital and Medical Center Inc.','6800191',' 4,998.00 '),('PBA-2021-2','Sto. Tomas Doctors Hospital and Medical Center Inc.','8262487',' 2,886.00 '),('PBA-2021-2','Sto. Tomas Doctors Hospital and Medical Center Inc.','8867541',' 7,995.00 '),('PBA-2021-2','Sto. Tomas Doctors Hospital and Medical Center Inc.','8074452',' 3,168.00 '),('PBA-2021-2','Sto. Tomas Doctors Hospital and Medical Center Inc.','8936049',' 5,357.00 '),('PBA-2021-2','Sto. Tomas Doctors Hospital and Medical Center Inc.','8597452',' 5,357.00 '),('PBA-2021-2','Sto. Tomas Doctors Hospital and Medical Center Inc.','1830033',' 9,666.00 '),('PBA-2021-2','Sto. Tomas Doctors Hospital and Medical Center Inc.','6844463',' 11,025.00 '),('PBA-2021-2','Sto. Tomas Doctors Hospital and Medical Center Inc.','1765304',' 11,025.00 '),('PBA-2021-2','Sto. Tomas Doctors Hospital and Medical Center Inc.','1213115',' 5,338.00 '),('PBA-2021-2','Sto. Tomas Doctors Hospital and Medical Center Inc.','1247873',' 2,557.00 '),('PBA-2021-2','Sto. Tomas Doctors Hospital and Medical Center Inc.','1250232',' 1,930.00 '),('PBA-2021-2','Sto. Tomas Doctors Hospital and Medical Center Inc.','1451392',' 1,229.00 '),('PBA-2021-2','Sto. Tomas Doctors Hospital and Medical Center Inc.','1474030',' 964.00 '),('PBA-2021-2','Sto. Tomas Doctors Hospital and Medical Center Inc.','6801715',' 2,864.00 '),('PBA-2021-2','Sto. Tomas Doctors Hospital and Medical Center Inc.','1331560',' 6,720.00 '),('PBA-2021-2','Sto. Tomas Doctors Hospital and Medical Center Inc.','1158294',' 3,929.00 '),('PBA-2021-2','Sto. Tomas Doctors Hospital and Medical Center Inc.','1338953',' 1,698.00 '),('PBA-2021-2','Sto. Tomas Doctors Hospital and Medical Center Inc.','1631779',' 3,586.00 '),('PBA-2021-2','Sto. Tomas Doctors Hospital and Medical Center Inc.','1412204',' 3,368.00 '),('PBA-2021-2','Sto. Tomas Doctors Hospital and Medical Center Inc.','1204791',' 10,957.00 '),('PBA-2021-2','Sto. Tomas Doctors Hospital and Medical Center Inc.','1561976',' 1,978.00 '),('PLL-2015-0','Pagsanjan Medical Clinic Inc.','8196057',' 8,329.26 '),('PLL-2015-0','Pagsanjan Medical Clinic Inc.','6844288',' 8,329.28 '),('PLL-2015-0','Pagsanjan Medical Clinic Inc.','6844471',' 8,095.25 '),('PLL-2015-0','Pagsanjan Medical Clinic Inc.','8257289',' 11,301.92 '),('PLL-2015-0','Pagsanjan Medical Clinic Inc.','6844430',' 11,508.34 '),('PLL-2015-0','Pagsanjan Medical Clinic Inc.','8157596',' 8,095.15 '),('PLL-2015-0','Pagsanjan Medical Clinic Inc.','8379034',' 8,095.15 '),('PLL-2015-0','Pagsanjan Medical Clinic Inc.','8392292',' 8,711.98 '),('PLL-2015-0','Pagsanjan Medical Clinic Inc.','6802584',' 8,060.52 '),('PLL-2015-0','Pagsanjan Medical Clinic Inc.','1053180',' 8,548.45 '),('PLL-2015-0','Pagsanjan Medical Clinic Inc.','1721869',' 11,301.92 '),('PLL-2015-0','Pagsanjan Medical Clinic Inc.','1202670',' 9,714.30 '),('PLL-2015-0','Pagsanjan Medical Clinic Inc.','8383051',' 8,548.45 '),('PLL-2015-0','Pagsanjan Medical Clinic Inc.','8102204',' 8,060.52 '),('PLL-2015-0','Pagsanjan Medical Clinic Inc.','1450261',' 10,454.22 '),('PLL-2015-0','Pagsanjan Medical Clinic Inc.','1669829',' 8,548.45 '),('PLL-2015-0','Pagsanjan Medical Clinic Inc.','1914605',' 9,714.30 '),('PLL-2015-0','Pagsanjan Medical Clinic Inc.','8476396',' 10,454.22 '),('PLL-2015-0','Pagsanjan Medical Clinic Inc.','8058232',' 13,338.67 '),('PLL-2015-0','Pagsanjan Medical Clinic Inc.','8262396',' 8,548.45 '),('PLL-2015-0','Pagsanjan Medical Clinic Inc.','1707801',' 8,060.53 '),('PLL-2015-0','Pagsanjan Medical Clinic Inc.','1515808',' 11,301.87 '),('PLL-2015-0','Pagsanjan Medical Clinic Inc.','8433880',' 9,714.30 '),('PLL-2015-0','Pagsanjan Medical Clinic Inc.','8255093',' 9,714.30 '),('PLL-2015-0','Pagsanjan Medical Clinic Inc.','1513209',' 10,454.22 '),('PLL-2015-0','Pagsanjan Medical Clinic Inc.','8159931',' 8,548.45 '),('PLL-2015-0','Pagsanjan Medical Clinic Inc.','1336544',' 8,548.45 '),('PLL-2015-0','Pagsanjan Medical Clinic Inc.','1943927',' 8,060.53 '),('PLL-2015-0','Pagsanjan Medical Clinic Inc.','8433815',' 9,995.13 '),('PLL-2015-0','Pagsanjan Medical Clinic Inc.','6801895',' 20,083.00 '),('PLL-2015-0','Pagsanjan Medical Clinic Inc.','1037274',' 4,005.15 '),('PLL-2015-0','Pagsanjan Medical Clinic Inc.','8168122',' 2,914.36 '),('PLL-2015-0','Pagsanjan Medical Clinic Inc.','1988211',' 2,998.50 '),('PLL-2015-0','Pagsanjan Medical Clinic Inc.','8046872',' 2,914.36 '),('PLL-2015-0','Pagsanjan Medical Clinic Inc.','1726926',' 3,390.57 '),('PLL-2015-0','Pagsanjan Medical Clinic Inc.','8112724',' 2,914.36 '),('PLL-2015-0','Pagsanjan Medical Clinic Inc.','1612365',' 2,563.74 '),('PLL-2015-0','Pagsanjan Medical Clinic Inc.','8892382',' 13,094.35 '),('PLL-2015-0','Pagsanjan Medical Clinic Inc.','8004707',' 2,914.36 '),('PLL-2015-0','Pagsanjan Medical Clinic Inc.','8478034',' 3,136.32 '),('PLL-2015-0','Pagsanjan Medical Clinic Inc.','8001133',' 4,001.58 '),('PLL-2015-0','Pagsanjan Medical Clinic Inc.','8097990',' 12,526.83 '),('PLL-2015-0','Pagsanjan Medical Clinic Inc.','8208431',' 3,140.71 '),('PLL-2015-0','Pagsanjan Medical Clinic Inc.','8343386',' 12,526.83 '),('PLL-2015-0','Pagsanjan Medical Clinic Inc.','1924547',' 3,641.37 '),('PLL-2015-0','Pagsanjan Medical Clinic Inc.','8150112',' 2,914.30 '),('PLL-2015-0','Pagsanjan Medical Clinic Inc.','8297749',' 3,390.57 '),('PLL-2015-0','Pagsanjan Medical Clinic Inc.','1632660',' 2,914.36 '),('PLL-2015-0','Pagsanjan Medical Clinic Inc.','1921204',' 2,914.39 '),('PLL-2015-0','Pagsanjan Medical Clinic Inc.','8221384',' 13,094.35 '),('PLL-2015-0','Pagsanjan Medical Clinic Inc.','8298671',' 12,526.83 '),('PLL-2015-0','Pagsanjan Medical Clinic Inc.','1314343',' 2,914.36 '),('PLL-2015-0','Pagsanjan Medical Clinic Inc.','1307164',' 4,001.58 '),('PLL-2015-0','Pagsanjan Medical Clinic Inc.','6800120',' 3,136.32 '),('PLL-2015-0','Pagsanjan Medical Clinic Inc.','1882208',' 4,391.38 '),('PLL-2015-0','Pagsanjan Medical Clinic Inc.','1662659',' 4,391.38 '),('PLL-2015-0','Pagsanjan Medical Clinic Inc.','1290709',' 2,900.00 '),('PLL-2015-0','Pagsanjan Medical Clinic Inc.','1204668',' 2,900.00 '),('PLL-2015-0','Pagsanjan Medical Clinic Inc.','1149764',' 4,391.38 '),('PLL-2015-0','Pagsanjan Medical Clinic Inc.','1204247',' 5,858.00 '),('PLL-2015-0','Pagsanjan Medical Clinic Inc.','1320498',' 4,391.38 '),('PLL-2015-0','Pagsanjan Medical Clinic Inc.','8578163',' 4,391.38 '),('PLL-2015-0','Pagsanjan Medical Clinic Inc.','8568040',' 4,391.38 '),('PLL-2015-0','Pagsanjan Medical Clinic Inc.','6800189',' 4,391.38 '),('PLL-2015-0','Pagsanjan Medical Clinic Inc.','6801896',' 7,840.00 '),('PLL-2015-0','Pagsanjan Medical Clinic Inc.','1110352',' 2,195.69 '),('PLL-2015-0','Pagsanjan Medical Clinic Inc.','8067324',' 5,908.00 '),('PLL-2015-0','Pagsanjan Medical Clinic Inc.','8231474',' 5,908.00 '),('PLL-2015-0','Pagsanjan Medical Clinic Inc.','8721508',' 4,428.05 '),('PLL-2015-0','Pagsanjan Medical Clinic Inc.','8748220',' 4,428.05 '),('PLL-2015-0','Pagsanjan Medical Clinic Inc.','8466492',' 4,428.05 '),('PLL-2015-0','Pagsanjan Medical Clinic Inc.','1384007',' 4,428.05 '),('PLL-2015-0','Pagsanjan Medical Clinic Inc.','8962540',' 5,101.14 '),('PLL-2015-0','Pagsanjan Medical Clinic Inc.','1792357',' 5,101.14 '),('PLL-2015-0','Pagsanjan Medical Clinic Inc.','8182172',' 5,101.14 '),('PLL-2015-0','Pagsanjan Medical Clinic Inc.','6800190',' 4,428.05 '),('PLL-2015-0','Pagsanjan Medical Clinic Inc.','6800191',' 4,428.05 '),('PLL-2015-0','Pagsanjan Medical Clinic Inc.','8262487',' 2,454.86 '),('PLL-2015-0','Pagsanjan Medical Clinic Inc.','8867541',' 6,923.00 '),('PLL-2015-0','Pagsanjan Medical Clinic Inc.','8074452',' 2,265.00 '),('PLL-2015-0','Pagsanjan Medical Clinic Inc.','8936049',' 5,101.80 '),('PLL-2015-0','Pagsanjan Medical Clinic Inc.','8597452',' 5,101.80 '),('PLL-2015-0','Pagsanjan Medical Clinic Inc.','1830033',' 9,205.35 '),('PLL-2015-0','Pagsanjan Medical Clinic Inc.','6844463',' 10,499.28 '),('PLL-2015-0','Pagsanjan Medical Clinic Inc.','1765304',' 10,499.68 '),('PLL-2015-0','Pagsanjan Medical Clinic Inc.','1213115',' 4,622.42 '),('PLL-2015-0','Pagsanjan Medical Clinic Inc.','1247873',' 2,320.00 '),('PLL-2015-0','Pagsanjan Medical Clinic Inc.','1250232',' 1,735.84 '),('PLL-2015-0','Pagsanjan Medical Clinic Inc.','1627439',' 5,190.66 '),('PLL-2015-0','Pagsanjan Medical Clinic Inc.','1451392',' 1,065.66 '),('PLL-2015-0','Pagsanjan Medical Clinic Inc.','1474030',' 976.27 '),('PLL-2015-0','Pagsanjan Medical Clinic Inc.','6801715',' 2,632.47 '),('PLL-2015-0','Pagsanjan Medical Clinic Inc.','1250315',' 6,399.36 '),('PLL-2015-0','Pagsanjan Medical Clinic Inc.','1122423',' 10,434.45 '),('PLL-2015-0','Pagsanjan Medical Clinic Inc.','1331560',' 6,399.36 '),('PLL-2015-0','Pagsanjan Medical Clinic Inc.','1158294',' 3,741.08 '),('PLL-2015-0','Pagsanjan Medical Clinic Inc.','1338953',' 1,617.00 '),('PLL-2015-0','Pagsanjan Medical Clinic Inc.','1631779',' 3,415.10 '),('PLL-2015-0','Pagsanjan Medical Clinic Inc.','1412204',' 3,207.45 '),('PLL-2015-0','Pagsanjan Medical Clinic Inc.','1204791',' 10,434.45 '),('PLL-2015-0','Pagsanjan Medical Clinic Inc.','1561976',' 1,883.42 '),('PLU-2020-2','Peter Paul Medical Center of Candelaria, Inc. ','8196057',' 8,471.00 '),('PLU-2020-2','Peter Paul Medical Center of Candelaria, Inc. ','6844288',' 8,011.00 '),('PLU-2020-2','Peter Paul Medical Center of Candelaria, Inc. ','6844471',' 8,233.00 '),('PLU-2020-2','Peter Paul Medical Center of Candelaria, Inc. ','8257289',' 11,493.00 '),('PLU-2020-2','Peter Paul Medical Center of Candelaria, Inc. ','6844430',' 11,703.00 '),('PLU-2020-2','Peter Paul Medical Center of Candelaria, Inc. ','8157596',' 7,785.00 '),('PLU-2020-2','Peter Paul Medical Center of Candelaria, Inc. ','8379034',' 7,785.00 '),('PLU-2020-2','Peter Paul Medical Center of Candelaria, Inc. ','8392292',' 8,860.00 '),('PLU-2020-2','Peter Paul Medical Center of Candelaria, Inc. ','6802584',' 8,178.00 '),('PLU-2020-2','Peter Paul Medical Center of Candelaria, Inc. ','1053180',' 8,694.00 '),('PLU-2020-2','Peter Paul Medical Center of Candelaria, Inc. ','1721869',' 11,493.00 '),('PLU-2020-2','Peter Paul Medical Center of Candelaria, Inc. ','1202670',' 9,879.00 '),('PLU-2020-2','Peter Paul Medical Center of Candelaria, Inc. ','8383051',' 8,694.00 '),('PLU-2020-2','Peter Paul Medical Center of Candelaria, Inc. ','8102204',' 8,178.00 '),('PLU-2020-2','Peter Paul Medical Center of Candelaria, Inc. ','1450261',' 10,631.00 '),('PLU-2020-2','Peter Paul Medical Center of Candelaria, Inc. ','1669829',' 8,221.00 '),('PLU-2020-2','Peter Paul Medical Center of Candelaria, Inc. ','1914605',' 9,879.00 '),('PLU-2020-2','Peter Paul Medical Center of Candelaria, Inc. ','8476396',' 10,631.00 '),('PLU-2020-2','Peter Paul Medical Center of Candelaria, Inc. ','8058232',' 13,564.00 '),('PLU-2020-2','Peter Paul Medical Center of Candelaria, Inc. ','8262396',' 8,694.00 '),('PLU-2020-2','Peter Paul Medical Center of Candelaria, Inc. ','1707801',' 8,178.00 '),('PLU-2020-2','Peter Paul Medical Center of Candelaria, Inc. ','1515808',' 11,493.00 '),('PLU-2020-2','Peter Paul Medical Center of Candelaria, Inc. ','8433880',' 9,879.00 '),('PLU-2020-2','Peter Paul Medical Center of Candelaria, Inc. ','8255093',' 9,879.00 '),('PLU-2020-2','Peter Paul Medical Center of Candelaria, Inc. ','1513209',' 10,631.00 '),('PLU-2020-2','Peter Paul Medical Center of Candelaria, Inc. ','8159931',' 8,694.00 '),('PLU-2020-2','Peter Paul Medical Center of Candelaria, Inc. ','1336544',' 8,221.00 '),('PLU-2020-2','Peter Paul Medical Center of Candelaria, Inc. ','1943927',' 8,178.00 '),('PLU-2020-2','Peter Paul Medical Center of Candelaria, Inc. ','8433815',' 9,612.00 '),('PLU-2020-2','Peter Paul Medical Center of Candelaria, Inc. ','6801895',' 20,010.00 '),('PLU-2020-2','Peter Paul Medical Center of Candelaria, Inc. ','1037274',' 3,953.00 '),('PLU-2020-2','Peter Paul Medical Center of Candelaria, Inc. ','8168122',' 2,965.00 '),('PLU-2020-2','Peter Paul Medical Center of Candelaria, Inc. ','1988211',' 3,050.00 '),('PLU-2020-2','Peter Paul Medical Center of Candelaria, Inc. ','8046872',' 2,965.00 '),('PLU-2020-2','Peter Paul Medical Center of Candelaria, Inc. ','1726926',' 3,449.00 '),('PLU-2020-2','Peter Paul Medical Center of Candelaria, Inc. ','8112724',' 2,965.00 '),('PLU-2020-2','Peter Paul Medical Center of Candelaria, Inc. ','1612365',' 2,608.00 '),('PLU-2020-2','Peter Paul Medical Center of Candelaria, Inc. ','8892382',' 12,650.00 '),('PLU-2020-2','Peter Paul Medical Center of Candelaria, Inc. ','8004707',' 2,965.00 '),('PLU-2020-2','Peter Paul Medical Center of Candelaria, Inc. ','8478034',' 3,190.00 '),('PLU-2020-2','Peter Paul Medical Center of Candelaria, Inc. ','8001133',' 4,070.00 '),('PLU-2020-2','Peter Paul Medical Center of Candelaria, Inc. ','8097990',' 12,102.00 '),('PLU-2020-2','Peter Paul Medical Center of Candelaria, Inc. ','8208431',' 3,195.00 '),('PLU-2020-2','Peter Paul Medical Center of Candelaria, Inc. ','8343386',' 12,102.00 '),('PLU-2020-2','Peter Paul Medical Center of Candelaria, Inc. ','1924547',' 3,703.00 '),('PLU-2020-2','Peter Paul Medical Center of Candelaria, Inc. ','8150112',' 2,965.00 '),('PLU-2020-2','Peter Paul Medical Center of Candelaria, Inc. ','8297749',' 3,449.00 '),('PLU-2020-2','Peter Paul Medical Center of Candelaria, Inc. ','1632660',' 2,965.00 '),('PLU-2020-2','Peter Paul Medical Center of Candelaria, Inc. ','1921204',' 2,965.00 '),('PLU-2020-2','Peter Paul Medical Center of Candelaria, Inc. ','8221384',' 12,650.00 '),('PLU-2020-2','Peter Paul Medical Center of Candelaria, Inc. ','8298671',' 12,102.00 '),('PLU-2020-2','Peter Paul Medical Center of Candelaria, Inc. ','1314343',' 4,070.00 '),('PLU-2020-2','Peter Paul Medical Center of Candelaria, Inc. ','1307164',' 4,070.00 '),('PLU-2020-2','Peter Paul Medical Center of Candelaria, Inc. ','6800120',' 3,190.00 '),('PLU-2020-2','Peter Paul Medical Center of Candelaria, Inc. ','1882208',' 4,998.00 '),('PLU-2020-2','Peter Paul Medical Center of Candelaria, Inc. ','1662659',' 4,998.00 '),('PLU-2020-2','Peter Paul Medical Center of Candelaria, Inc. ','1290709',' 3,816.00 '),('PLU-2020-2','Peter Paul Medical Center of Candelaria, Inc. ','1204668',' 3,816.00 '),('PLU-2020-2','Peter Paul Medical Center of Candelaria, Inc. ','1149764',' 5,071.00 '),('PLU-2020-2','Peter Paul Medical Center of Candelaria, Inc. ','1204247',' 6,765.00 '),('PLU-2020-2','Peter Paul Medical Center of Candelaria, Inc. ','1320498',' 5,071.00 '),('PLU-2020-2','Peter Paul Medical Center of Candelaria, Inc. ','8578163',' 5,071.00 '),('PLU-2020-2','Peter Paul Medical Center of Candelaria, Inc. ','8568040',' 5,071.00 '),('PLU-2020-2','Peter Paul Medical Center of Candelaria, Inc. ','6800189',' 5,071.00 '),('PLU-2020-2','Peter Paul Medical Center of Candelaria, Inc. ','6801896',' 8,643.00 '),('PLU-2020-2','Peter Paul Medical Center of Candelaria, Inc. ','1110352',' 2,535.00 '),('PLU-2020-2','Peter Paul Medical Center of Candelaria, Inc. ','8067324',' 6,204.00 '),('PLU-2020-2','Peter Paul Medical Center of Candelaria, Inc. ','8231474',' 6,204.00 '),('PLU-2020-2','Peter Paul Medical Center of Candelaria, Inc. ','8721508',' 4,998.00 '),('PLU-2020-2','Peter Paul Medical Center of Candelaria, Inc. ','8748220',' 4,998.00 '),('PLU-2020-2','Peter Paul Medical Center of Candelaria, Inc. ','8466492',' 4,998.00 '),('PLU-2020-2','Peter Paul Medical Center of Candelaria, Inc. ','1384007',' 4,998.00 '),('PLU-2020-2','Peter Paul Medical Center of Candelaria, Inc. ','8962540',' 5,357.00 '),('PLU-2020-2','Peter Paul Medical Center of Candelaria, Inc. ','1792357',' 5,357.00 '),('PLU-2020-2','Peter Paul Medical Center of Candelaria, Inc. ','8182172',' 5,357.00 '),('PLU-2020-2','Peter Paul Medical Center of Candelaria, Inc. ','6800190',' 4,998.00 '),('PLU-2020-2','Peter Paul Medical Center of Candelaria, Inc. ','6800191',' 4,998.00 '),('PLU-2020-2','Peter Paul Medical Center of Candelaria, Inc. ','8262487',' 2,886.00 '),('PLU-2020-2','Peter Paul Medical Center of Candelaria, Inc. ','8867541',' 7,995.00 '),('PLU-2020-2','Peter Paul Medical Center of Candelaria, Inc. ','8074452',' 3,168.00 '),('PLU-2020-2','Peter Paul Medical Center of Candelaria, Inc. ','8936049',' 5,357.00 '),('PLU-2020-2','Peter Paul Medical Center of Candelaria, Inc. ','8597452',' 5,357.00 '),('PLU-2020-2','Peter Paul Medical Center of Candelaria, Inc. ','1830033',' 9,666.00 '),('PLU-2020-2','Peter Paul Medical Center of Candelaria, Inc. ','6844463',' 11,025.00 '),('PLU-2020-2','Peter Paul Medical Center of Candelaria, Inc. ','1765304',' 11,025.00 '),('PLU-2020-2','Peter Paul Medical Center of Candelaria, Inc. ','1213115',' 5,338.00 '),('PLU-2020-2','Peter Paul Medical Center of Candelaria, Inc. ','1247873',' 2,557.00 '),('PLU-2020-2','Peter Paul Medical Center of Candelaria, Inc. ','1250232',' 1,930.00 '),('PLU-2020-2','Peter Paul Medical Center of Candelaria, Inc. ','1627439',' 5,451.00 '),('PLU-2020-2','Peter Paul Medical Center of Candelaria, Inc. ','1451392',' 1,229.00 '),('PLU-2020-2','Peter Paul Medical Center of Candelaria, Inc. ','1474030',' 964.00 '),('PLU-2020-2','Peter Paul Medical Center of Candelaria, Inc. ','6801715',' 2,864.00 '),('PLU-2020-2','Peter Paul Medical Center of Candelaria, Inc. ','1331560',' 6,720.00 '),('PLU-2020-2','Peter Paul Medical Center of Candelaria, Inc. ','1158294',' 3,929.00 '),('PLU-2020-2','Peter Paul Medical Center of Candelaria, Inc. ','1338953',' 1,698.00 '),('PLU-2020-2','Peter Paul Medical Center of Candelaria, Inc. ','1631779',' 3,586.00 '),('PLU-2020-2','Peter Paul Medical Center of Candelaria, Inc. ','1412204',' 3,368.00 '),('PLU-2020-2','Peter Paul Medical Center of Candelaria, Inc. ','1204791',' 10,957.00 '),('PLU-2020-2','Peter Paul Medical Center of Candelaria, Inc. ','1561976',' 1,978.00 '),('PCA-2021-2','City Government of Cavite','8196057',' 9,640.00 '),('PCA-2021-2','City Government of Cavite','6844288',' 9,207.00 '),('PCA-2021-2','City Government of Cavite','6844471',' 9,369.59 '),('PCA-2021-2','City Government of Cavite','8257289',' 13,080.56 '),('PCA-2021-2','City Government of Cavite','6844430',' 13,319.30 '),('PCA-2021-2','City Government of Cavite','8157596',' 9,369.59 '),('PCA-2021-2','City Government of Cavite','8379034',' 9,369.59 '),('PCA-2021-2','City Government of Cavite','8392292',' 10,083.72 '),('PCA-2021-2','City Government of Cavite','6802584',' 9,400.00 '),('PCA-2021-2','City Government of Cavite','1053180',' 9,894.19 '),('PCA-2021-2','City Government of Cavite','1721869',' 13,080.56 '),('PCA-2021-2','City Government of Cavite','1202670',' 11,242.87 '),('PCA-2021-2','City Government of Cavite','8383051',' 9,894.19 '),('PCA-2021-2','City Government of Cavite','8102204',' 9,449.00 '),('PCA-2021-2','City Government of Cavite','1450261',' 12,099.41 '),('PCA-2021-2','City Government of Cavite','1669829',' 9,449.00 '),('PCA-2021-2','City Government of Cavite','1914605',' 11,242.87 '),('PCA-2021-2','City Government of Cavite','8476396',' 12,099.41 '),('PCA-2021-2','City Government of Cavite','8058232',' 15,437.62 '),('PCA-2021-2','City Government of Cavite','8262396',' 9,894.19 '),('PCA-2021-2','City Government of Cavite','1707801',' 9,400.00 '),('PCA-2021-2','City Government of Cavite','1515808',' 13,080.56 '),('PCA-2021-2','City Government of Cavite','8433880',' 11,242.87 '),('PCA-2021-2','City Government of Cavite','8255093',' 11,242.87 '),('PCA-2021-2','City Government of Cavite','1513209',' 12,099.41 '),('PCA-2021-2','City Government of Cavite','8159931',' 9,894.19 '),('PCA-2021-2','City Government of Cavite','1336544',' 9,449.00 '),('PCA-2021-2','City Government of Cavite','1943927',' 9,449.00 '),('PCA-2021-2','City Government of Cavite','8433815',' 11,048.00 '),('PCA-2021-2','City Government of Cavite','6801895',' 23,000.00 '),('PCA-2021-2','City Government of Cavite','1037274',' 4,635.58 '),('PCA-2021-2','City Government of Cavite','1988211',' 3,471.19 '),('PCA-2021-2','City Government of Cavite','8046872',' 3,373.80 '),('PCA-2021-2','City Government of Cavite','1726926',' 3,924.59 '),('PCA-2021-2','City Government of Cavite','8112724',' 3,373.80 '),('PCA-2021-2','City Government of Cavite','1612365',' 2,967.52 '),('PCA-2021-2','City Government of Cavite','8004707',' 3,373.80 '),('PCA-2021-2','City Government of Cavite','8478034',' 3,630.35 '),('PCA-2021-2','City Government of Cavite','8001133',' 4,631.39 '),('PCA-2021-2','City Government of Cavite','8097990',' 14,498.35 '),('PCA-2021-2','City Government of Cavite','8208431',' 3,635.58 '),('PCA-2021-2','City Government of Cavite','8343386',' 14,498.35 '),('PCA-2021-2','City Government of Cavite','1924547',' 4,214.64 '),('PCA-2021-2','City Government of Cavite','8150112',' 3,373.80 '),('PCA-2021-2','City Government of Cavite','8297749',' 3,924.59 '),('PCA-2021-2','City Government of Cavite','1632660',' 3,373.80 '),('PCA-2021-2','City Government of Cavite','1921204',' 3,373.80 '),('PCA-2021-2','City Government of Cavite','8221384',' 15,154.90 '),('PCA-2021-2','City Government of Cavite','8298671',' 14,498.35 '),('PCA-2021-2','City Government of Cavite','1314343',' 4,631.39 '),('PCA-2021-2','City Government of Cavite','1307164',' 4,631.39 '),('PCA-2021-2','City Government of Cavite','6800120',' 3,630.35 '),('PCA-2021-2','City Government of Cavite','1882208',' 5,298.44 '),('PCA-2021-2','City Government of Cavite','1662659',' 5,298.44 '),('PCA-2021-2','City Government of Cavite','1290709',' 3,666.49 '),('PCA-2021-2','City Government of Cavite','1204668',' 3,667.76 '),('PCA-2021-2','City Government of Cavite','1149764',' 5,298.44 '),('PCA-2021-2','City Government of Cavite','1204247',' 7,068.82 '),('PCA-2021-2','City Government of Cavite','1320498',' 5,298.44 '),('PCA-2021-2','City Government of Cavite','8578163',' 5,298.44 '),('PCA-2021-2','City Government of Cavite','8568040',' 5,298.44 '),('PCA-2021-2','City Government of Cavite','6800189',' 5,298.44 '),('PCA-2021-2','City Government of Cavite','6801896',' 9,458.96 '),('PCA-2021-2','City Government of Cavite','1110352',' 2,649.22 '),('PCA-2021-2','City Government of Cavite','8067324',' 6,200.00 '),('PCA-2021-2','City Government of Cavite','8231474',' 6,200.00 '),('PCA-2021-2','City Government of Cavite','8721508',' 5,342.89 '),('PCA-2021-2','City Government of Cavite','8748220',' 5,342.89 '),('PCA-2021-2','City Government of Cavite','8466492',' 5,342.89 '),('PCA-2021-2','City Government of Cavite','1384007',' 5,342.89 '),('PCA-2021-2','City Government of Cavite','8962540',' 4,734.56 '),('PCA-2021-2','City Government of Cavite','1792357',' 4,734.56 '),('PCA-2021-2','City Government of Cavite','8182172',' 4,734.56 '),('PCA-2021-2','City Government of Cavite','6800190',' 5,342.89 '),('PCA-2021-2','City Government of Cavite','6800191',' 5,342.89 '),('PCA-2021-2','City Government of Cavite','8262487',' 2,962.91 '),('PCA-2021-2','City Government of Cavite','8867541',' 8,221.25 '),('PCA-2021-2','City Government of Cavite','8936049',' 4,734.56 '),('PCA-2021-2','City Government of Cavite','8597452',' 4,734.56 '),('PCA-2021-2','City Government of Cavite','1830033',' 8,543.29 '),('PCA-2021-2','City Government of Cavite','1765304',' 9,744.71 '),('PCA-2021-2','City Government of Cavite','1213115',' 5,800.09 '),('PCA-2021-2','City Government of Cavite','1247873',' 2,800.35 '),('PCA-2021-2','City Government of Cavite','1250232',' 2,099.31 '),('PCA-2021-2','City Government of Cavite','1451392',' 1,286.51 '),('PCA-2021-2','City Government of Cavite','1474030',' 753.75 '),('PCA-2021-2','City Government of Cavite','6801715',' 2,964.18 '),('PCA-2021-2','City Government of Cavite','1250315',' 1,693.75 '),('PCA-2021-2','City Government of Cavite','1331560',' 5,846.25 '),('PCA-2021-2','City Government of Cavite','1158294',' 3,417.50 '),('PCA-2021-2','City Government of Cavite','1338953',' 1,477.50 '),('PCA-2021-2','City Government of Cavite','1631779',' 3,261.25 '),('PCA-2021-2','City Government of Cavite','1412204',' 2,930.00 '),('PCA-2021-2','City Government of Cavite','1204791',' 9,531.25 '),('PCA-2021-2','City Government of Cavite','1561976',' 1,721.00 '),('PCA-2021-2','City Government of Cavite','1627439',' 4,747.50 '),('PCA-2021-2','City Government of Cavite','6801697',' 39,670.99 '),('PCA-2021-2','City Government of Cavite','6801700',' 9,881.87 '),('PCA-2021-2','City Government of Cavite','6801701',' 17,169.13 '),('PCA-2021-2','City Government of Cavite','6802323',' 11,788.14 '),('PCA-2021-2','City Government of Cavite','6802344',' 8,409.94 '),('PCA-2021-2','City Government of Cavite','6801703',' 9,881.87 '),('PCA-2021-2','City Government of Cavite','6801702',' 7,517.13 '),('PCA-2021-2','City Government of Cavite','6801708',' 12,367.26 '),('PCA-2021-2','City Government of Cavite','6844464',' 9,744.71 '),('PCA-2021-3','Vitacare Diagnostic Daang-Hari','8196057',' 7,452.49 '),('PCA-2021-3','Vitacare Diagnostic Daang-Hari','6844288',' 7,452.51 '),('PCA-2021-3','Vitacare Diagnostic Daang-Hari','6844471',' 7,243.12 '),('PCA-2021-3','Vitacare Diagnostic Daang-Hari','8257289',' 10,112.25 '),('PCA-2021-3','Vitacare Diagnostic Daang-Hari','6844430',' 10,296.93 '),('PCA-2021-3','Vitacare Diagnostic Daang-Hari','8157596',' 7,243.03 '),('PCA-2021-3','Vitacare Diagnostic Daang-Hari','8379034',' 7,243.03 '),('PCA-2021-3','Vitacare Diagnostic Daang-Hari','8392292',' 7,794.93 '),('PCA-2021-3','Vitacare Diagnostic Daang-Hari','6802584',' 7,212.05 '),('PCA-2021-3','Vitacare Diagnostic Daang-Hari','1053180',' 7,648.61 '),('PCA-2021-3','Vitacare Diagnostic Daang-Hari','1721869',' 10,112.25 '),('PCA-2021-3','Vitacare Diagnostic Daang-Hari','1202670',' 8,691.74 '),('PCA-2021-3','Vitacare Diagnostic Daang-Hari','8383051',' 7,648.61 '),('PCA-2021-3','Vitacare Diagnostic Daang-Hari','8102204',' 7,212.05 '),('PCA-2021-3','Vitacare Diagnostic Daang-Hari','1450261',' 9,353.77 '),('PCA-2021-3','Vitacare Diagnostic Daang-Hari','1669829',' 7,648.61 '),('PCA-2021-3','Vitacare Diagnostic Daang-Hari','1914605',' 8,691.74 '),('PCA-2021-3','Vitacare Diagnostic Daang-Hari','8476396',' 9,353.77 '),('PCA-2021-3','Vitacare Diagnostic Daang-Hari','8058232',' 11,934.60 '),('PCA-2021-3','Vitacare Diagnostic Daang-Hari','8262396',' 7,648.61 '),('PCA-2021-3','Vitacare Diagnostic Daang-Hari','1707801',' 7,212.05 '),('PCA-2021-3','Vitacare Diagnostic Daang-Hari','1515808',' 10,112.20 '),('PCA-2021-3','Vitacare Diagnostic Daang-Hari','8433880',' 8,691.74 '),('PCA-2021-3','Vitacare Diagnostic Daang-Hari','8255093',' 8,691.74 '),('PCA-2021-3','Vitacare Diagnostic Daang-Hari','1513209',' 9,353.77 '),('PCA-2021-3','Vitacare Diagnostic Daang-Hari','8159931',' 7,648.61 '),('PCA-2021-3','Vitacare Diagnostic Daang-Hari','1336544',' 7,648.61 '),('PCA-2021-3','Vitacare Diagnostic Daang-Hari','1943927',' 7,212.05 '),('PCA-2021-3','Vitacare Diagnostic Daang-Hari','8433815',' 8,943.01 '),('PCA-2021-3','Vitacare Diagnostic Daang-Hari','6801895',' 17,969.00 '),('PCA-2021-3','Vitacare Diagnostic Daang-Hari','1037274',' 3,583.56 '),('PCA-2021-3','Vitacare Diagnostic Daang-Hari','8168122',' 2,607.59 '),('PCA-2021-3','Vitacare Diagnostic Daang-Hari','1988211',' 2,682.87 '),('PCA-2021-3','Vitacare Diagnostic Daang-Hari','8046872',' 2,607.59 '),('PCA-2021-3','Vitacare Diagnostic Daang-Hari','1726926',' 3,033.67 '),('PCA-2021-3','Vitacare Diagnostic Daang-Hari','8112724',' 2,607.59 '),('PCA-2021-3','Vitacare Diagnostic Daang-Hari','1612365',' 2,293.87 '),('PCA-2021-3','Vitacare Diagnostic Daang-Hari','8892382',' 11,716.00 '),('PCA-2021-3','Vitacare Diagnostic Daang-Hari','8004707',' 2,607.59 '),('PCA-2021-3','Vitacare Diagnostic Daang-Hari','8478034',' 2,806.18 '),('PCA-2021-3','Vitacare Diagnostic Daang-Hari','8001133',' 3,580.36 '),('PCA-2021-3','Vitacare Diagnostic Daang-Hari','8097990',' 11,208.22 '),('PCA-2021-3','Vitacare Diagnostic Daang-Hari','8208431',' 2,810.11 '),('PCA-2021-3','Vitacare Diagnostic Daang-Hari','8343386',' 11,208.22 '),('PCA-2021-3','Vitacare Diagnostic Daang-Hari','1924547',' 3,258.07 '),('PCA-2021-3','Vitacare Diagnostic Daang-Hari','8150112',' 2,607.53 '),('PCA-2021-3','Vitacare Diagnostic Daang-Hari','8297749',' 3,033.67 '),('PCA-2021-3','Vitacare Diagnostic Daang-Hari','1632660',' 2,607.59 '),('PCA-2021-3','Vitacare Diagnostic Daang-Hari','1921204',' 2,607.61 '),('PCA-2021-3','Vitacare Diagnostic Daang-Hari','8221384',' 11,716.00 '),('PCA-2021-3','Vitacare Diagnostic Daang-Hari','8298671',' 11,208.22 '),('PCA-2021-3','Vitacare Diagnostic Daang-Hari','1314343',' 2,607.59 '),('PCA-2021-3','Vitacare Diagnostic Daang-Hari','1307164',' 3,580.36 '),('PCA-2021-3','Vitacare Diagnostic Daang-Hari','6800120',' 2,806.18 '),('PCA-2021-3','Vitacare Diagnostic Daang-Hari','1882208',' 4,391.38 '),('PCA-2021-3','Vitacare Diagnostic Daang-Hari','1662659',' 4,391.38 '),('PCA-2021-3','Vitacare Diagnostic Daang-Hari','1290709',' 2,900.00 '),('PCA-2021-3','Vitacare Diagnostic Daang-Hari','1204668',' 2,900.00 '),('PCA-2021-3','Vitacare Diagnostic Daang-Hari','1149764',' 4,391.38 '),('PCA-2021-3','Vitacare Diagnostic Daang-Hari','1204247',' 5,858.00 '),('PCA-2021-3','Vitacare Diagnostic Daang-Hari','1320498',' 4,391.38 '),('PCA-2021-3','Vitacare Diagnostic Daang-Hari','8578163',' 4,391.38 '),('PCA-2021-3','Vitacare Diagnostic Daang-Hari','8568040',' 4,391.38 '),('PCA-2021-3','Vitacare Diagnostic Daang-Hari','6800189',' 4,391.38 '),('PCA-2021-3','Vitacare Diagnostic Daang-Hari','6801896',' 7,840.00 '),('PCA-2021-3','Vitacare Diagnostic Daang-Hari','1110352',' 2,195.69 '),('PCA-2021-3','Vitacare Diagnostic Daang-Hari','8067324',' 5,908.00 '),('PCA-2021-3','Vitacare Diagnostic Daang-Hari','8231474',' 5,908.00 '),('PCA-2021-3','Vitacare Diagnostic Daang-Hari','8721508',' 4,428.05 '),('PCA-2021-3','Vitacare Diagnostic Daang-Hari','8748220',' 4,428.05 '),('PCA-2021-3','Vitacare Diagnostic Daang-Hari','8466492',' 4,428.05 '),('PCA-2021-3','Vitacare Diagnostic Daang-Hari','1384007',' 4,428.05 '),('PCA-2021-3','Vitacare Diagnostic Daang-Hari','8962540',' 5,101.14 '),('PCA-2021-3','Vitacare Diagnostic Daang-Hari','1792357',' 5,101.14 '),('PCA-2021-3','Vitacare Diagnostic Daang-Hari','8182172',' 5,101.14 '),('PCA-2021-3','Vitacare Diagnostic Daang-Hari','6800190',' 4,428.05 '),('PCA-2021-3','Vitacare Diagnostic Daang-Hari','6800191',' 4,428.05 '),('PCA-2021-3','Vitacare Diagnostic Daang-Hari','8262487',' 2,454.86 '),('PCA-2021-3','Vitacare Diagnostic Daang-Hari','8867541',''),('PCA-2021-3','Vitacare Diagnostic Daang-Hari','8074452',' 2,265.00 '),('PCA-2021-3','Vitacare Diagnostic Daang-Hari','8936049',' 5,101.80 '),('PCA-2021-3','Vitacare Diagnostic Daang-Hari','8597452',' 5,101.80 '),('PCA-2021-3','Vitacare Diagnostic Daang-Hari','1830033',' 9,205.35 '),('PCA-2021-3','Vitacare Diagnostic Daang-Hari','6844463',''),('PCA-2021-3','Vitacare Diagnostic Daang-Hari','1765304',' 10,499.28 '),('PCA-2021-3','Vitacare Diagnostic Daang-Hari','1213115',' 4,322.42 '),('PCA-2021-3','Vitacare Diagnostic Daang-Hari','1247873',' 2,320.00 '),('PCA-2021-3','Vitacare Diagnostic Daang-Hari','1250232',' 1,735.84 '),('PCA-2021-3','Vitacare Diagnostic Daang-Hari','1627439',''),('PCA-2021-3','Vitacare Diagnostic Daang-Hari','1451392',' 1,065.66 '),('PCA-2021-3','Vitacare Diagnostic Daang-Hari','1474030',' 976.27 '),('PCA-2021-3','Vitacare Diagnostic Daang-Hari','6801715',' 2,632.47 '),('PCA-2021-3','Vitacare Diagnostic Daang-Hari','1250315',''),('PCA-2021-3','Vitacare Diagnostic Daang-Hari','1122423',''),('PCA-2021-3','Vitacare Diagnostic Daang-Hari','1331560',' 6,399.36 '),('PCA-2021-3','Vitacare Diagnostic Daang-Hari','1158294',' 3,741.08 '),('PCA-2021-3','Vitacare Diagnostic Daang-Hari','1338953',' 1,617.00 '),('PCA-2021-3','Vitacare Diagnostic Daang-Hari','1631779',' 3,415.10 '),('PCA-2021-3','Vitacare Diagnostic Daang-Hari','1412204',' 3,207.45 '),('PCA-2021-3','Vitacare Diagnostic Daang-Hari','1204791',' 10,434.45 '),('PCA-2021-3','Vitacare Diagnostic Daang-Hari','1561976',' 1,883.42 '),('PCA-2021-3','Vitacare Diagnostic Daang-Hari','1627439',' 5,190.66 '),('PCA-2021-3','Vitacare Diagnostic Daang-Hari','1631779',''),('PLU-2015-2','Lucena United Doctors Incorporated ','8196057',' 7,890.88 '),('PLU-2015-2','Lucena United Doctors Incorporated ','6844288',' 7,890.89 '),('PLU-2015-2','Lucena United Doctors Incorporated ','6844471',' 7,669.19 '),('PLU-2015-2','Lucena United Doctors Incorporated ','8257289',' 10,707.08 '),('PLU-2015-2','Lucena United Doctors Incorporated ','6844430',' 10,902.64 '),('PLU-2015-2','Lucena United Doctors Incorporated ','8157596',' 7,669.09 '),('PLU-2015-2','Lucena United Doctors Incorporated ','8379034',' 7,669.09 '),('PLU-2015-2','Lucena United Doctors Incorporated ','8392292',' 8,253.45 '),('PLU-2015-2','Lucena United Doctors Incorporated ','6802584',' 7,636.28 '),('PLU-2015-2','Lucena United Doctors Incorporated ','1053180',' 8,098.53 '),('PLU-2015-2','Lucena United Doctors Incorporated ','1721869',' 10,707.08 '),('PLU-2015-2','Lucena United Doctors Incorporated ','1202670',' 9,203.02 '),('PLU-2015-2','Lucena United Doctors Incorporated ','8383051',' 8,098.53 '),('PLU-2015-2','Lucena United Doctors Incorporated ','8102204',' 7,636.28 '),('PLU-2015-2','Lucena United Doctors Incorporated ','1450261',' 9,904.00 '),('PLU-2015-2','Lucena United Doctors Incorporated ','1669829',' 8,098.53 '),('PLU-2015-2','Lucena United Doctors Incorporated ','1914605',' 9,203.02 '),('PLU-2015-2','Lucena United Doctors Incorporated ','8476396',' 9,904.00 '),('PLU-2015-2','Lucena United Doctors Incorporated ','8058232',' 12,636.64 '),('PLU-2015-2','Lucena United Doctors Incorporated ','8262396',' 8,098.53 '),('PLU-2015-2','Lucena United Doctors Incorporated ','1707801',' 7,636.29 '),('PLU-2015-2','Lucena United Doctors Incorporated ','1515808',' 10,707.03 '),('PLU-2015-2','Lucena United Doctors Incorporated ','8433880',' 9,203.02 '),('PLU-2015-2','Lucena United Doctors Incorporated ','8255093',' 9,203.02 '),('PLU-2015-2','Lucena United Doctors Incorporated ','1513209',' 9,904.00 '),('PLU-2015-2','Lucena United Doctors Incorporated ','8159931',' 8,098.53 '),('PLU-2015-2','Lucena United Doctors Incorporated ','1336544',' 8,098.53 '),('PLU-2015-2','Lucena United Doctors Incorporated ','1943927',' 7,636.29 '),('PLU-2015-2','Lucena United Doctors Incorporated ','8433815',' 9,469.07 '),('PLU-2015-2','Lucena United Doctors Incorporated ','6801895',' 19,026.00 '),('PLU-2015-2','Lucena United Doctors Incorporated ','1037274',' 3,794.36 '),('PLU-2015-2','Lucena United Doctors Incorporated ','8168122',' 2,760.98 '),('PLU-2015-2','Lucena United Doctors Incorporated ','1988211',' 2,840.69 '),('PLU-2015-2','Lucena United Doctors Incorporated ','8046872',' 2,760.98 '),('PLU-2015-2','Lucena United Doctors Incorporated ','1726926',' 3,212.12 '),('PLU-2015-2','Lucena United Doctors Incorporated ','8112724',' 2,760.98 '),('PLU-2015-2','Lucena United Doctors Incorporated ','1612365',' 2,428.80 '),('PLU-2015-2','Lucena United Doctors Incorporated ','8892382',' 12,405.18 '),('PLU-2015-2','Lucena United Doctors Incorporated ','8004707',' 2,760.98 '),('PLU-2015-2','Lucena United Doctors Incorporated ','8478034',' 2,971.25 '),('PLU-2015-2','Lucena United Doctors Incorporated ','8001133',' 3,790.97 '),('PLU-2015-2','Lucena United Doctors Incorporated ','8097990',' 11,867.53 '),('PLU-2015-2','Lucena United Doctors Incorporated ','8208431',' 2,975.41 '),('PLU-2015-2','Lucena United Doctors Incorporated ','8343386',' 11,867.53 '),('PLU-2015-2','Lucena United Doctors Incorporated ','1924547',' 3,449.72 '),('PLU-2015-2','Lucena United Doctors Incorporated ','8150112',' 2,760.91 '),('PLU-2015-2','Lucena United Doctors Incorporated ','8297749',' 3,212.12 '),('PLU-2015-2','Lucena United Doctors Incorporated ','1632660',' 2,760.98 '),('PLU-2015-2','Lucena United Doctors Incorporated ','1921204',' 2,761.00 '),('PLU-2015-2','Lucena United Doctors Incorporated ','8221384',' 12,405.18 '),('PLU-2015-2','Lucena United Doctors Incorporated ','8298671',' 11,867.53 '),('PLU-2015-2','Lucena United Doctors Incorporated ','1314343',' 2,760.98 '),('PLU-2015-2','Lucena United Doctors Incorporated ','1307164',' 3,790.97 '),('PLU-2015-2','Lucena United Doctors Incorporated ','6800120',' 2,971.25 '),('PLU-2015-2','Lucena United Doctors Incorporated ','1882208',' 4,391.38 '),('PLU-2015-2','Lucena United Doctors Incorporated ','1662659',' 4,391.38 '),('PLU-2015-2','Lucena United Doctors Incorporated ','1290709',' 2,900.00 '),('PLU-2015-2','Lucena United Doctors Incorporated ','1204668',' 2,900.00 '),('PLU-2015-2','Lucena United Doctors Incorporated ','1149764',' 4,391.38 '),('PLU-2015-2','Lucena United Doctors Incorporated ','1204247',' 5,858.00 '),('PLU-2015-2','Lucena United Doctors Incorporated ','1320498',' 4,391.38 '),('PLU-2015-2','Lucena United Doctors Incorporated ','8578163',' 4,391.38 '),('PLU-2015-2','Lucena United Doctors Incorporated ','8568040',' 4,391.38 '),('PLU-2015-2','Lucena United Doctors Incorporated ','6800189',' 4,391.38 '),('PLU-2015-2','Lucena United Doctors Incorporated ','6801896',' 7,840.00 '),('PLU-2015-2','Lucena United Doctors Incorporated ','1110352',' 2,195.69 '),('PLU-2015-2','Lucena United Doctors Incorporated ','8067324',' 5,908.00 '),('PLU-2015-2','Lucena United Doctors Incorporated ','8231474',' 5,908.00 '),('PLU-2015-2','Lucena United Doctors Incorporated ','8721508',' 4,428.05 '),('PLU-2015-2','Lucena United Doctors Incorporated ','8748220',' 4,428.05 '),('PLU-2015-2','Lucena United Doctors Incorporated ','8466492',' 4,428.05 '),('PLU-2015-2','Lucena United Doctors Incorporated ','1384007',' 4,428.05 '),('PLU-2015-2','Lucena United Doctors Incorporated ','8962540',' 5,101.14 '),('PLU-2015-2','Lucena United Doctors Incorporated ','1792357',' 5,101.14 '),('PLU-2015-2','Lucena United Doctors Incorporated ','8182172',' 5,101.14 '),('PLU-2015-2','Lucena United Doctors Incorporated ','6800190',' 4,428.05 '),('PLU-2015-2','Lucena United Doctors Incorporated ','6800191',' 4,428.05 '),('PLU-2015-2','Lucena United Doctors Incorporated ','8262487',' 2,454.86 '),('PLU-2015-2','Lucena United Doctors Incorporated ','8074452',' 2,265.00 '),('PLU-2015-2','Lucena United Doctors Incorporated ','8936049',' 5,101.80 '),('PLU-2015-2','Lucena United Doctors Incorporated ','8597452',' 5,101.80 '),('PLU-2015-2','Lucena United Doctors Incorporated ','1830033',' 9,205.35 '),('PLU-2015-2','Lucena United Doctors Incorporated ','1765304',' 10,499.28 '),('PLU-2015-2','Lucena United Doctors Incorporated ','1213115',' 4,322.42 '),('PLU-2015-2','Lucena United Doctors Incorporated ','1247873',' 2,320.00 '),('PLU-2015-2','Lucena United Doctors Incorporated ','1250232',' 1,735.84 '),('PLU-2015-2','Lucena United Doctors Incorporated ','1451392',' 1,065.66 '),('PLU-2015-2','Lucena United Doctors Incorporated ','1474030',' 976.27 '),('PLU-2015-2','Lucena United Doctors Incorporated ','6801715',' 2,632.47 '),('PLU-2015-2','Lucena United Doctors Incorporated ','1331560',' 6,399.36 '),('PLU-2015-2','Lucena United Doctors Incorporated ','1158294',' 3,741.08 '),('PLU-2015-2','Lucena United Doctors Incorporated ','1338953',' 1,617.00 '),('PLU-2015-2','Lucena United Doctors Incorporated ','1631779',' 3,415.10 '),('PLU-2015-2','Lucena United Doctors Incorporated ','1412204',' 3,207.45 '),('PLU-2015-2','Lucena United Doctors Incorporated ','1204791',' 10,434.45 '),('PLU-2015-2','Lucena United Doctors Incorporated ','1561976',' 1,883.42 '),('PLU-2015-2','Lucena United Doctors Incorporated ','1627439',' 5,190.66 '),('PBA-2022-3','Global Care Medical Center of Talisay, Inc.','8196057',' 10,461.69 '),('PBA-2022-3','Global Care Medical Center of Talisay, Inc.','6844288',' 9,893.59 '),('PBA-2022-3','Global Care Medical Center of Talisay, Inc.','6844471',' 10,167.76 '),('PBA-2022-3','Global Care Medical Center of Talisay, Inc.','8257289',' 14,193.86 '),('PBA-2022-3','Global Care Medical Center of Talisay, Inc.','6844430',' 14,453.21 '),('PBA-2022-3','Global Care Medical Center of Talisay, Inc.','8157596',' 9,614.48 '),('PBA-2022-3','Global Care Medical Center of Talisay, Inc.','8379034',' 9,614.48 '),('PBA-2022-3','Global Care Medical Center of Talisay, Inc.','8392292',' 10,942.10 '),('PBA-2022-3','Global Care Medical Center of Talisay, Inc.','6802584',' 10,099.83 '),('PBA-2022-3','Global Care Medical Center of Talisay, Inc.','1053180',' 10,737.09 '),('PBA-2022-3','Global Care Medical Center of Talisay, Inc.','1721869',' 14,193.86 '),('PBA-2022-3','Global Care Medical Center of Talisay, Inc.','1202670',' 12,200.57 '),('PBA-2022-3','Global Care Medical Center of Talisay, Inc.','8383051',' 10,737.09 '),('PBA-2022-3','Global Care Medical Center of Talisay, Inc.','8102204',' 10,099.83 '),('PBA-2022-3','Global Care Medical Center of Talisay, Inc.','1450261',' 13,129.29 '),('PBA-2022-3','Global Care Medical Center of Talisay, Inc.','1669829',' 10,152.94 '),('PBA-2022-3','Global Care Medical Center of Talisay, Inc.','1914605',' 12,200.57 '),('PBA-2022-3','Global Care Medical Center of Talisay, Inc.','8476396',' 13,129.29 '),('PBA-2022-3','Global Care Medical Center of Talisay, Inc.','8058232',' 16,751.54 '),('PBA-2022-3','Global Care Medical Center of Talisay, Inc.','8262396',' 10,737.09 '),('PBA-2022-3','Global Care Medical Center of Talisay, Inc.','1707801',' 10,099.83 '),('PBA-2022-3','Global Care Medical Center of Talisay, Inc.','1515808',' 14,193.86 '),('PBA-2022-3','Global Care Medical Center of Talisay, Inc.','8433880',' 12,200.57 '),('PBA-2022-3','Global Care Medical Center of Talisay, Inc.','8255093',' 12,200.57 '),('PBA-2022-3','Global Care Medical Center of Talisay, Inc.','1513209',' 13,129.29 '),('PBA-2022-3','Global Care Medical Center of Talisay, Inc.','8159931',' 10,737.09 '),('PBA-2022-3','Global Care Medical Center of Talisay, Inc.','1336544',' 10,152.94 '),('PBA-2022-3','Global Care Medical Center of Talisay, Inc.','1943927',' 10,099.83 '),('PBA-2022-3','Global Care Medical Center of Talisay, Inc.','8433815',' 11,870.82 '),('PBA-2022-3','Global Care Medical Center of Talisay, Inc.','6801895',' 24,712.35 '),('PBA-2022-3','Global Care Medical Center of Talisay, Inc.','1037274',' 4,881.96 '),('PBA-2022-3','Global Care Medical Center of Talisay, Inc.','8168122',' 3,661.78 '),('PBA-2022-3','Global Care Medical Center of Talisay, Inc.','1988211',' 3,766.75 '),('PBA-2022-3','Global Care Medical Center of Talisay, Inc.','8046872',' 3,661.78 '),('PBA-2022-3','Global Care Medical Center of Talisay, Inc.','1726926',' 4,259.52 '),('PBA-2022-3','Global Care Medical Center of Talisay, Inc.','8112724',' 3,661.78 '),('PBA-2022-3','Global Care Medical Center of Talisay, Inc.','1612365',' 3,220.88 '),('PBA-2022-3','Global Care Medical Center of Talisay, Inc.','8892382',' 15,622.75 '),('PBA-2022-3','Global Care Medical Center of Talisay, Inc.','8004707',' 3,661.78 '),('PBA-2022-3','Global Care Medical Center of Talisay, Inc.','8478034',' 3,939.65 '),('PBA-2022-3','Global Care Medical Center of Talisay, Inc.','8001133',' 5,026.45 '),('PBA-2022-3','Global Care Medical Center of Talisay, Inc.','8097990',' 14,945.97 '),('PBA-2022-3','Global Care Medical Center of Talisay, Inc.','8208431',' 3,945.83 '),('PBA-2022-3','Global Care Medical Center of Talisay, Inc.','8343386',' 14,945.97 '),('PBA-2022-3','Global Care Medical Center of Talisay, Inc.','1924547',' 4,573.21 '),('PBA-2022-3','Global Care Medical Center of Talisay, Inc.','8150112',' 3,661.78 '),('PBA-2022-3','Global Care Medical Center of Talisay, Inc.','8297749',' 4,259.52 '),('PBA-2022-3','Global Care Medical Center of Talisay, Inc.','1632660',' 3,661.78 '),('PBA-2022-3','Global Care Medical Center of Talisay, Inc.','1921204',' 3,661.78 '),('PBA-2022-3','Global Care Medical Center of Talisay, Inc.','8221384',' 15,622.75 '),('PBA-2022-3','Global Care Medical Center of Talisay, Inc.','8298671',' 14,945.97 '),('PBA-2022-3','Global Care Medical Center of Talisay, Inc.','1314343',' 5,026.45 '),('PBA-2022-3','Global Care Medical Center of Talisay, Inc.','1307164',' 5,026.45 '),('PBA-2022-3','Global Care Medical Center of Talisay, Inc.','6800120',' 3,939.65 '),('PBA-2022-3','Global Care Medical Center of Talisay, Inc.','1882208',' 6,497.40 '),('PBA-2022-3','Global Care Medical Center of Talisay, Inc.','1662659',' 6,497.40 '),('PBA-2022-3','Global Care Medical Center of Talisay, Inc.','1290709',' 4,960.80 '),('PBA-2022-3','Global Care Medical Center of Talisay, Inc.','1204668',' 4,960.80 '),('PBA-2022-3','Global Care Medical Center of Talisay, Inc.','1149764',' 6,592.30 '),('PBA-2022-3','Global Care Medical Center of Talisay, Inc.','1204247',' 8,794.50 '),('PBA-2022-3','Global Care Medical Center of Talisay, Inc.','1320498',' 6,592.30 '),('PBA-2022-3','Global Care Medical Center of Talisay, Inc.','8578163',' 6,592.30 '),('PBA-2022-3','Global Care Medical Center of Talisay, Inc.','8568040',' 6,592.30 '),('PBA-2022-3','Global Care Medical Center of Talisay, Inc.','6800189',' 6,592.30 '),('PBA-2022-3','Global Care Medical Center of Talisay, Inc.','6801896',' 11,235.90 '),('PBA-2022-3','Global Care Medical Center of Talisay, Inc.','1110352',' 3,295.50 '),('PBA-2022-3','Global Care Medical Center of Talisay, Inc.','8067324',' 8,065.20 '),('PBA-2022-3','Global Care Medical Center of Talisay, Inc.','8231474',' 8,065.20 '),('PBA-2022-3','Global Care Medical Center of Talisay, Inc.','8721508',' 6,497.40 '),('PBA-2022-3','Global Care Medical Center of Talisay, Inc.','8748220',' 6,497.40 '),('PBA-2022-3','Global Care Medical Center of Talisay, Inc.','8466492',' 6,497.40 '),('PBA-2022-3','Global Care Medical Center of Talisay, Inc.','1384007',' 6,497.40 '),('PBA-2022-3','Global Care Medical Center of Talisay, Inc.','8962540',' 6,964.10 '),('PBA-2022-3','Global Care Medical Center of Talisay, Inc.','1792357',' 6,964.10 '),('PBA-2022-3','Global Care Medical Center of Talisay, Inc.','8182172',' 6,964.10 '),('PBA-2022-3','Global Care Medical Center of Talisay, Inc.','6800190',' 6,497.40 '),('PBA-2022-3','Global Care Medical Center of Talisay, Inc.','6800191',' 6,797.40 '),('PBA-2022-3','Global Care Medical Center of Talisay, Inc.','8262487',' 3,751.80 '),('PBA-2022-3','Global Care Medical Center of Talisay, Inc.','8867541',' 10,393.50 '),('PBA-2022-3','Global Care Medical Center of Talisay, Inc.','8074452',' 4,118.40 '),('PBA-2022-3','Global Care Medical Center of Talisay, Inc.','8936049',' 6,964.10 '),('PBA-2022-3','Global Care Medical Center of Talisay, Inc.','8597452',' 6,964.10 '),('PBA-2022-3','Global Care Medical Center of Talisay, Inc.','1830033',' 12,565.80 '),('PBA-2022-3','Global Care Medical Center of Talisay, Inc.','6844463',' 14,332.50 '),('PBA-2022-3','Global Care Medical Center of Talisay, Inc.','1765304',' 14,332.50 '),('PBA-2022-3','Global Care Medical Center of Talisay, Inc.','1213115',' 6,939.40 '),('PBA-2022-3','Global Care Medical Center of Talisay, Inc.','1247873',' 3,324.10 '),('PBA-2022-3','Global Care Medical Center of Talisay, Inc.','1250232',' 2,509.00 '),('PBA-2022-3','Global Care Medical Center of Talisay, Inc.','1627439',' 7,086.30 '),('PBA-2022-3','Global Care Medical Center of Talisay, Inc.','1451392',' 1,597.70 '),('PBA-2022-3','Global Care Medical Center of Talisay, Inc.','1474030',' 1,254.24 '),('PBA-2022-3','Global Care Medical Center of Talisay, Inc.','6801715',' 3,723.20 '),('PBA-2022-3','Global Care Medical Center of Talisay, Inc.','1331560',' 8,736.00 '),('PBA-2022-3','Global Care Medical Center of Talisay, Inc.','1158294',' 5,107.70 '),('PBA-2022-3','Global Care Medical Center of Talisay, Inc.','1338953',' 2,207.40 '),('PBA-2022-3','Global Care Medical Center of Talisay, Inc.','1631779',' 4,661.80 '),('PBA-2022-3','Global Care Medical Center of Talisay, Inc.','1412204',' 4,378.40 '),('PBA-2022-3','Global Care Medical Center of Talisay, Inc.','1204791',' 14,244.10 '),('PBA-2022-3','Global Care Medical Center of Talisay, Inc.','1561976',' 2,571.40 '),('PUL-2022-3','First Cabuyao Hospital and Medical Center ','8196057',' 8,471.00 '),('PUL-2022-3','First Cabuyao Hospital and Medical Center ','6844288',' 8,011.00 '),('PUL-2022-3','First Cabuyao Hospital and Medical Center ','6844471',' 8,233.00 '),('PUL-2022-3','First Cabuyao Hospital and Medical Center ','8257289',' 11,493.00 '),('PUL-2022-3','First Cabuyao Hospital and Medical Center ','6844430',' 11,703.00 '),('PUL-2022-3','First Cabuyao Hospital and Medical Center ','8157596',' 7,785.00 '),('PUL-2022-3','First Cabuyao Hospital and Medical Center ','8379034',' 7,785.00 '),('PUL-2022-3','First Cabuyao Hospital and Medical Center ','8392292',' 8,860.00 '),('PUL-2022-3','First Cabuyao Hospital and Medical Center ','6802584',' 8,178.00 '),('PUL-2022-3','First Cabuyao Hospital and Medical Center ','1053180',' 8,694.00 '),('PUL-2022-3','First Cabuyao Hospital and Medical Center ','1721869',' 11,493.00 '),('PUL-2022-3','First Cabuyao Hospital and Medical Center ','1202670',' 9,879.00 '),('PUL-2022-3','First Cabuyao Hospital and Medical Center ','8383051',' 8,694.00 '),('PUL-2022-3','First Cabuyao Hospital and Medical Center ','8102204',' 8,178.00 '),('PUL-2022-3','First Cabuyao Hospital and Medical Center ','1450261',' 10,631.00 '),('PUL-2022-3','First Cabuyao Hospital and Medical Center ','1669829',' 8,221.00 '),('PUL-2022-3','First Cabuyao Hospital and Medical Center ','1914605',' 9,879.00 '),('PUL-2022-3','First Cabuyao Hospital and Medical Center ','8476396',' 10,631.00 '),('PUL-2022-3','First Cabuyao Hospital and Medical Center ','8058232',' 13,564.00 '),('PUL-2022-3','First Cabuyao Hospital and Medical Center ','8262396',' 8,694.00 '),('PUL-2022-3','First Cabuyao Hospital and Medical Center ','1707801',' 8,178.00 '),('PUL-2022-3','First Cabuyao Hospital and Medical Center ','1515808',' 11,493.00 '),('PUL-2022-3','First Cabuyao Hospital and Medical Center ','8433880',' 9,879.00 '),('PUL-2022-3','First Cabuyao Hospital and Medical Center ','8255093',' 9,879.00 '),('PUL-2022-3','First Cabuyao Hospital and Medical Center ','1513209',' 10,631.00 '),('PUL-2022-3','First Cabuyao Hospital and Medical Center ','8159931',' 8,694.00 '),('PUL-2022-3','First Cabuyao Hospital and Medical Center ','1336544',' 8,221.00 '),('PUL-2022-3','First Cabuyao Hospital and Medical Center ','1943927',' 8,178.00 '),('PUL-2022-3','First Cabuyao Hospital and Medical Center ','8433815',' 9,612.00 '),('PUL-2022-3','First Cabuyao Hospital and Medical Center ','6801895',' 20,010.00 '),('PUL-2022-3','First Cabuyao Hospital and Medical Center ','1037274',' 3,953.00 '),('PUL-2022-3','First Cabuyao Hospital and Medical Center ','8168122',' 2,965.00 '),('PUL-2022-3','First Cabuyao Hospital and Medical Center ','1988211',' 3,050.00 '),('PUL-2022-3','First Cabuyao Hospital and Medical Center ','8046872',' 2,965.00 '),('PUL-2022-3','First Cabuyao Hospital and Medical Center ','1726926',' 3,449.00 '),('PUL-2022-3','First Cabuyao Hospital and Medical Center ','8112724',' 2,965.00 '),('PUL-2022-3','First Cabuyao Hospital and Medical Center ','1612365',' 2,608.00 '),('PUL-2022-3','First Cabuyao Hospital and Medical Center ','8892382',' 12,650.00 '),('PUL-2022-3','First Cabuyao Hospital and Medical Center ','8004707',' 2,965.00 '),('PUL-2022-3','First Cabuyao Hospital and Medical Center ','8478034',' 3,190.00 '),('PUL-2022-3','First Cabuyao Hospital and Medical Center ','8001133',' 4,070.00 '),('PUL-2022-3','First Cabuyao Hospital and Medical Center ','8097990',' 12,102.00 '),('PUL-2022-3','First Cabuyao Hospital and Medical Center ','8208431',' 3,195.00 '),('PUL-2022-3','First Cabuyao Hospital and Medical Center ','8343386',' 12,102.00 '),('PUL-2022-3','First Cabuyao Hospital and Medical Center ','1924547',' 3,703.00 '),('PUL-2022-3','First Cabuyao Hospital and Medical Center ','8150112',' 2,965.00 '),('PUL-2022-3','First Cabuyao Hospital and Medical Center ','8297749',' 3,449.00 '),('PUL-2022-3','First Cabuyao Hospital and Medical Center ','1632660',' 2,965.00 '),('PUL-2022-3','First Cabuyao Hospital and Medical Center ','1921204',' 2,965.00 '),('PUL-2022-3','First Cabuyao Hospital and Medical Center ','8221384',' 12,650.00 '),('PUL-2022-3','First Cabuyao Hospital and Medical Center ','8298671',' 12,102.00 '),('PUL-2022-3','First Cabuyao Hospital and Medical Center ','1314343',' 4,070.00 '),('PUL-2022-3','First Cabuyao Hospital and Medical Center ','1307164',' 4,070.00 '),('PUL-2022-3','First Cabuyao Hospital and Medical Center ','6800120',' 3,190.00 '),('PUL-2022-3','First Cabuyao Hospital and Medical Center ','1882208',' 4,998.00 '),('PUL-2022-3','First Cabuyao Hospital and Medical Center ','1662659',' 4,998.00 '),('PUL-2022-3','First Cabuyao Hospital and Medical Center ','1290709',' 3,816.00 '),('PUL-2022-3','First Cabuyao Hospital and Medical Center ','1204668',' 3,816.00 '),('PUL-2022-3','First Cabuyao Hospital and Medical Center ','1149764',' 5,071.00 '),('PUL-2022-3','First Cabuyao Hospital and Medical Center ','1204247',' 6,765.00 '),('PUL-2022-3','First Cabuyao Hospital and Medical Center ','1320498',' 5,071.00 '),('PUL-2022-3','First Cabuyao Hospital and Medical Center ','8578163',' 5,071.00 '),('PUL-2022-3','First Cabuyao Hospital and Medical Center ','8568040',' 5,071.00 '),('PUL-2022-3','First Cabuyao Hospital and Medical Center ','6800189',' 5,071.00 '),('PUL-2022-3','First Cabuyao Hospital and Medical Center ','6801896',' 8,643.00 '),('PUL-2022-3','First Cabuyao Hospital and Medical Center ','6844508',' 5,840.00 '),('PUL-2022-3','First Cabuyao Hospital and Medical Center ','1110352',' 2,535.00 '),('PUL-2022-3','First Cabuyao Hospital and Medical Center ','8067324',' 6,204.00 '),('PUL-2022-3','First Cabuyao Hospital and Medical Center ','8231474',' 6,204.00 '),('PUL-2022-3','First Cabuyao Hospital and Medical Center ','8721508',' 4,998.00 '),('PUL-2022-3','First Cabuyao Hospital and Medical Center ','8748220',' 4,998.00 '),('PUL-2022-3','First Cabuyao Hospital and Medical Center ','8466492',' 4,998.00 '),('PUL-2022-3','First Cabuyao Hospital and Medical Center ','1384007',' 4,998.00 '),('PUL-2022-3','First Cabuyao Hospital and Medical Center ','8962540',' 5,357.00 '),('PUL-2022-3','First Cabuyao Hospital and Medical Center ','1792357',' 5,357.00 '),('PUL-2022-3','First Cabuyao Hospital and Medical Center ','8182172',' 5,357.00 '),('PUL-2022-3','First Cabuyao Hospital and Medical Center ','6800190',' 4,998.00 '),('PUL-2022-3','First Cabuyao Hospital and Medical Center ','6800191',' 4,998.00 '),('PUL-2022-3','First Cabuyao Hospital and Medical Center ','8262487',' 2,886.00 '),('PUL-2022-3','First Cabuyao Hospital and Medical Center ','8867541',' 7,995.00 '),('PUL-2022-3','First Cabuyao Hospital and Medical Center ','8074452',' 3,168.00 '),('PUL-2022-3','First Cabuyao Hospital and Medical Center ','8936049',' 5,357.00 '),('PUL-2022-3','First Cabuyao Hospital and Medical Center ','8597452',' 5,357.00 '),('PUL-2022-3','First Cabuyao Hospital and Medical Center ','1830033',' 9,666.00 '),('PUL-2022-3','First Cabuyao Hospital and Medical Center ','6844463',' 11,025.00 '),('PUL-2022-3','First Cabuyao Hospital and Medical Center ','1765304',' 11,025.00 '),('PUL-2022-3','First Cabuyao Hospital and Medical Center ','1213115',' 5,338.00 '),('PUL-2022-3','First Cabuyao Hospital and Medical Center ','1247873',' 11,349.00 '),('PUL-2022-3','First Cabuyao Hospital and Medical Center ','1250232',' 1,930.00 '),('PUL-2022-3','First Cabuyao Hospital and Medical Center ','6801423',' 8,218.93 '),('PUL-2022-3','First Cabuyao Hospital and Medical Center ','1451392',' 1,229.00 '),('PUL-2022-3','First Cabuyao Hospital and Medical Center ','1474030',' 964.80 '),('PUL-2022-3','First Cabuyao Hospital and Medical Center ','6801715',' 2,864.00 '),('PUL-2022-3','DELAPAZ Medical and Diagnostic Center','8196057',' 8,471.00 '),('PUL-2022-3','DELAPAZ Medical and Diagnostic Center','6844288',' 8,011.00 '),('PUL-2022-3','DELAPAZ Medical and Diagnostic Center','6844471',' 8,233.00 '),('PUL-2022-3','DELAPAZ Medical and Diagnostic Center','8257289',' 11,493.00 '),('PUL-2022-3','DELAPAZ Medical and Diagnostic Center','6844430',' 11,703.00 '),('PUL-2022-3','DELAPAZ Medical and Diagnostic Center','8157596',' 7,785.00 '),('PUL-2022-3','DELAPAZ Medical and Diagnostic Center','8379034',' 7,785.00 '),('PUL-2022-3','DELAPAZ Medical and Diagnostic Center','8392292',' 8,860.00 '),('PUL-2022-3','DELAPAZ Medical and Diagnostic Center','6802584',' 8,178.00 '),('PUL-2022-3','DELAPAZ Medical and Diagnostic Center','1053180',' 8,694.00 '),('PUL-2022-3','DELAPAZ Medical and Diagnostic Center','1721869',' 11,493.00 '),('PUL-2022-3','DELAPAZ Medical and Diagnostic Center','1202670',' 9,879.00 '),('PUL-2022-3','DELAPAZ Medical and Diagnostic Center','8383051',' 8,694.00 '),('PUL-2022-3','DELAPAZ Medical and Diagnostic Center','8102204',' 8,178.00 '),('PUL-2022-3','DELAPAZ Medical and Diagnostic Center','1450261',' 10,631.00 '),('PUL-2022-3','DELAPAZ Medical and Diagnostic Center','1669829',' 8,221.00 '),('PUL-2022-3','DELAPAZ Medical and Diagnostic Center','1914605',' 9,879.00 '),('PUL-2022-3','DELAPAZ Medical and Diagnostic Center','8476396',' 10,631.00 '),('PUL-2022-3','DELAPAZ Medical and Diagnostic Center','8058232',' 13,564.00 '),('PUL-2022-3','DELAPAZ Medical and Diagnostic Center','8262396',' 8,694.00 '),('PUL-2022-3','DELAPAZ Medical and Diagnostic Center','1707801',' 8,178.00 '),('PUL-2022-3','DELAPAZ Medical and Diagnostic Center','1515808',' 11,493.00 '),('PUL-2022-3','DELAPAZ Medical and Diagnostic Center','8433880',' 9,879.00 '),('PUL-2022-3','DELAPAZ Medical and Diagnostic Center','8255093',' 9,879.00 '),('PUL-2022-3','DELAPAZ Medical and Diagnostic Center','1513209',' 10,631.00 '),('PUL-2022-3','DELAPAZ Medical and Diagnostic Center','8159931',' 8,694.00 '),('PUL-2022-3','DELAPAZ Medical and Diagnostic Center','1336544',' 8,221.00 '),('PUL-2022-3','DELAPAZ Medical and Diagnostic Center','1943927',' 8,178.00 '),('PUL-2022-3','DELAPAZ Medical and Diagnostic Center','8433815',' 9,612.00 '),('PUL-2022-3','DELAPAZ Medical and Diagnostic Center','6801895',' 20,010.00 '),('PUL-2022-3','DELAPAZ Medical and Diagnostic Center','1037274',' 3,953.00 '),('PUL-2022-3','DELAPAZ Medical and Diagnostic Center','8168122',' 2,965.00 '),('PUL-2022-3','DELAPAZ Medical and Diagnostic Center','1988211',' 3,050.00 '),('PUL-2022-3','DELAPAZ Medical and Diagnostic Center','8046872',' 2,965.00 '),('PUL-2022-3','DELAPAZ Medical and Diagnostic Center','1726926',' 3,449.00 '),('PUL-2022-3','DELAPAZ Medical and Diagnostic Center','8112724',' 2,965.00 '),('PUL-2022-3','DELAPAZ Medical and Diagnostic Center','1612365',' 2,608.00 '),('PUL-2022-3','DELAPAZ Medical and Diagnostic Center','8892382',' 12,650.00 '),('PUL-2022-3','DELAPAZ Medical and Diagnostic Center','8004707',' 2,965.00 '),('PUL-2022-3','DELAPAZ Medical and Diagnostic Center','8478034',' 3,190.00 '),('PUL-2022-3','DELAPAZ Medical and Diagnostic Center','8001133',' 4,070.00 '),('PUL-2022-3','DELAPAZ Medical and Diagnostic Center','8097990',' 12,102.00 '),('PUL-2022-3','DELAPAZ Medical and Diagnostic Center','8208431',' 3,195.00 '),('PUL-2022-3','DELAPAZ Medical and Diagnostic Center','8343386',' 12,102.00 '),('PUL-2022-3','DELAPAZ Medical and Diagnostic Center','1924547',' 3,703.00 '),('PUL-2022-3','DELAPAZ Medical and Diagnostic Center','8150112',' 2,965.00 '),('PUL-2022-3','DELAPAZ Medical and Diagnostic Center','8297749',' 3,449.00 '),('PUL-2022-3','DELAPAZ Medical and Diagnostic Center','1632660',' 2,965.00 '),('PUL-2022-3','DELAPAZ Medical and Diagnostic Center','1921204',' 2,965.00 '),('PUL-2022-3','DELAPAZ Medical and Diagnostic Center','8221384',' 12,650.00 '),('PUL-2022-3','DELAPAZ Medical and Diagnostic Center','8298671',' 12,102.00 '),('PUL-2022-3','DELAPAZ Medical and Diagnostic Center','1314343',' 4,070.00 '),('PUL-2022-3','DELAPAZ Medical and Diagnostic Center','1307164',' 4,070.00 '),('PUL-2022-3','DELAPAZ Medical and Diagnostic Center','6800120',' 3,190.00 '),('PUL-2022-3','DELAPAZ Medical and Diagnostic Center','1882208',' 4,998.00 '),('PUL-2022-3','DELAPAZ Medical and Diagnostic Center','1662659',' 4,998.00 '),('PUL-2022-3','DELAPAZ Medical and Diagnostic Center','1290709',' 3,816.00 '),('PUL-2022-3','DELAPAZ Medical and Diagnostic Center','1204668',' 3,816.00 '),('PUL-2022-3','DELAPAZ Medical and Diagnostic Center','1149764',' 5,071.00 '),('PUL-2022-3','DELAPAZ Medical and Diagnostic Center','1204247',' 6,765.00 '),('PUL-2022-3','DELAPAZ Medical and Diagnostic Center','1320498',' 5,071.00 '),('PUL-2022-3','DELAPAZ Medical and Diagnostic Center','8578163',' 5,071.00 '),('PUL-2022-3','DELAPAZ Medical and Diagnostic Center','8568040',' 5,071.00 '),('PUL-2022-3','DELAPAZ Medical and Diagnostic Center','6800189',' 5,071.00 '),('PUL-2022-3','DELAPAZ Medical and Diagnostic Center','6801896',' 8,643.00 '),('PUL-2022-3','DELAPAZ Medical and Diagnostic Center','1110352',' 2,535.00 '),('PUL-2022-3','DELAPAZ Medical and Diagnostic Center','8067324',' 6,204.00 '),('PUL-2022-3','DELAPAZ Medical and Diagnostic Center','8231474',' 6,204.00 '),('PUL-2022-3','DELAPAZ Medical and Diagnostic Center','8721508',' 4,998.00 '),('PUL-2022-3','DELAPAZ Medical and Diagnostic Center','8748220',' 4,998.00 '),('PUL-2022-3','DELAPAZ Medical and Diagnostic Center','8466492',' 4,998.00 '),('PUL-2022-3','DELAPAZ Medical and Diagnostic Center','1384007',' 4,998.00 '),('PUL-2022-3','DELAPAZ Medical and Diagnostic Center','8962540',' 5,357.00 '),('PUL-2022-3','DELAPAZ Medical and Diagnostic Center','1792357',' 5,357.00 '),('PUL-2022-3','DELAPAZ Medical and Diagnostic Center','8182172',' 5,357.00 '),('PUL-2022-3','DELAPAZ Medical and Diagnostic Center','6800190',' 4,998.00 '),('PUL-2022-3','DELAPAZ Medical and Diagnostic Center','6800191',' 4,998.00 '),('PUL-2022-3','DELAPAZ Medical and Diagnostic Center','8262487',' 2,886.00 '),('PUL-2022-3','DELAPAZ Medical and Diagnostic Center','8867541',' 7,995.00 '),('PUL-2022-3','DELAPAZ Medical and Diagnostic Center','8074452',' 3,168.00 '),('PUL-2022-3','DELAPAZ Medical and Diagnostic Center','8936049',' 5,357.00 '),('PUL-2022-3','DELAPAZ Medical and Diagnostic Center','8597452',' 5,357.00 '),('PUL-2022-3','DELAPAZ Medical and Diagnostic Center','1830033',' 9,666.00 '),('PUL-2022-3','DELAPAZ Medical and Diagnostic Center','6844463',' 11,025.00 '),('PUL-2022-3','DELAPAZ Medical and Diagnostic Center','1765304',' 11,025.00 '),('PUL-2022-3','DELAPAZ Medical and Diagnostic Center','1213115',' 5,338.00 '),('PUL-2022-3','DELAPAZ Medical and Diagnostic Center','1247873',' 2,557.00 '),('PUL-2022-3','DELAPAZ Medical and Diagnostic Center','1250232',' 1,930.00 '),('PUL-2022-3','DELAPAZ Medical and Diagnostic Center','1451392',' 1,229.00 '),('PUL-2022-3','DELAPAZ Medical and Diagnostic Center','1474030',' 964.80 '),('PUL-2022-3','DELAPAZ Medical and Diagnostic Center','6801715',' 2,864.00 '),('PUL-2022-3','DELAPAZ Medical and Diagnostic Center','1331560',' 6,720.00 '),('PUL-2022-3','DELAPAZ Medical and Diagnostic Center','1158294',' 3,929.00 '),('PUL-2022-3','DELAPAZ Medical and Diagnostic Center','1338953',' 1,698.00 '),('PUL-2022-3','DELAPAZ Medical and Diagnostic Center','1631779',' 3,586.00 '),('PUL-2022-3','DELAPAZ Medical and Diagnostic Center','1412204',' 3,368.00 '),('PUL-2022-3','DELAPAZ Medical and Diagnostic Center','1204791',' 10,957.00 '),('PUL-2022-3','DELAPAZ Medical and Diagnostic Center','1561976',' 1,978.00 '),('PUL-2022-3','DELAPAZ Medical and Diagnostic Center','1627439',' 5,451.00 '),('GCA-2023-3','Ospital ng Tagaytay ','8196057',' 12,098.26 '),('GCA-2023-3','Ospital ng Tagaytay ','6844288',' 11,848.67 '),('GCA-2023-3','Ospital ng Tagaytay ','6844471',' 11,757.92 '),('GCA-2023-3','Ospital ng Tagaytay ','8257289',' 16,414.81 '),('GCA-2023-3','Ospital ng Tagaytay ','6844430',' 16,714.41 '),('GCA-2023-3','Ospital ng Tagaytay ','8157596',' 11,757.92 '),('GCA-2023-3','Ospital ng Tagaytay ','8379034',' 11,757.92 '),('GCA-2023-3','Ospital ng Tagaytay ','8392292',' 12,654.08 '),('GCA-2023-3','Ospital ng Tagaytay ','6802584',' 12,097.19 '),('GCA-2023-3','Ospital ng Tagaytay ','1053180',' 12,416.23 '),('GCA-2023-3','Ospital ng Tagaytay ','1721869',' 16,414.81 '),('GCA-2023-3','Ospital ng Tagaytay ','1202670',' 14,108.70 '),('GCA-2023-3','Ospital ng Tagaytay ','8383051',' 12,416.23 '),('GCA-2023-3','Ospital ng Tagaytay ','8102204',' 12,097.19 '),('GCA-2023-3','Ospital ng Tagaytay ','1450261',' 15,183.58 '),('GCA-2023-3','Ospital ng Tagaytay ','1669829',' 12,160.23 '),('GCA-2023-3','Ospital ng Tagaytay ','1914605',' 14,108.70 '),('GCA-2023-3','Ospital ng Tagaytay ','8476396',' 15,183.58 '),('GCA-2023-3','Ospital ng Tagaytay ','8058232',' 19,372.70 '),('GCA-2023-3','Ospital ng Tagaytay ','8262396',' 12,416.23 '),('GCA-2023-3','Ospital ng Tagaytay ','1707801',' 12,097.19 '),('GCA-2023-3','Ospital ng Tagaytay ','1515808',' 16,414.81 '),('GCA-2023-3','Ospital ng Tagaytay ','8433880',' 14,108.70 '),('GCA-2023-3','Ospital ng Tagaytay ','8255093',' 14,108.70 '),('GCA-2023-3','Ospital ng Tagaytay ','1513209',' 15,183.58 '),('GCA-2023-3','Ospital ng Tagaytay ','8159931',' 12,416.23 '),('GCA-2023-3','Ospital ng Tagaytay ','1336544',' 12,160.23 '),('GCA-2023-3','Ospital ng Tagaytay ','1943927',' 12,097.19 '),('GCA-2023-3','Ospital ng Tagaytay ','8433815',' 14,217.22 '),('GCA-2023-3','Ospital ng Tagaytay ','6801895',' 29,599.48 '),('GCA-2023-3','Ospital ng Tagaytay ','1037274',' 5,817.20 '),('GCA-2023-3','Ospital ng Tagaytay ','1988211',' 4,356.00 '),('GCA-2023-3','Ospital ng Tagaytay ','8046872',' 4,233.00 '),('GCA-2023-3','Ospital ng Tagaytay ','1726926',' 4,924.97 '),('GCA-2023-3','Ospital ng Tagaytay ','8112724',' 4,233.79 '),('GCA-2023-3','Ospital ng Tagaytay ','1612365',' 3,723.94 '),('GCA-2023-3','Ospital ng Tagaytay ','8004707',' 4,233.79 '),('GCA-2023-3','Ospital ng Tagaytay ','8478034',' 4,555.73 '),('GCA-2023-3','Ospital ng Tagaytay ','8001133',' 5,811.93 '),('GCA-2023-3','Ospital ng Tagaytay ','8097990',' 18,194.00 '),('GCA-2023-3','Ospital ng Tagaytay ','8208431',' 4,562.29 '),('GCA-2023-3','Ospital ng Tagaytay ','8343386',' 18,194.00 '),('GCA-2023-3','Ospital ng Tagaytay ','1924547',' 5,288.96 '),('GCA-2023-3','Ospital ng Tagaytay ','8150112',' 4,233.79 '),('GCA-2023-3','Ospital ng Tagaytay ','8297749',' 4,924.97 '),('GCA-2023-3','Ospital ng Tagaytay ','1632660',' 4,233.79 '),('GCA-2023-3','Ospital ng Tagaytay ','1921204',' 4,233.79 '),('GCA-2023-3','Ospital ng Tagaytay ','8221384',' 19,017.91 '),('GCA-2023-3','Ospital ng Tagaytay ','8298671',' 18,194.00 '),('GCA-2023-3','Ospital ng Tagaytay ','1314343',' 5,811.93 '),('GCA-2023-3','Ospital ng Tagaytay ','1307164',' 5,811.93 '),('GCA-2023-3','Ospital ng Tagaytay ','6800120',' 4,555.73 '),('GCA-2023-3','Ospital ng Tagaytay ','1882208',' 6,649.02 '),('GCA-2023-3','Ospital ng Tagaytay ','1662659',' 6,649.02 '),('GCA-2023-3','Ospital ng Tagaytay ','1290709',' 4,601.09 '),('GCA-2023-3','Ospital ng Tagaytay ','1204668',' 4,602.68 '),('GCA-2023-3','Ospital ng Tagaytay ','1149764',' 6,649.02 '),('GCA-2023-3','Ospital ng Tagaytay ','1204247',' 8,870.68 '),('GCA-2023-3','Ospital ng Tagaytay ','1320498',' 6,649.02 '),('GCA-2023-3','Ospital ng Tagaytay ','8578163',' 6,649.02 '),('GCA-2023-3','Ospital ng Tagaytay ','8568040',' 6,649.02 '),('GCA-2023-3','Ospital ng Tagaytay ','6800189',' 6,649.02 '),('GCA-2023-3','Ospital ng Tagaytay ','6801896',' 11,870.07 '),('GCA-2023-3','Ospital ng Tagaytay ','6844508',' 3,324.51 '),('GCA-2023-3','Ospital ng Tagaytay ','1110352',' 7,006.01 '),('GCA-2023-3','Ospital ng Tagaytay ','8067324',' 7,006.01 '),('GCA-2023-3','Ospital ng Tagaytay ','8231474',' 7,006.01 '),('GCA-2023-3','Ospital ng Tagaytay ','8721508',' 6,704.80 '),('GCA-2023-3','Ospital ng Tagaytay ','8748220',' 6,704.80 '),('GCA-2023-3','Ospital ng Tagaytay ','8466492',' 6,704.80 '),('GCA-2023-3','Ospital ng Tagaytay ','1384007',' 6,704.80 '),('GCA-2023-3','Ospital ng Tagaytay ','8962540',' 5,941.41 '),('GCA-2023-3','Ospital ng Tagaytay ','1792357',' 5,941.41 '),('GCA-2023-3','Ospital ng Tagaytay ','8182172',' 5,941.41 '),('GCA-2023-3','Ospital ng Tagaytay ','6800190',' 6,704.80 '),('GCA-2023-3','Ospital ng Tagaytay ','6800191',' 6,704.80 '),('GCA-2023-3','Ospital ng Tagaytay ','8262487',' 3,718.17 '),('GCA-2023-3','Ospital ng Tagaytay ','8867541',' 10,316.87 '),('GCA-2023-3','Ospital ng Tagaytay ','8936049',' 5,941.41 '),('GCA-2023-3','Ospital ng Tagaytay ','8597452',' 5,941.41 '),('GCA-2023-3','Ospital ng Tagaytay ','1830033',' 10,720.99 '),('GCA-2023-3','Ospital ng Tagaytay ','1765304',' 12,228.66 '),('GCA-2023-3','Ospital ng Tagaytay ','1213115',' 6,702.54 '),('GCA-2023-3','Ospital ng Tagaytay ','1247873',' 3,514.17 '),('GCA-2023-3','Ospital ng Tagaytay ','1250232',' 2,634.43 '),('GCA-2023-3','Ospital ng Tagaytay ','1451392',' 1,614.44 '),('GCA-2023-3','Ospital ng Tagaytay ','1474030',' 945.88 '),('GCA-2023-3','Ospital ng Tagaytay ','6801715',' 3,719.76 '),('GCA-2023-3','Ospital ng Tagaytay ','1250315',' 2,125.49 '),('GCA-2023-3','Ospital ng Tagaytay ','1331560',' 7,336.47 '),('GCA-2023-3','Ospital ng Tagaytay ','1158294',' 4,288.63 '),('GCA-2023-3','Ospital ng Tagaytay ','1338953',' 1,854.12 '),('GCA-2023-3','Ospital ng Tagaytay ','1631779',' 4,092.54 '),('GCA-2023-3','Ospital ng Tagaytay ','1412204',' 3,676.87 '),('GCA-2023-3','Ospital ng Tagaytay ','1204791',' 11,960.79 '),('GCA-2023-3','Ospital ng Tagaytay ','1561976',' 2,160.00 '),('GCA-2023-3','Ospital ng Tagaytay ','1627439',' 5,957.64 '),('GCA-2023-3','Ospital ng Tagaytay ','356666',' 7,027.46 '),('PBA-2022-3','Batangas Healthcare Specialist Medical Center','8196057',' 10,588.75 '),('PBA-2022-3','Batangas Healthcare Specialist Medical Center','6844288',' 10,013.75 '),('PBA-2022-3','Batangas Healthcare Specialist Medical Center','6844471',' 10,291.25 '),('PBA-2022-3','Batangas Healthcare Specialist Medical Center','8257289',' 14,366.25 '),('PBA-2022-3','Batangas Healthcare Specialist Medical Center','6844430',' 14,628.75 '),('PBA-2022-3','Batangas Healthcare Specialist Medical Center','8157596',' 9,731.25 '),('PBA-2022-3','Batangas Healthcare Specialist Medical Center','8379034',' 9,731.25 '),('PBA-2022-3','Batangas Healthcare Specialist Medical Center','8392292',' 11,075.00 '),('PBA-2022-3','Batangas Healthcare Specialist Medical Center','6802584',' 10,222.50 '),('PBA-2022-3','Batangas Healthcare Specialist Medical Center','1053180',' 10,867.50 '),('PBA-2022-3','Batangas Healthcare Specialist Medical Center','1721869',' 14,366.25 '),('PBA-2022-3','Batangas Healthcare Specialist Medical Center','1202670',' 12,348.75 '),('PBA-2022-3','Batangas Healthcare Specialist Medical Center','8383051',' 10,867.50 '),('PBA-2022-3','Batangas Healthcare Specialist Medical Center','8102204',' 20,222.50 '),('PBA-2022-3','Batangas Healthcare Specialist Medical Center','1450261',' 13,288.75 '),('PBA-2022-3','Batangas Healthcare Specialist Medical Center','1669829',' 10,276.25 '),('PBA-2022-3','Batangas Healthcare Specialist Medical Center','1914605',' 12,348.75 '),('PBA-2022-3','Batangas Healthcare Specialist Medical Center','8476396',' 13,288.75 '),('PBA-2022-3','Batangas Healthcare Specialist Medical Center','8058232',' 16,955.00 '),('PBA-2022-3','Batangas Healthcare Specialist Medical Center','8262396',' 10,867.50 '),('PBA-2022-3','Batangas Healthcare Specialist Medical Center','1707801',' 10,222.50 '),('PBA-2022-3','Batangas Healthcare Specialist Medical Center','1515808',' 14,366.25 '),('PBA-2022-3','Batangas Healthcare Specialist Medical Center','8433880',' 12,348.75 '),('PBA-2022-3','Batangas Healthcare Specialist Medical Center','8255093',' 12,348.75 '),('PBA-2022-3','Batangas Healthcare Specialist Medical Center','1513209',' 13,288.75 '),('PBA-2022-3','Batangas Healthcare Specialist Medical Center','8159931',' 10,867.50 '),('PBA-2022-3','Batangas Healthcare Specialist Medical Center','1336544',' 10,276.25 '),('PBA-2022-3','Batangas Healthcare Specialist Medical Center','1943927',' 10,222.50 '),('PBA-2022-3','Batangas Healthcare Specialist Medical Center','8433815',' 12,015.00 '),('PBA-2022-3','Batangas Healthcare Specialist Medical Center','6801895',' 25,012.50 '),('PBA-2022-3','Batangas Healthcare Specialist Medical Center','1037274',' 4,941.25 '),('PBA-2022-3','Batangas Healthcare Specialist Medical Center','8168122',' 3,706.25 '),('PBA-2022-3','Batangas Healthcare Specialist Medical Center','1988211',' 3,812.50 '),('PBA-2022-3','Batangas Healthcare Specialist Medical Center','8046872',' 3,706.25 '),('PBA-2022-3','Batangas Healthcare Specialist Medical Center','1726926',' 4,311.25 '),('PBA-2022-3','Batangas Healthcare Specialist Medical Center','8112724',' 3,706.25 '),('PBA-2022-3','Batangas Healthcare Specialist Medical Center','1612365',' 3,260.00 '),('PBA-2022-3','Batangas Healthcare Specialist Medical Center','8892382',' 15,812.50 '),('PBA-2022-3','Batangas Healthcare Specialist Medical Center','8004707',' 3,706.25 '),('PBA-2022-3','Batangas Healthcare Specialist Medical Center','8478034',' 3,987.50 '),('PBA-2022-3','Batangas Healthcare Specialist Medical Center','8001133',' 5,087.50 '),('PBA-2022-3','Batangas Healthcare Specialist Medical Center','8097990',' 15,127.50 '),('PBA-2022-3','Batangas Healthcare Specialist Medical Center','8208431',' 3,993.75 '),('PBA-2022-3','Batangas Healthcare Specialist Medical Center','8343386',' 15,127.50 '),('PBA-2022-3','Batangas Healthcare Specialist Medical Center','1924547',' 4,628.75 '),('PBA-2022-3','Batangas Healthcare Specialist Medical Center','8150112',' 3,706.25 '),('PBA-2022-3','Batangas Healthcare Specialist Medical Center','8297749',' 4,311.25 '),('PBA-2022-3','Batangas Healthcare Specialist Medical Center','1632660',' 3,706.25 '),('PBA-2022-3','Batangas Healthcare Specialist Medical Center','1921204',' 3,706.25 '),('PBA-2022-3','Batangas Healthcare Specialist Medical Center','8221384',' 15,812.50 '),('PBA-2022-3','Batangas Healthcare Specialist Medical Center','8298671',' 15,127.50 '),('PBA-2022-3','Batangas Healthcare Specialist Medical Center','1314343',' 5,087.50 '),('PBA-2022-3','Batangas Healthcare Specialist Medical Center','1307164',' 5,087.50 '),('PBA-2022-3','Batangas Healthcare Specialist Medical Center','6800120',' 3,987.50 '),('PBA-2022-3','Batangas Healthcare Specialist Medical Center','1882208',' 6,247.50 '),('PBA-2022-3','Batangas Healthcare Specialist Medical Center','1662659',' 6,247.50 '),('PBA-2022-3','Batangas Healthcare Specialist Medical Center','1290709',' 4,770.00 '),('PBA-2022-3','Batangas Healthcare Specialist Medical Center','1204668',' 4,770.00 '),('PBA-2022-3','Batangas Healthcare Specialist Medical Center','1149764',' 6,338.75 '),('PBA-2022-3','Batangas Healthcare Specialist Medical Center','1204247',' 8,456.25 '),('PBA-2022-3','Batangas Healthcare Specialist Medical Center','1320498',' 6,338.75 '),('PBA-2022-3','Batangas Healthcare Specialist Medical Center','8578163',' 6,338.75 '),('PBA-2022-3','Batangas Healthcare Specialist Medical Center','8568040',' 6,338.75 '),('PBA-2022-3','Batangas Healthcare Specialist Medical Center','6800189',' 6,338.75 '),('PBA-2022-3','Batangas Healthcare Specialist Medical Center','6801896',' 10,803.75 '),('PBA-2022-3','Batangas Healthcare Specialist Medical Center','1110352',' 3,168.75 '),('PBA-2022-3','Batangas Healthcare Specialist Medical Center','8067324',' 7,755.00 '),('PBA-2022-3','Batangas Healthcare Specialist Medical Center','8231474',' 7,755.00 '),('PBA-2022-3','Batangas Healthcare Specialist Medical Center','8721508',' 6,247.50 '),('PBA-2022-3','Batangas Healthcare Specialist Medical Center','8748220',' 6,247.50 '),('PBA-2022-3','Batangas Healthcare Specialist Medical Center','8466492',' 6,247.50 '),('PBA-2022-3','Batangas Healthcare Specialist Medical Center','1384007',' 6,247.50 '),('PBA-2022-3','Batangas Healthcare Specialist Medical Center','8962540',' 6,696.25 '),('PBA-2022-3','Batangas Healthcare Specialist Medical Center','1792357',' 6,696.25 '),('PBA-2022-3','Batangas Healthcare Specialist Medical Center','8182172',' 6,696.25 '),('PBA-2022-3','Batangas Healthcare Specialist Medical Center','6800190',' 6,247.50 '),('PBA-2022-3','Batangas Healthcare Specialist Medical Center','6800191',' 6,247.50 '),('PBA-2022-3','Batangas Healthcare Specialist Medical Center','8262487',' 3,607.25 '),('PBA-2022-3','Batangas Healthcare Specialist Medical Center','8867541',' 9,993.75 '),('PBA-2022-3','Batangas Healthcare Specialist Medical Center','8074452',' 3,960.00 '),('PBA-2022-3','Batangas Healthcare Specialist Medical Center','8936049',' 6,696.25 '),('PBA-2022-3','Batangas Healthcare Specialist Medical Center','8597452',' 6,696.25 '),('PBA-2022-3','Batangas Healthcare Specialist Medical Center','1830033',' 12,082.50 '),('PBA-2022-3','Batangas Healthcare Specialist Medical Center','6844463',' 13,781.25 '),('PBA-2022-3','Batangas Healthcare Specialist Medical Center','1765304',' 13,781.25 '),('PBA-2022-3','Batangas Healthcare Specialist Medical Center','1213115',' 6,672.50 '),('PBA-2022-3','Batangas Healthcare Specialist Medical Center','1247873',' 3,196.25 '),('PBA-2022-3','Batangas Healthcare Specialist Medical Center','1250232',' 2,412.50 '),('PBA-2022-3','Batangas Healthcare Specialist Medical Center','1451392',' 1,536.25 '),('PBA-2022-3','Batangas Healthcare Specialist Medical Center','1474030',' 1,206.00 '),('PBA-2022-3','Batangas Healthcare Specialist Medical Center','6801715',' 3,580.00 '),('PBA-2022-3','Batangas Healthcare Specialist Medical Center','1122423',' 13,696.25 '),('PBA-2022-3','Batangas Healthcare Specialist Medical Center','1331560',' 8,400.00 '),('PBA-2022-3','Batangas Healthcare Specialist Medical Center','1158294',' 4,911.25 '),('PBA-2022-3','Batangas Healthcare Specialist Medical Center','1338953',' 2,122.50 '),('PBA-2022-3','Batangas Healthcare Specialist Medical Center','1631779',' 4,482.50 '),('PBA-2022-3','Batangas Healthcare Specialist Medical Center','1412204',' 4,210.00 '),('PBA-2022-3','Batangas Healthcare Specialist Medical Center','1561976',' 2,472.50 '),('PBA-2022-3','Batangas Healthcare Specialist Medical Center','1627439',' 6,813.75 '),('PUL-2019-1','Global Medical Center of Laguna, Inc.','1037274',' 4,427.00 '),('PUL-2019-1','Global Medical Center of Laguna, Inc.','8168122',' 3,222.00 '),('PUL-2019-1','Global Medical Center of Laguna, Inc.','1988211',' 3,315.00 '),('PUL-2019-1','Global Medical Center of Laguna, Inc.','8046872',' 3,222.00 '),('PUL-2019-1','Global Medical Center of Laguna, Inc.','1726926',' 3,748.00 '),('PUL-2019-1','Global Medical Center of Laguna, Inc.','8112724',' 3,222.00 '),('PUL-2019-1','Global Medical Center of Laguna, Inc.','1612365',' 2,834.00 '),('PUL-2019-1','Global Medical Center of Laguna, Inc.','8892382',' 14,473.00 '),('PUL-2019-1','Global Medical Center of Laguna, Inc.','8004707',' 3,222.00 '),('PUL-2019-1','Global Medical Center of Laguna, Inc.','8478034',' 3,467.00 '),('PUL-2019-1','Global Medical Center of Laguna, Inc.','8001133',' 4,423.00 '),('PUL-2019-1','Global Medical Center of Laguna, Inc.','8097990',' 13,846.00 '),('PUL-2019-1','Global Medical Center of Laguna, Inc.','8208431',' 3,472.00 '),('PUL-2019-1','Global Medical Center of Laguna, Inc.','8343386',' 13,846.00 '),('PUL-2019-1','Global Medical Center of Laguna, Inc.','1924547',' 4,025.00 '),('PUL-2019-1','Global Medical Center of Laguna, Inc.','8150112',' 3,222.00 '),('PUL-2019-1','Global Medical Center of Laguna, Inc.','8297749',' 3,748.00 '),('PUL-2019-1','Global Medical Center of Laguna, Inc.','1632660',' 3,222.00 '),('PUL-2019-1','Global Medical Center of Laguna, Inc.','1921204',' 3,222.00 '),('PUL-2019-1','Global Medical Center of Laguna, Inc.','8221384',' 14,473.00 '),('PUL-2019-1','Global Medical Center of Laguna, Inc.','8298671',' 13,846.00 '),('PUL-2019-1','Global Medical Center of Laguna, Inc.','1314343',' 4,423.00 '),('PUL-2019-1','Global Medical Center of Laguna, Inc.','1307164',' 4,423.00 '),('PUL-2019-1','Global Medical Center of Laguna, Inc.','6800120',' 3,467.00 '),('PUL-2019-1','Global Medical Center of Laguna, Inc.','8196057',' 9,207.00 '),('PUL-2019-1','Global Medical Center of Laguna, Inc.','1655281',' 8,746.00 '),('PUL-2019-1','Global Medical Center of Laguna, Inc.','8445207',' 8,948.00 '),('PUL-2019-1','Global Medical Center of Laguna, Inc.','8257289',' 12,492.00 '),('PUL-2019-1','Global Medical Center of Laguna, Inc.','8384489',' 12,720.00 '),('PUL-2019-1','Global Medical Center of Laguna, Inc.','8157596',' 8,948.00 '),('PUL-2019-1','Global Medical Center of Laguna, Inc.','8379034',' 8,948.00 '),('PUL-2019-1','Global Medical Center of Laguna, Inc.','8392292',' 9,630.00 '),('PUL-2019-1','Global Medical Center of Laguna, Inc.','6802584',' 8,930.00 '),('PUL-2019-1','Global Medical Center of Laguna, Inc.','1053180',' 9,449.00 '),('PUL-2019-1','Global Medical Center of Laguna, Inc.','1721869',' 12,492.00 '),('PUL-2019-1','Global Medical Center of Laguna, Inc.','1202670',' 10,737.00 '),('PUL-2019-1','Global Medical Center of Laguna, Inc.','8383051',' 9,449.00 '),('PUL-2019-1','Global Medical Center of Laguna, Inc.','8102204',' 8,930.00 '),('PUL-2019-1','Global Medical Center of Laguna, Inc.','1450261',' 11,555.00 '),('PUL-2019-1','Global Medical Center of Laguna, Inc.','1669829',' 8,976.00 '),('PUL-2019-1','Global Medical Center of Laguna, Inc.','1914605',' 10,737.00 '),('PUL-2019-1','Global Medical Center of Laguna, Inc.','8479396',' 11,555.00 '),('PUL-2019-1','Global Medical Center of Laguna, Inc.','8058232',' 14,743.00 '),('PUL-2019-1','Global Medical Center of Laguna, Inc.','8262396',' 9,449.00 '),('PUL-2019-1','Global Medical Center of Laguna, Inc.','1707801',' 8,930.00 '),('PUL-2019-1','Global Medical Center of Laguna, Inc.','1515808',' 12,492.00 '),('PUL-2019-1','Global Medical Center of Laguna, Inc.','8433880',' 10,737.00 '),('PUL-2019-1','Global Medical Center of Laguna, Inc.','8255093',' 10,737.00 '),('PUL-2019-1','Global Medical Center of Laguna, Inc.','1513209',' 11,555.00 '),('PUL-2019-1','Global Medical Center of Laguna, Inc.','8159931',' 9,449.00 '),('PUL-2019-1','Global Medical Center of Laguna, Inc.','1336544',' 8,976.00 '),('PUL-2019-1','Global Medical Center of Laguna, Inc.','1943927',' 8,930.00 '),('PUL-2019-1','Global Medical Center of Laguna, Inc.','8433815',' 10,495.00 '),('PUL-2019-1','Global Medical Center of Laguna, Inc.','6801895',' 21,850.00 '),('PUL-2019-1','Global Medical Center of Laguna, Inc.','1882208',' 4,998.00 '),('PUL-2019-1','Global Medical Center of Laguna, Inc.','1662659',' 4,998.00 '),('PUL-2019-1','Global Medical Center of Laguna, Inc.','1290709',' 3,816.00 '),('PUL-2019-1','Global Medical Center of Laguna, Inc.','1204668',' 3,816.00 '),('PUL-2019-1','Global Medical Center of Laguna, Inc.','1149764',' 5,071.00 '),('PUL-2019-1','Global Medical Center of Laguna, Inc.','1204247',' 6,765.00 '),('PUL-2019-1','Global Medical Center of Laguna, Inc.','1320498',' 5,071.00 '),('PUL-2019-1','Global Medical Center of Laguna, Inc.','8578163',' 5,071.00 '),('PUL-2019-1','Global Medical Center of Laguna, Inc.','8568040',' 5,071.00 '),('PUL-2019-1','Global Medical Center of Laguna, Inc.','6800189',' 5,071.00 '),('PUL-2019-1','Global Medical Center of Laguna, Inc.','6801896',' 8,643.00 '),('PUL-2019-1','Global Medical Center of Laguna, Inc.','1110352',' 2,535.00 '),('PUL-2019-1','Global Medical Center of Laguna, Inc.','8067324',' 6,204.00 '),('PUL-2019-1','Global Medical Center of Laguna, Inc.','8231474',' 6,204.00 '),('PUL-2019-1','Global Medical Center of Laguna, Inc.','8466492',' 4,998.00 '),('PUL-2019-1','Global Medical Center of Laguna, Inc.','1384007',' 4,998.00 '),('PUL-2019-1','Global Medical Center of Laguna, Inc.','8721508',' 4,998.00 '),('PUL-2019-1','Global Medical Center of Laguna, Inc.','8748220',' 4,998.00 '),('PUL-2019-1','Global Medical Center of Laguna, Inc.','8962540',' 5,357.00 '),('PUL-2019-1','Global Medical Center of Laguna, Inc.','1792357',' 5,357.00 '),('PUL-2019-1','Global Medical Center of Laguna, Inc.','8182172',' 5,357.00 '),('PUL-2019-1','Global Medical Center of Laguna, Inc.','6800190',' 4,998.00 '),('PUL-2019-1','Global Medical Center of Laguna, Inc.','6800191',' 4,998.00 '),('PUL-2019-1','Global Medical Center of Laguna, Inc.','8262487',' 2,886.00 '),('PUL-2019-1','Global Medical Center of Laguna, Inc.','8867541',' 7,995.00 '),('PUL-2019-1','Global Medical Center of Laguna, Inc.','8936049',' 5,357.00 '),('PUL-2019-1','Global Medical Center of Laguna, Inc.','8597452',' 5,357.00 '),('PUL-2019-1','Global Medical Center of Laguna, Inc.','1830033',' 9,666.00 '),('PUL-2019-1','Global Medical Center of Laguna, Inc.','1765304',' 11,025.00 '),('PUL-2019-1','Global Medical Center of Laguna, Inc.','1213115',' 5,338.00 '),('PUL-2019-1','Global Medical Center of Laguna, Inc.','1247873',' 2,557.00 '),('PUL-2019-1','Global Medical Center of Laguna, Inc.','1250232',' 1,930.00 '),('PUL-2019-1','Global Medical Center of Laguna, Inc.','1451392',' 1,229.00 '),('PUL-2019-1','Global Medical Center of Laguna, Inc.','1627439',' 5,451.00 '),('PUL-2019-1','Global Medical Center of Laguna, Inc.','1474030',' 1,026.00 '),('PUL-2019-1','Global Medical Center of Laguna, Inc.','1158294',' 3,929.00 '),('PUL-2019-1','Global Medical Center of Laguna, Inc.','1412204',' 3,368.00 '),('PUL-2019-1','Global Medical Center of Laguna, Inc.','1338953',' 1,698.00 '),('PUL-2019-1','Global Medical Center of Laguna, Inc.','1561976',' 1,978.00 '),('PUL-2019-1','Global Medical Center of Laguna, Inc.','1631779',' 3,586.00 '),('PUL-2019-1','Global Medical Center of Laguna, Inc.','1331560',' 6,720.00 '),('PUL-2019-1','Global Medical Center of Laguna, Inc.','1122423',' 10,957.00 '),('PUL-2019-1','Global Medical Center of Laguna, Inc.','6801715',' 2,864.00 '),('PUL-2019-1','Global Medical Center of Laguna, Inc.','1204791',' 10,957.00 '),('PUL-2019-1','Global Medical Center of Laguna, Inc.','1250315',' 6,720.00 '),('PUL-2019-1','Global Medical Center of Laguna, Inc.','8057812',' 11,025.00 '),('PUL-2015-0','St. James Hospital','1037274',' 3,288.00 '),('PUL-2015-0','St. James Hospital','8168122',' 2,802.74 '),('PUL-2015-0','St. James Hospital','1988211',' 2,884.75 '),('PUL-2015-0','St. James Hospital','8046872',' 2,802.74 '),('PUL-2015-0','St. James Hospital','1726926',' 3,261.17 '),('PUL-2015-0','St. James Hospital','8112724',' 2,802.74 '),('PUL-2015-0','St. James Hospital','1612365',' 2,467.32 '),('PUL-2015-0','St. James Hospital','8892382',' 11,083.16 '),('PUL-2015-0','St. James Hospital','8004707',' 2,802.74 '),('PUL-2015-0','St. James Hospital','8478034',' 3,164.28 '),('PUL-2015-0','St. James Hospital','8001133',' 3,848.18 '),('PUL-2015-0','St. James Hospital','8097990',' 10,602.90 '),('PUL-2015-0','St. James Hospital','8208431',' 3,020.78 '),('PUL-2015-0','St. James Hospital','8343386',' 10,602.90 '),('PUL-2015-0','St. James Hospital','1924547',' 3,261.17 '),('PUL-2015-0','St. James Hospital','8150112',' 2,802.74 '),('PUL-2015-0','St. James Hospital','8297749',' 3,261.17 '),('PUL-2015-0','St. James Hospital','1632660',' 2,802.74 '),('PUL-2015-0','St. James Hospital','1921204',' 2,802.74 '),('PUL-2015-0','St. James Hospital','8221384',' 11,083.16 '),('PUL-2015-0','St. James Hospital','8298671',' 10,602.90 '),('PUL-2015-0','St. James Hospital','1314343',' 3,738.00 '),('PUL-2015-0','St. James Hospital','1307164',' 3,848.18 '),('PUL-2015-0','St. James Hospital','6800120',' 3,164.28 '),('PUL-2015-0','St. James Hospital','8196057',' 8,021.24 '),('PUL-2015-0','St. James Hospital','1655281',' 8,013.18 '),('PUL-2015-0','St. James Hospital','8445207',' 7,785.43 '),('PUL-2015-0','St. James Hospital','8257289',' 9,058.81 '),('PUL-2015-0','St. James Hospital','8384489',' 9,058.81 '),('PUL-2015-0','St. James Hospital','8157596',' 7,785.43 '),('PUL-2015-0','St. James Hospital','8379034',' 7,785.43 '),('PUL-2015-0','St. James Hospital','8392292',' 8,380.70 '),('PUL-2015-0','St. James Hospital','6802584',' 8,199.53 '),('PUL-2015-0','St. James Hospital','1053180',' 8,228.32 '),('PUL-2015-0','St. James Hospital','1721869',' 10,878.66 '),('PUL-2015-0','St. James Hospital','1202670',' 9,346.42 '),('PUL-2015-0','St. James Hospital','8383051',' 8,224.38 '),('PUL-2015-0','St. James Hospital','8102204',' 8,199.53 '),('PUL-2015-0','St. James Hospital','1450261',' 10,056.84 '),('PUL-2015-0','St. James Hospital','1669829',' 8,224.38 '),('PUL-2015-0','St. James Hospital','1914605',' 9,342.50 '),('PUL-2015-0','St. James Hospital','8479396',' 10,547.57 '),('PUL-2015-0','St. James Hospital','8058232',' 12,827.30 '),('PUL-2015-0','St. James Hospital','8262396',' 8,218.18 '),('PUL-2015-0','St. James Hospital','1707801',' 8,199.53 '),('PUL-2015-0','St. James Hospital','1515808',' 10,980.00 '),('PUL-2015-0','St. James Hospital','8433880',' 9,342.50 '),('PUL-2015-0','St. James Hospital','1668409',' 10,870.60 '),('PUL-2015-0','St. James Hospital','8318925',' 9,342.50 '),('PUL-2015-0','St. James Hospital','8255093',' 9,342.50 '),('PUL-2015-0','St. James Hospital','1513209',' 10,056.84 '),('PUL-2015-0','St. James Hospital','8159931',' 8,224.38 '),('PUL-2015-0','St. James Hospital','1336544',' 8,224.38 '),('PUL-2015-0','St. James Hospital','1943927',' 8,199.53 '),('PUL-2015-0','St. James Hospital','8433815',' 9,615.82 '),('PUL-2015-0','St. James Hospital','6801895',' 20,292.00 '),('PUL-2015-0','St. James Hospital','1882208',' 5,269.66 '),('PUL-2015-0','St. James Hospital','1662659',' 5,269.66 '),('PUL-2015-0','St. James Hospital','1290709',' 3,480.00 '),('PUL-2015-0','St. James Hospital','1204668',' 3,480.00 '),('PUL-2015-0','St. James Hospital','1149764',' 5,269.66 '),('PUL-2015-0','St. James Hospital','1204247',' 7,029.60 '),('PUL-2015-0','St. James Hospital','1320498',' 5,269.66 '),('PUL-2015-0','St. James Hospital','8578163',' 5,269.66 '),('PUL-2015-0','St. James Hospital','8568040',' 5,269.66 '),('PUL-2015-0','St. James Hospital','6800189',' 5,269.66 '),('PUL-2015-0','St. James Hospital','6801896',' 9,408.00 '),('PUL-2015-0','St. James Hospital','1110352',' 2,634.83 '),('PUL-2015-0','St. James Hospital','8067324',' 5,313.66 '),('PUL-2015-0','St. James Hospital','8231474',' 5,313.66 '),('PUL-2015-0','St. James Hospital','8466492',' 5,313.66 '),('PUL-2015-0','St. James Hospital','1384007',' 5,313.66 '),('PUL-2015-0','St. James Hospital','8721508',' 5,313.66 '),('PUL-2015-0','St. James Hospital','8748220',' 5,313.66 '),('PUL-2015-0','St. James Hospital','8962540',' 4,708.60 '),('PUL-2015-0','St. James Hospital','1792357',' 4,708.60 '),('PUL-2015-0','St. James Hospital','8182172',' 4,708.60 '),('PUL-2015-0','St. James Hospital','6800190',' 5,313.66 '),('PUL-2015-0','St. James Hospital','6800191',' 5,313.66 '),('PUL-2015-0','St. James Hospital','8262487',' 2,945.83 '),('PUL-2015-0','St. James Hospital','8867541',' 8,307.60 '),('PUL-2015-0','St. James Hospital','8074452',' 2,718.00 '),('PUL-2015-0','St. James Hospital','8936049',' 4,708.60 '),('PUL-2015-0','St. James Hospital','8597452',' 4,708.60 '),('PUL-2015-0','St. James Hospital','1830033',' 8,497.06 '),('PUL-2015-0','St. James Hospital','8057812',' 9,691.70 '),('PUL-2015-0','St. James Hospital','1765304',' 9,691.70 '),('PUL-2015-0','St. James Hospital','1213115',' 5,546.90 '),('PUL-2015-0','St. James Hospital','1247873',' 2,784.00 '),('PUL-2015-0','St. James Hospital','1250232',' 2,087.16 '),('PUL-2015-0','St. James Hospital','1451392',' 1,278.79 '),('PUL-2015-0','St. James Hospital','1474030',' 900.90 '),('PUL-2015-0','St. James Hospital','6801715',' 2,834.27 '),('PUL-2015-0','St. James Hospital','1250315',' 1,711.50 '),('PUL-2015-0','St. James Hospital','1122423',' 9,631.50 '),('PUL-2015-0','St. James Hospital','1331560',' 5,907.13 '),('PUL-2015-0','St. James Hospital','1158294',' 3,452.94 '),('PUL-2015-0','St. James Hospital','1338953',' 1,492.24 '),('PUL-2015-0','St. James Hospital','1631779',' 3,152.54 '),('PUL-2015-0','St. James Hospital','1412204',' 2,960.34 '),('PUL-2015-0','St. James Hospital','1204791',' 9,631.50 '),('PUL-2015-0','St. James Hospital','1561976',' 1,738.54 '),('PUL-2015-0','St. James Hospital','1627439',' 4,796.44 '),('PUL-2016-2','Divine Mercy Hospital','1037274',' 3,288.00 '),('PUL-2016-2','Divine Mercy Hospital','8168122',' 2,802.74 '),('PUL-2016-2','Divine Mercy Hospital','1988211',' 2,884.75 '),('PUL-2016-2','Divine Mercy Hospital','8046872',' 2,802.74 '),('PUL-2016-2','Divine Mercy Hospital','1726926',' 3,261.17 '),('PUL-2016-2','Divine Mercy Hospital','8112724',' 2,802.74 '),('PUL-2016-2','Divine Mercy Hospital','1612365',' 2,467.32 '),('PUL-2016-2','Divine Mercy Hospital','8892382',' 11,083.16 '),('PUL-2016-2','Divine Mercy Hospital','8004707',' 2,802.74 '),('PUL-2016-2','Divine Mercy Hospital','8478034',' 3,164.28 '),('PUL-2016-2','Divine Mercy Hospital','8001133',' 3,848.18 '),('PUL-2016-2','Divine Mercy Hospital','8097990',' 10,602.90 '),('PUL-2016-2','Divine Mercy Hospital','8208431',' 3,020.78 '),('PUL-2016-2','Divine Mercy Hospital','8343386',' 10,602.90 '),('PUL-2016-2','Divine Mercy Hospital','1924547',' 3,261.17 '),('PUL-2016-2','Divine Mercy Hospital','8150112',' 2,802.74 '),('PUL-2016-2','Divine Mercy Hospital','8297749',' 3,261.17 '),('PUL-2016-2','Divine Mercy Hospital','1632660',' 2,802.74 '),('PUL-2016-2','Divine Mercy Hospital','1921204',' 2,802.74 '),('PUL-2016-2','Divine Mercy Hospital','8221384',' 11,083.16 '),('PUL-2016-2','Divine Mercy Hospital','8298671',' 10,602.90 '),('PUL-2016-2','Divine Mercy Hospital','1314343',' 3,738.00 '),('PUL-2016-2','Divine Mercy Hospital','1307164',' 3,848.18 '),('PUL-2016-2','Divine Mercy Hospital','6800120',' 3,164.28 '),('PUL-2016-2','Divine Mercy Hospital','8196057',' 8,021.24 '),('PUL-2016-2','Divine Mercy Hospital','1655281',' 8,013.18 '),('PUL-2016-2','Divine Mercy Hospital','8445207',' 7,785.43 '),('PUL-2016-2','Divine Mercy Hospital','8257289',' 9,058.81 '),('PUL-2016-2','Divine Mercy Hospital','8384489',' 9,058.81 '),('PUL-2016-2','Divine Mercy Hospital','8157596',' 7,785.43 '),('PUL-2016-2','Divine Mercy Hospital','8379034',' 7,785.43 '),('PUL-2016-2','Divine Mercy Hospital','8392292',' 8,380.70 '),('PUL-2016-2','Divine Mercy Hospital','6802584',' 8,199.53 '),('PUL-2016-2','Divine Mercy Hospital','1053180',' 8,228.32 '),('PUL-2016-2','Divine Mercy Hospital','1721869',' 10,878.66 '),('PUL-2016-2','Divine Mercy Hospital','1202670',' 9,346.42 '),('PUL-2016-2','Divine Mercy Hospital','8383051',' 8,224.38 '),('PUL-2016-2','Divine Mercy Hospital','8102204',' 8,199.53 '),('PUL-2016-2','Divine Mercy Hospital','1450261',' 10,056.84 '),('PUL-2016-2','Divine Mercy Hospital','1669829',' 8,224.38 '),('PUL-2016-2','Divine Mercy Hospital','1914605',' 9,342.50 '),('PUL-2016-2','Divine Mercy Hospital','8479396',' 10,547.57 '),('PUL-2016-2','Divine Mercy Hospital','8058232',' 12,827.30 '),('PUL-2016-2','Divine Mercy Hospital','8262396',' 8,218.18 '),('PUL-2016-2','Divine Mercy Hospital','1707801',' 8,199.53 '),('PUL-2016-2','Divine Mercy Hospital','1515808',' 10,980.00 '),('PUL-2016-2','Divine Mercy Hospital','8433880',' 9,342.50 '),('PUL-2016-2','Divine Mercy Hospital','1668409',' 10,870.60 '),('PUL-2016-2','Divine Mercy Hospital','8318925',' 9,342.50 '),('PUL-2016-2','Divine Mercy Hospital','8255093',' 9,342.50 '),('PUL-2016-2','Divine Mercy Hospital','1513209',' 10,056.84 '),('PUL-2016-2','Divine Mercy Hospital','8159931',' 8,224.38 '),('PUL-2016-2','Divine Mercy Hospital','1336544',' 8,224.38 '),('PUL-2016-2','Divine Mercy Hospital','1943927',' 8,199.53 '),('PUL-2016-2','Divine Mercy Hospital','8433815',' 9,615.82 '),('PUL-2016-2','Divine Mercy Hospital','6801895',' 20,292.00 '),('PUL-2016-2','Divine Mercy Hospital','1882208',' 5,269.66 '),('PUL-2016-2','Divine Mercy Hospital','1662659',' 5,269.66 '),('PUL-2016-2','Divine Mercy Hospital','1290709',' 3,480.00 '),('PUL-2016-2','Divine Mercy Hospital','1204668',' 3,480.00 '),('PUL-2016-2','Divine Mercy Hospital','1149764',' 5,269.66 '),('PUL-2016-2','Divine Mercy Hospital','1204247',' 7,029.60 '),('PUL-2016-2','Divine Mercy Hospital','1320498',' 5,269.66 '),('PUL-2016-2','Divine Mercy Hospital','8578163',' 5,269.66 '),('PUL-2016-2','Divine Mercy Hospital','8568040',' 5,269.66 '),('PUL-2016-2','Divine Mercy Hospital','6800189',' 5,269.66 '),('PUL-2016-2','Divine Mercy Hospital','6801896',' 9,408.00 '),('PUL-2016-2','Divine Mercy Hospital','1110352',' 2,634.83 '),('PUL-2016-2','Divine Mercy Hospital','8067324',' 5,313.66 '),('PUL-2016-2','Divine Mercy Hospital','8231474',' 5,313.66 '),('PUL-2016-2','Divine Mercy Hospital','8466492',' 5,313.66 '),('PUL-2016-2','Divine Mercy Hospital','1384007',' 5,313.66 '),('PUL-2016-2','Divine Mercy Hospital','8721508',' 5,313.66 '),('PUL-2016-2','Divine Mercy Hospital','8748220',' 5,313.66 '),('PUL-2016-2','Divine Mercy Hospital','8962540',' 4,708.60 '),('PUL-2016-2','Divine Mercy Hospital','1792357',' 4,708.60 '),('PUL-2016-2','Divine Mercy Hospital','8182172',' 4,708.60 '),('PUL-2016-2','Divine Mercy Hospital','6800190',' 5,313.66 '),('PUL-2016-2','Divine Mercy Hospital','6800191',' 5,313.66 '),('PUL-2016-2','Divine Mercy Hospital','8262487',' 2,945.83 '),('PUL-2016-2','Divine Mercy Hospital','8867541',' 8,307.60 '),('PUL-2016-2','Divine Mercy Hospital','8074452',' 2,718.00 '),('PUL-2016-2','Divine Mercy Hospital','8936049',' 4,708.60 '),('PUL-2016-2','Divine Mercy Hospital','8597452',' 4,708.60 '),('PUL-2016-2','Divine Mercy Hospital','1830033',' 8,497.06 '),('PUL-2016-2','Divine Mercy Hospital','8057812',' 9,691.70 '),('PUL-2016-2','Divine Mercy Hospital','1765304',' 9,691.70 '),('PUL-2016-2','Divine Mercy Hospital','1213115',' 5,546.90 '),('PUL-2016-2','Divine Mercy Hospital','1247873',' 2,784.00 '),('PUL-2016-2','Divine Mercy Hospital','1250232',' 2,087.16 '),('PUL-2016-2','Divine Mercy Hospital','1451392',' 1,278.79 '),('PUL-2016-2','Divine Mercy Hospital','1474030',' 900.90 '),('PUL-2016-2','Divine Mercy Hospital','6801715',' 2,834.27 '),('PUL-2016-2','Divine Mercy Hospital','1250315',' 1,711.50 '),('PUL-2016-2','Divine Mercy Hospital','1122423',' 9,631.50 '),('PUL-2016-2','Divine Mercy Hospital','1331560',' 5,907.13 '),('PUL-2016-2','Divine Mercy Hospital','1158294',' 3,452.94 '),('PUL-2016-2','Divine Mercy Hospital','1338953',' 1,492.24 '),('PUL-2016-2','Divine Mercy Hospital','1631779',' 3,152.54 '),('PUL-2016-2','Divine Mercy Hospital','1412204',' 2,960.34 '),('PUL-2016-2','Divine Mercy Hospital','1204791',' 9,631.50 '),('PUL-2016-2','Divine Mercy Hospital','1561976',' 1,738.54 '),('PUL-2016-2','Divine Mercy Hospital','1627439',' 4,796.44 '),('PUL-2014-3','Binan Doctors\' Hospital','1037274',' 4,215.95 '),('PUL-2014-3','Binan Doctors\' Hospital','8168122',' 3,067.75 '),('PUL-2014-3','Binan Doctors\' Hospital','1988211',' 3,156.32 '),('PUL-2014-3','Binan Doctors\' Hospital','8046872',' 3,067.75 '),('PUL-2014-3','Binan Doctors\' Hospital','1726926',' 3,569.02 '),('PUL-2014-3','Binan Doctors\' Hospital','8112724',' 3,067.75 '),('PUL-2014-3','Binan Doctors\' Hospital','1612365',' 2,698.67 '),('PUL-2014-3','Binan Doctors\' Hospital','8892382',' 13,783.53 '),('PUL-2014-3','Binan Doctors\' Hospital','8004707',' 3,067.75 '),('PUL-2014-3','Binan Doctors\' Hospital','8478034',' 3,301.39 '),('PUL-2014-3','Binan Doctors\' Hospital','8001133',' 4,212.19 '),('PUL-2014-3','Binan Doctors\' Hospital','8097990',' 13,186.14 '),('PUL-2014-3','Binan Doctors\' Hospital','8208431',' 3,306.01 '),('PUL-2014-3','Binan Doctors\' Hospital','8343386',' 13,186.14 '),('PUL-2014-3','Binan Doctors\' Hospital','1924547',' 3,833.02 '),('PUL-2014-3','Binan Doctors\' Hospital','8150112',' 3,067.68 '),('PUL-2014-3','Binan Doctors\' Hospital','8297749',' 3,569.02 '),('PUL-2014-3','Binan Doctors\' Hospital','1632660',' 3,067.75 '),('PUL-2014-3','Binan Doctors\' Hospital','1921204',' 3,067.78 '),('PUL-2014-3','Binan Doctors\' Hospital','8221384',' 13,783.53 '),('PUL-2014-3','Binan Doctors\' Hospital','8298671',' 13,186.14 '),('PUL-2014-3','Binan Doctors\' Hospital','1314343',' 3,067.75 '),('PUL-2014-3','Binan Doctors\' Hospital','1307164',' 4,212.19 '),('PUL-2014-3','Binan Doctors\' Hospital','6800120',' 3,301.39 '),('PUL-2014-3','Binan Doctors\' Hospital','8196057',' 8,767.64 '),('PUL-2014-3','Binan Doctors\' Hospital','1655281',' 8,767.66 '),('PUL-2014-3','Binan Doctors\' Hospital','8445207',' 8,521.32 '),('PUL-2014-3','Binan Doctors\' Hospital','8257289',' 11,896.76 '),('PUL-2014-3','Binan Doctors\' Hospital','8384489',' 12,114.04 '),('PUL-2014-3','Binan Doctors\' Hospital','8157596',' 8,521.21 '),('PUL-2014-3','Binan Doctors\' Hospital','8379034',' 8,521.21 '),('PUL-2014-3','Binan Doctors\' Hospital','8392292',' 9,170.50 '),('PUL-2014-3','Binan Doctors\' Hospital','6802584',' 8,484.76 '),('PUL-2014-3','Binan Doctors\' Hospital','1053180',' 8,998.37 '),('PUL-2014-3','Binan Doctors\' Hospital','1721869',' 11,896.76 '),('PUL-2014-3','Binan Doctors\' Hospital','1202670',' 10,225.58 '),('PUL-2014-3','Binan Doctors\' Hospital','8383051',' 8,998.37 '),('PUL-2014-3','Binan Doctors\' Hospital','8102204',' 8,484.76 '),('PUL-2014-3','Binan Doctors\' Hospital','1450261',' 11,004.44 '),('PUL-2014-3','Binan Doctors\' Hospital','1669829',' 8,998.37 '),('PUL-2014-3','Binan Doctors\' Hospital','1914605',' 10,225.58 '),('PUL-2014-3','Binan Doctors\' Hospital','8479396',' 11,004.44 '),('PUL-2014-3','Binan Doctors\' Hospital','8058232',' 14,040.71 '),('PUL-2014-3','Binan Doctors\' Hospital','8262396',' 8,998.37 '),('PUL-2014-3','Binan Doctors\' Hospital','1707801',' 8,484.77 '),('PUL-2014-3','Binan Doctors\' Hospital','1515808',' 11,896.70 '),('PUL-2014-3','Binan Doctors\' Hospital','8433880',' 10,225.58 '),('PUL-2014-3','Binan Doctors\' Hospital','1668409',' -   '),('PUL-2014-3','Binan Doctors\' Hospital','8318925',' -   '),('PUL-2014-3','Binan Doctors\' Hospital','8255093',' 10,225.58 '),('PUL-2014-3','Binan Doctors\' Hospital','1513209',' 11,004.44 '),('PUL-2014-3','Binan Doctors\' Hospital','8159931',' 8,998.37 '),('PUL-2014-3','Binan Doctors\' Hospital','1336544',' 8,998.37 '),('PUL-2014-3','Binan Doctors\' Hospital','1943927',' 8,484.77 '),('PUL-2014-3','Binan Doctors\' Hospital','8433815',' 10,521.19 '),('PUL-2014-3','Binan Doctors\' Hospital','6801895',' 21,140.00 '),('PUL-2014-3','Binan Doctors\' Hospital','1882208',' 4,391.38 '),('PUL-2014-3','Binan Doctors\' Hospital','1662659',' 4,391.38 '),('PUL-2014-3','Binan Doctors\' Hospital','1290709',' 2,900.00 '),('PUL-2014-3','Binan Doctors\' Hospital','1204668',' 2,900.00 '),('PUL-2014-3','Binan Doctors\' Hospital','1149764',' 4,391.38 '),('PUL-2014-3','Binan Doctors\' Hospital','1204247',' 5,858.00 '),('PUL-2014-3','Binan Doctors\' Hospital','1320498',' 4,391.38 '),('PUL-2014-3','Binan Doctors\' Hospital','8578163',' 4,391.38 '),('PUL-2014-3','Binan Doctors\' Hospital','8568040',' 4,391.38 '),('PUL-2014-3','Binan Doctors\' Hospital','6800189',' 4,391.38 '),('PUL-2014-3','Binan Doctors\' Hospital','6801896',' 7,840.00 '),('PUL-2014-3','Binan Doctors\' Hospital','1110352',' 2,195.69 '),('PUL-2014-3','Binan Doctors\' Hospital','8067324',' 5,908.00 '),('PUL-2014-3','Binan Doctors\' Hospital','8231474',' 5,908.00 '),('PUL-2014-3','Binan Doctors\' Hospital','8466492',' 4,428.05 '),('PUL-2014-3','Binan Doctors\' Hospital','1384007',' 4,428.05 '),('PUL-2014-3','Binan Doctors\' Hospital','8721508',' 4,428.05 '),('PUL-2014-3','Binan Doctors\' Hospital','8748220',' 4,428.05 '),('PUL-2014-3','Binan Doctors\' Hospital','8962540',' 5,101.14 '),('PUL-2014-3','Binan Doctors\' Hospital','1792357',' 5,101.14 '),('PUL-2014-3','Binan Doctors\' Hospital','8182172',' 5,101.14 '),('PUL-2014-3','Binan Doctors\' Hospital','6800190',' 4,428.05 '),('PUL-2014-3','Binan Doctors\' Hospital','6800191',' 4,428.05 '),('PUL-2014-3','Binan Doctors\' Hospital','8262487',' 2,454.86 '),('PUL-2014-3','Binan Doctors\' Hospital','8867541',' 6,923.00 '),('PUL-2014-3','Binan Doctors\' Hospital','8074452',' 2,265.00 '),('PUL-2014-3','Binan Doctors\' Hospital','8936049',' 5,101.80 '),('PUL-2014-3','Binan Doctors\' Hospital','8597452',' 5,101.80 '),('PUL-2014-3','Binan Doctors\' Hospital','1830033',' 9,205.35 '),('PUL-2014-3','Binan Doctors\' Hospital','1765304',' 10,499.28 '),('PUL-2014-3','Binan Doctors\' Hospital','8057812',' 10,499.68 '),('PUL-2014-3','Binan Doctors\' Hospital','1213115',' 4,622.42 '),('PUL-2014-3','Binan Doctors\' Hospital','1247873',' 2,320.00 '),('PUL-2014-3','Binan Doctors\' Hospital','1250232',' 1,735.84 '),('PUL-2014-3','Binan Doctors\' Hospital','1451392',' 1,065.66 '),('PUL-2014-3','Binan Doctors\' Hospital','1627439',' 5,190.66 '),('PUL-2014-3','Binan Doctors\' Hospital','1474030',' 976.27 '),('PUL-2014-3','Binan Doctors\' Hospital','1158294',' 3,741.08 '),('PUL-2014-3','Binan Doctors\' Hospital','1412204',' 3,207.45 '),('PUL-2014-3','Binan Doctors\' Hospital','1338953',' 1,617.00 '),('PUL-2014-3','Binan Doctors\' Hospital','1561976',' 1,883.42 '),('PUL-2014-3','Binan Doctors\' Hospital','1631779',' 3,415.10 '),('PUL-2014-3','Binan Doctors\' Hospital','1331560',' 6,399.36 '),('PUL-2014-3','Binan Doctors\' Hospital','1122423',' 10,434.45 '),('PUL-2014-3','Binan Doctors\' Hospital','6801715',' 2,632.47 '),('PUL-2014-3','Binan Doctors\' Hospital','1204791',' 10,434.45 '),('PUL-2014-3','Binan Doctors\' Hospital','1250315',' 6,399.36 '),('PLL-2019-2','Global Care Medical Center of Bay','1037274',' 3,953.00 '),('PLL-2019-2','Global Care Medical Center of Bay','8168122',' 2,965.00 '),('PLL-2019-2','Global Care Medical Center of Bay','1988211',' 3,050.00 '),('PLL-2019-2','Global Care Medical Center of Bay','8046872',' 2,965.00 '),('PLL-2019-2','Global Care Medical Center of Bay','1726926',' 3,449.00 '),('PLL-2019-2','Global Care Medical Center of Bay','8112724',' 2,965.00 '),('PLL-2019-2','Global Care Medical Center of Bay','1612365',' 2,608.00 '),('PLL-2019-2','Global Care Medical Center of Bay','8892382',' 12,650.00 '),('PLL-2019-2','Global Care Medical Center of Bay','8004707',' 2,965.00 '),('PLL-2019-2','Global Care Medical Center of Bay','8478034',' 3,190.00 '),('PLL-2019-2','Global Care Medical Center of Bay','8001133',' 4,070.00 '),('PLL-2019-2','Global Care Medical Center of Bay','8097990',' 12,102.00 '),('PLL-2019-2','Global Care Medical Center of Bay','8208431',' 3,195.00 '),('PLL-2019-2','Global Care Medical Center of Bay','8343386',' 12,102.00 '),('PLL-2019-2','Global Care Medical Center of Bay','1924547',' 3,703.00 '),('PLL-2019-2','Global Care Medical Center of Bay','8150112',' 2,965.00 '),('PLL-2019-2','Global Care Medical Center of Bay','8297749',' 3,449.00 '),('PLL-2019-2','Global Care Medical Center of Bay','1632660',' 2,965.00 '),('PLL-2019-2','Global Care Medical Center of Bay','1921204',' 2,965.00 '),('PLL-2019-2','Global Care Medical Center of Bay','8221384',' 12,650.00 '),('PLL-2019-2','Global Care Medical Center of Bay','8298671',' 12,102.00 '),('PLL-2019-2','Global Care Medical Center of Bay','1314343',' 4,070.00 '),('PLL-2019-2','Global Care Medical Center of Bay','1307164',' 4,070.00 '),('PLL-2019-2','Global Care Medical Center of Bay','6800120',' 3,190.00 '),('PLL-2019-2','Global Care Medical Center of Bay','8196057',' 8,471.00 '),('PLL-2019-2','Global Care Medical Center of Bay','1655281',' 8,011.00 '),('PLL-2019-2','Global Care Medical Center of Bay','8445207',' 8,233.00 '),('PLL-2019-2','Global Care Medical Center of Bay','8257289',' 11,493.00 '),('PLL-2019-2','Global Care Medical Center of Bay','8384489',' 11,703.00 '),('PLL-2019-2','Global Care Medical Center of Bay','8157596',' 7,785.00 '),('PLL-2019-2','Global Care Medical Center of Bay','8379034',' 7,785.00 '),('PLL-2019-2','Global Care Medical Center of Bay','8392292',' 8,860.00 '),('PLL-2019-2','Global Care Medical Center of Bay','6802584',' 8,178.00 '),('PLL-2019-2','Global Care Medical Center of Bay','1053180',' 8,694.00 '),('PLL-2019-2','Global Care Medical Center of Bay','1721869',' 11,493.00 '),('PLL-2019-2','Global Care Medical Center of Bay','1202670',' 9,879.00 '),('PLL-2019-2','Global Care Medical Center of Bay','8383051',' 8,694.00 '),('PLL-2019-2','Global Care Medical Center of Bay','8102204',' 8,178.00 '),('PLL-2019-2','Global Care Medical Center of Bay','1450261',' 10,631.00 '),('PLL-2019-2','Global Care Medical Center of Bay','1669829',' 8,221.00 '),('PLL-2019-2','Global Care Medical Center of Bay','1914605',' 9,879.00 '),('PLL-2019-2','Global Care Medical Center of Bay','8479396',' 10,631.00 '),('PLL-2019-2','Global Care Medical Center of Bay','8058232',' 13,564.00 '),('PLL-2019-2','Global Care Medical Center of Bay','8262396',' 8,694.00 '),('PLL-2019-2','Global Care Medical Center of Bay','1707801',' 8,178.00 '),('PLL-2019-2','Global Care Medical Center of Bay','1515808',' 11,493.00 '),('PLL-2019-2','Global Care Medical Center of Bay','8433880',' 9,879.00 '),('PLL-2019-2','Global Care Medical Center of Bay','8255093',' 9,879.00 '),('PLL-2019-2','Global Care Medical Center of Bay','1513209',' 10,631.00 '),('PLL-2019-2','Global Care Medical Center of Bay','8159931',' 8,694.00 '),('PLL-2019-2','Global Care Medical Center of Bay','1336544',' 8,221.00 '),('PLL-2019-2','Global Care Medical Center of Bay','1943927',' 8,178.00 '),('PLL-2019-2','Global Care Medical Center of Bay','8433815',' 9,612.00 '),('PLL-2019-2','Global Care Medical Center of Bay','6801895',' 20,010.00 '),('PLL-2019-2','Global Care Medical Center of Bay','1882208',' 4,998.00 '),('PLL-2019-2','Global Care Medical Center of Bay','1662659',' 4,998.00 '),('PLL-2019-2','Global Care Medical Center of Bay','1290709',' 3,816.00 '),('PLL-2019-2','Global Care Medical Center of Bay','1204668',' 3,816.00 '),('PLL-2019-2','Global Care Medical Center of Bay','1149764',' 5,071.00 '),('PLL-2019-2','Global Care Medical Center of Bay','1204247',' 6,765.00 '),('PLL-2019-2','Global Care Medical Center of Bay','1320498',' 5,071.00 '),('PLL-2019-2','Global Care Medical Center of Bay','8578163',' 5,071.00 '),('PLL-2019-2','Global Care Medical Center of Bay','8568040',' 5,071.00 '),('PLL-2019-2','Global Care Medical Center of Bay','6800189',' 5,071.00 '),('PLL-2019-2','Global Care Medical Center of Bay','6801896',' 8,643.00 '),('PLL-2019-2','Global Care Medical Center of Bay','1110352',' 2,535.00 '),('PLL-2019-2','Global Care Medical Center of Bay','8067324',' 6,204.00 '),('PLL-2019-2','Global Care Medical Center of Bay','8231474',' 6,204.00 '),('PLL-2019-2','Global Care Medical Center of Bay','8466492',' 4,998.00 '),('PLL-2019-2','Global Care Medical Center of Bay','1384007',' 4,998.00 '),('PLL-2019-2','Global Care Medical Center of Bay','8721508',' 4,998.00 '),('PLL-2019-2','Global Care Medical Center of Bay','8748220',' 4,998.00 '),('PLL-2019-2','Global Care Medical Center of Bay','8962540',' 5,357.00 '),('PLL-2019-2','Global Care Medical Center of Bay','1792357',' 5,357.00 '),('PLL-2019-2','Global Care Medical Center of Bay','8182172',' 5,357.00 '),('PLL-2019-2','Global Care Medical Center of Bay','6800190',' 4,998.00 '),('PLL-2019-2','Global Care Medical Center of Bay','6800191',' 4,998.00 '),('PLL-2019-2','Global Care Medical Center of Bay','8262487',' 2,886.00 '),('PLL-2019-2','Global Care Medical Center of Bay','8867541',' 7,995.00 '),('PLL-2019-2','Global Care Medical Center of Bay','8074452',' 3,168.00 '),('PLL-2019-2','Global Care Medical Center of Bay','8936049',' 5,357.00 '),('PLL-2019-2','Global Care Medical Center of Bay','8597452',' 5,357.00 '),('PLL-2019-2','Global Care Medical Center of Bay','1830033',' 9,666.00 '),('PLL-2019-2','Global Care Medical Center of Bay','1765304',' 11,025.00 '),('PLL-2019-2','Global Care Medical Center of Bay','1213115',' 5,338.00 '),('PLL-2019-2','Global Care Medical Center of Bay','1247873',' 2,557.00 '),('PLL-2019-2','Global Care Medical Center of Bay','1250232',' 1,930.00 '),('PLL-2019-2','Global Care Medical Center of Bay','1451392',' 1,229.00 '),('PLL-2019-2','Global Care Medical Center of Bay','1627439',' 5,451.00 '),('PLL-2019-2','Global Care Medical Center of Bay','1474030',' 964.80 '),('PLL-2019-2','Global Care Medical Center of Bay','1158294',' 3,929.00 '),('PLL-2019-2','Global Care Medical Center of Bay','1412204',' 3,368.00 '),('PLL-2019-2','Global Care Medical Center of Bay','1338953',' 1,698.00 '),('PLL-2019-2','Global Care Medical Center of Bay','1561976',' 1,978.00 '),('PLL-2019-2','Global Care Medical Center of Bay','1631779',' 3,586.00 '),('PLL-2019-2','Global Care Medical Center of Bay','1331560',' 6,720.00 '),('PLL-2019-2','Global Care Medical Center of Bay','6801715',' 2,864.00 '),('PLL-2019-2','Global Care Medical Center of Bay','1204791',' 10,957.00 '),('PUL-2019-1','Global Care Medical Center of Canlubang','1037274',' 3,953.00 '),('PUL-2019-1','Global Care Medical Center of Canlubang','8168122',' 2,965.00 '),('PUL-2019-1','Global Care Medical Center of Canlubang','1988211',' 3,050.00 '),('PUL-2019-1','Global Care Medical Center of Canlubang','8046872',' 2,965.00 '),('PUL-2019-1','Global Care Medical Center of Canlubang','1726926',' 3,449.00 '),('PUL-2019-1','Global Care Medical Center of Canlubang','8112724',' 2,965.00 '),('PUL-2019-1','Global Care Medical Center of Canlubang','1612365',' 2,608.00 '),('PUL-2019-1','Global Care Medical Center of Canlubang','8892382',' 12,650.00 '),('PUL-2019-1','Global Care Medical Center of Canlubang','8004707',' 2,965.00 '),('PUL-2019-1','Global Care Medical Center of Canlubang','8478034',' 3,190.00 '),('PUL-2019-1','Global Care Medical Center of Canlubang','8001133',' 4,070.00 '),('PUL-2019-1','Global Care Medical Center of Canlubang','8097990',' 12,102.00 '),('PUL-2019-1','Global Care Medical Center of Canlubang','8208431',' 3,195.00 '),('PUL-2019-1','Global Care Medical Center of Canlubang','8343386',' 12,102.00 '),('PUL-2019-1','Global Care Medical Center of Canlubang','1924547',' 3,703.00 '),('PUL-2019-1','Global Care Medical Center of Canlubang','8150112',' 2,965.00 '),('PUL-2019-1','Global Care Medical Center of Canlubang','8297749',' 3,449.00 '),('PUL-2019-1','Global Care Medical Center of Canlubang','1632660',' 2,965.00 '),('PUL-2019-1','Global Care Medical Center of Canlubang','1921204',' 2,965.00 '),('PUL-2019-1','Global Care Medical Center of Canlubang','8221384',' 12,650.00 '),('PUL-2019-1','Global Care Medical Center of Canlubang','8298671',' 12,102.00 '),('PUL-2019-1','Global Care Medical Center of Canlubang','1314343',' 4,070.00 '),('PUL-2019-1','Global Care Medical Center of Canlubang','1307164',' 4,070.00 '),('PUL-2019-1','Global Care Medical Center of Canlubang','6800120',' 3,190.00 '),('PUL-2019-1','Global Care Medical Center of Canlubang','8196057',' 8,471.00 '),('PUL-2019-1','Global Care Medical Center of Canlubang','1655281',' 8,011.00 '),('PUL-2019-1','Global Care Medical Center of Canlubang','8445207',' 8,233.00 '),('PUL-2019-1','Global Care Medical Center of Canlubang','8257289',' 11,493.00 '),('PUL-2019-1','Global Care Medical Center of Canlubang','8384489',' 11,703.00 '),('PUL-2019-1','Global Care Medical Center of Canlubang','8157596',' 7,785.00 '),('PUL-2019-1','Global Care Medical Center of Canlubang','8379034',' 7,785.00 '),('PUL-2019-1','Global Care Medical Center of Canlubang','8392292',' 8,860.00 '),('PUL-2019-1','Global Care Medical Center of Canlubang','6802584',' 8,178.00 '),('PUL-2019-1','Global Care Medical Center of Canlubang','1053180',' 8,694.00 '),('PUL-2019-1','Global Care Medical Center of Canlubang','1721869',' 11,493.00 '),('PUL-2019-1','Global Care Medical Center of Canlubang','1202670',' 9,879.00 '),('PUL-2019-1','Global Care Medical Center of Canlubang','8383051',' 8,694.00 '),('PUL-2019-1','Global Care Medical Center of Canlubang','8102204',' 8,178.00 '),('PUL-2019-1','Global Care Medical Center of Canlubang','1450261',' 10,631.00 '),('PUL-2019-1','Global Care Medical Center of Canlubang','1669829',' 8,221.00 '),('PUL-2019-1','Global Care Medical Center of Canlubang','1914605',' 9,879.00 '),('PUL-2019-1','Global Care Medical Center of Canlubang','8479396',' 10,631.00 '),('PUL-2019-1','Global Care Medical Center of Canlubang','8058232',' 13,564.00 '),('PUL-2019-1','Global Care Medical Center of Canlubang','8262396',' 8,694.00 '),('PUL-2019-1','Global Care Medical Center of Canlubang','1707801',' 8,178.00 '),('PUL-2019-1','Global Care Medical Center of Canlubang','1515808',' 11,493.00 '),('PUL-2019-1','Global Care Medical Center of Canlubang','8433880',' 9,879.00 '),('PUL-2019-1','Global Care Medical Center of Canlubang','8255093',' 9,879.00 '),('PUL-2019-1','Global Care Medical Center of Canlubang','1513209',' 10,631.00 '),('PUL-2019-1','Global Care Medical Center of Canlubang','8159931',' 8,694.00 '),('PUL-2019-1','Global Care Medical Center of Canlubang','1336544',' 8,221.00 '),('PUL-2019-1','Global Care Medical Center of Canlubang','1943927',' 8,178.00 '),('PUL-2019-1','Global Care Medical Center of Canlubang','8433815',' 9,612.00 '),('PUL-2019-1','Global Care Medical Center of Canlubang','6801895',' 20,010.00 '),('PUL-2019-1','Global Care Medical Center of Canlubang','1882208',' 4,998.00 '),('PUL-2019-1','Global Care Medical Center of Canlubang','1662659',' 4,998.00 '),('PUL-2019-1','Global Care Medical Center of Canlubang','1290709',' 3,816.00 '),('PUL-2019-1','Global Care Medical Center of Canlubang','1204668',' 3,816.00 '),('PUL-2019-1','Global Care Medical Center of Canlubang','1149764',' 5,071.00 '),('PUL-2019-1','Global Care Medical Center of Canlubang','1204247',' 6,765.00 '),('PUL-2019-1','Global Care Medical Center of Canlubang','1320498',' 5,071.00 '),('PUL-2019-1','Global Care Medical Center of Canlubang','8578163',' 5,071.00 '),('PUL-2019-1','Global Care Medical Center of Canlubang','8568040',' 5,071.00 '),('PUL-2019-1','Global Care Medical Center of Canlubang','6800189',' 5,071.00 '),('PUL-2019-1','Global Care Medical Center of Canlubang','6801896',' 8,643.00 '),('PUL-2019-1','Global Care Medical Center of Canlubang','1110352',' 2,535.00 '),('PUL-2019-1','Global Care Medical Center of Canlubang','8067324',' 6,204.00 '),('PUL-2019-1','Global Care Medical Center of Canlubang','8231474',' 6,204.00 '),('PUL-2019-1','Global Care Medical Center of Canlubang','8466492',' 4,998.00 '),('PUL-2019-1','Global Care Medical Center of Canlubang','1384007',' 4,998.00 '),('PUL-2019-1','Global Care Medical Center of Canlubang','8721508',' 4,998.00 '),('PUL-2019-1','Global Care Medical Center of Canlubang','8748220',' 4,998.00 '),('PUL-2019-1','Global Care Medical Center of Canlubang','8962540',' 5,357.00 '),('PUL-2019-1','Global Care Medical Center of Canlubang','1792357',' 5,357.00 '),('PUL-2019-1','Global Care Medical Center of Canlubang','8182172',' 5,357.00 '),('PUL-2019-1','Global Care Medical Center of Canlubang','6800190',' 4,998.00 '),('PUL-2019-1','Global Care Medical Center of Canlubang','6800191',' 4,998.00 '),('PUL-2019-1','Global Care Medical Center of Canlubang','8262487',' 2,886.00 '),('PUL-2019-1','Global Care Medical Center of Canlubang','8867541',' 7,995.00 '),('PUL-2019-1','Global Care Medical Center of Canlubang','8074452',' 3,168.00 '),('PUL-2019-1','Global Care Medical Center of Canlubang','8936049',' 5,357.00 '),('PUL-2019-1','Global Care Medical Center of Canlubang','8597452',' 5,357.00 '),('PUL-2019-1','Global Care Medical Center of Canlubang','1830033',' 9,666.00 '),('PUL-2019-1','Global Care Medical Center of Canlubang','1765304',' 11,025.00 '),('PUL-2019-1','Global Care Medical Center of Canlubang','8057812',' 11,025.00 '),('PUL-2019-1','Global Care Medical Center of Canlubang','1213115',' 5,338.00 '),('PUL-2019-1','Global Care Medical Center of Canlubang','1247873',' 2,557.00 '),('PUL-2019-1','Global Care Medical Center of Canlubang','1250232',' 1,930.00 '),('PUL-2019-1','Global Care Medical Center of Canlubang','1451392',' 1,229.00 '),('PUL-2019-1','Global Care Medical Center of Canlubang','1627439',' 5,451.00 '),('PUL-2019-1','Global Care Medical Center of Canlubang','1474030',' 964.80 '),('PUL-2019-1','Global Care Medical Center of Canlubang','1158294',' 3,929.00 '),('PUL-2019-1','Global Care Medical Center of Canlubang','1412204',' 3,368.00 '),('PUL-2019-1','Global Care Medical Center of Canlubang','1338953',' 1,698.00 '),('PUL-2019-1','Global Care Medical Center of Canlubang','1561976',' 1,978.00 '),('PUL-2019-1','Global Care Medical Center of Canlubang','1631779',' 3,586.00 '),('PUL-2019-1','Global Care Medical Center of Canlubang','1331560',' 6,720.00 '),('PUL-2019-1','Global Care Medical Center of Canlubang','6801715',' 2,864.00 '),('PUL-2019-1','Global Care Medical Center of Canlubang','1204791',' 10,957.00 '),('PLL-2017-2','Laguna Doctors Hospital','1037274',' 2,740.00 '),('PLL-2017-2','Laguna Doctors Hospital','8168122',' 2,335.62 '),('PLL-2017-2','Laguna Doctors Hospital','1988211',' 2,403.96 '),('PLL-2017-2','Laguna Doctors Hospital','8046872',' 2,335.62 '),('PLL-2017-2','Laguna Doctors Hospital','1726926',' 2,717.64 '),('PLL-2017-2','Laguna Doctors Hospital','8112724',' 2,335.62 '),('PLL-2017-2','Laguna Doctors Hospital','1612365',' 2,056.10 '),('PLL-2017-2','Laguna Doctors Hospital','8892382',' 9,235.97 '),('PLL-2017-2','Laguna Doctors Hospital','8004707',' 2,335.62 '),('PLL-2017-2','Laguna Doctors Hospital','8478034',' 2,636.90 '),('PLL-2017-2','Laguna Doctors Hospital','8001133',' 3,206.82 '),('PLL-2017-2','Laguna Doctors Hospital','8097990',' 8,835.75 '),('PLL-2017-2','Laguna Doctors Hospital','8208431',' 2,517.32 '),('PLL-2017-2','Laguna Doctors Hospital','8343386',' 8,835.75 '),('PLL-2017-2','Laguna Doctors Hospital','1924547',' 2,717.64 '),('PLL-2017-2','Laguna Doctors Hospital','8150112',' 2,335.62 '),('PLL-2017-2','Laguna Doctors Hospital','8297749',' 2,717.64 '),('PLL-2017-2','Laguna Doctors Hospital','1632660',' 2,335.62 '),('PLL-2017-2','Laguna Doctors Hospital','1921204',' 2,335.62 '),('PLL-2017-2','Laguna Doctors Hospital','8221384',' 9,235.97 '),('PLL-2017-2','Laguna Doctors Hospital','8298671',' 8,835.75 '),('PLL-2017-2','Laguna Doctors Hospital','1314343',' 3,115.00 '),('PLL-2017-2','Laguna Doctors Hospital','1307164',' 3,206.82 '),('PLL-2017-2','Laguna Doctors Hospital','6800120',' 2,636.90 '),('PLL-2017-2','Laguna Doctors Hospital','8196057',' 6,684.37 '),('PLL-2017-2','Laguna Doctors Hospital','1655281',' 6,677.65 '),('PLL-2017-2','Laguna Doctors Hospital','8445207',' 6,487.86 '),('PLL-2017-2','Laguna Doctors Hospital','8257289',' 7,549.01 '),('PLL-2017-2','Laguna Doctors Hospital','8384489',' 7,549.01 '),('PLL-2017-2','Laguna Doctors Hospital','8157596',' 6,487.86 '),('PLL-2017-2','Laguna Doctors Hospital','8379034',' 6,487.86 '),('PLL-2017-2','Laguna Doctors Hospital','8392292',' 6,983.92 '),('PLL-2017-2','Laguna Doctors Hospital','6802584',' 6,832.94 '),('PLL-2017-2','Laguna Doctors Hospital','1053180',' 6,856.93 '),('PLL-2017-2','Laguna Doctors Hospital','1721869',' 9,065.55 '),('PLL-2017-2','Laguna Doctors Hospital','1202670',' 7,788.68 '),('PLL-2017-2','Laguna Doctors Hospital','8383051',' 6,853.65 '),('PLL-2017-2','Laguna Doctors Hospital','8102204',' 6,832.94 '),('PLL-2017-2','Laguna Doctors Hospital','1450261',' 8,380.70 '),('PLL-2017-2','Laguna Doctors Hospital','1669829',' 6,853.65 '),('PLL-2017-2','Laguna Doctors Hospital','1914605',' 7,785.42 '),('PLL-2017-2','Laguna Doctors Hospital','8479396',' 8,789.64 '),('PLL-2017-2','Laguna Doctors Hospital','8058232',' 10,689.42 '),('PLL-2017-2','Laguna Doctors Hospital','8262396',' 6,848.48 '),('PLL-2017-2','Laguna Doctors Hospital','1707801',' 6,832.94 '),('PLL-2017-2','Laguna Doctors Hospital','1515808',' 9,150.00 '),('PLL-2017-2','Laguna Doctors Hospital','8433880',' 7,785.42 '),('PLL-2017-2','Laguna Doctors Hospital','1668409',' 9,058.83 '),('PLL-2017-2','Laguna Doctors Hospital','8318925',' 7,785.42 '),('PLL-2017-2','Laguna Doctors Hospital','8255093',' 7,785.42 '),('PLL-2017-2','Laguna Doctors Hospital','1513209',' 8,380.70 '),('PLL-2017-2','Laguna Doctors Hospital','8159931',' 6,853.65 '),('PLL-2017-2','Laguna Doctors Hospital','1336544',' 6,853.65 '),('PLL-2017-2','Laguna Doctors Hospital','1943927',' 6,832.94 '),('PLL-2017-2','Laguna Doctors Hospital','8433815',' 8,013.18 '),('PLL-2017-2','Laguna Doctors Hospital','6801895',' 16,910.00 '),('PLL-2017-2','Laguna Doctors Hospital','1882208',' 4,391.38 '),('PLL-2017-2','Laguna Doctors Hospital','1662659',' 4,391.38 '),('PLL-2017-2','Laguna Doctors Hospital','1290709',' 2,900.00 '),('PLL-2017-2','Laguna Doctors Hospital','1204668',' 2,900.00 '),('PLL-2017-2','Laguna Doctors Hospital','1149764',' 4,391.38 '),('PLL-2017-2','Laguna Doctors Hospital','1204247',' 5,858.00 '),('PLL-2017-2','Laguna Doctors Hospital','1320498',' 4,391.38 '),('PLL-2017-2','Laguna Doctors Hospital','8578163',' 4,391.38 '),('PLL-2017-2','Laguna Doctors Hospital','8568040',' 4,391.38 '),('PLL-2017-2','Laguna Doctors Hospital','6800189',' 4,391.38 '),('PLL-2017-2','Laguna Doctors Hospital','6801896',' 7,840.00 '),('PLL-2017-2','Laguna Doctors Hospital','1110352',' 2,195.69 '),('PLL-2017-2','Laguna Doctors Hospital','8067324',' 4,428.05 '),('PLL-2017-2','Laguna Doctors Hospital','8231474',' 4,428.05 '),('PLL-2017-2','Laguna Doctors Hospital','8466492',' 4,428.05 '),('PLL-2017-2','Laguna Doctors Hospital','1384007',' 4,428.05 '),('PLL-2017-2','Laguna Doctors Hospital','8721508',' 4,428.05 '),('PLL-2017-2','Laguna Doctors Hospital','8748220',' 4,428.05 '),('PLL-2017-2','Laguna Doctors Hospital','8962540',' 3,923.83 '),('PLL-2017-2','Laguna Doctors Hospital','1792357',' 3,923.83 '),('PLL-2017-2','Laguna Doctors Hospital','8182172',' 3,923.83 '),('PLL-2017-2','Laguna Doctors Hospital','6800190',' 4,428.05 '),('PLL-2017-2','Laguna Doctors Hospital','6800191',' 4,428.05 '),('PLL-2017-2','Laguna Doctors Hospital','8262487',' 2,454.86 '),('PLL-2017-2','Laguna Doctors Hospital','8867541',' 6,923.00 '),('PLL-2017-2','Laguna Doctors Hospital','8074452',' 2,265.00 '),('PLL-2017-2','Laguna Doctors Hospital','8936049',' 3,923.83 '),('PLL-2017-2','Laguna Doctors Hospital','8597452',' 3,923.83 '),('PLL-2017-2','Laguna Doctors Hospital','1830033',' 7,080.88 '),('PLL-2017-2','Laguna Doctors Hospital','8057812',' 8,076.42 '),('PLL-2017-2','Laguna Doctors Hospital','1765304',' 8,076.42 '),('PLL-2017-2','Laguna Doctors Hospital','1213115',' 4,622.42 '),('PLL-2017-2','Laguna Doctors Hospital','1247873',' 2,320.00 '),('PLL-2017-2','Laguna Doctors Hospital','1250232',' 1,739.30 '),('PLL-2017-2','Laguna Doctors Hospital','1451392',' 1,065.66 '),('PLL-2017-2','Laguna Doctors Hospital','1474030',' 750.75 '),('PLL-2017-2','Laguna Doctors Hospital','6801715',' 2,361.89 '),('PLL-2017-2','Laguna Doctors Hospital','1250315',' 1,426.25 '),('PLL-2017-2','Laguna Doctors Hospital','1122423',' 8,026.25 '),('PLL-2017-2','Laguna Doctors Hospital','1331560',' 4,922.61 '),('PLL-2017-2','Laguna Doctors Hospital','1158294',' 2,877.45 '),('PLL-2017-2','Laguna Doctors Hospital','1338953',' 1,243.53 '),('PLL-2017-2','Laguna Doctors Hospital','1631779',' 2,627.12 '),('PLL-2017-2','Laguna Doctors Hospital','1412204',' 2,466.95 '),('PLL-2017-2','Laguna Doctors Hospital','1204791',' 8,026.25 '),('PLL-2017-2','Laguna Doctors Hospital','1561976',' 1,448.78 '),('PLL-2017-2','Laguna Doctors Hospital','1627439',' 3,997.03 '),('PBA-2015-0','St. Patrick Hospital','1037274',' 3,288.00 '),('PBA-2015-0','St. Patrick Hospital','8168122',' 2,802.74 '),('PBA-2015-0','St. Patrick Hospital','1988211',' 2,884.75 '),('PBA-2015-0','St. Patrick Hospital','8046872',' 2,802.74 '),('PBA-2015-0','St. Patrick Hospital','1726926',' 3,261.17 '),('PBA-2015-0','St. Patrick Hospital','8112724',' 2,802.74 '),('PBA-2015-0','St. Patrick Hospital','1612365',' 2,467.32 '),('PBA-2015-0','St. Patrick Hospital','8892382',' 11,083.16 '),('PBA-2015-0','St. Patrick Hospital','8004707',' 2,802.74 '),('PBA-2015-0','St. Patrick Hospital','8478034',' 3,164.28 '),('PBA-2015-0','St. Patrick Hospital','8001133',' 3,848.18 '),('PBA-2015-0','St. Patrick Hospital','8097990',' 10,602.90 '),('PBA-2015-0','St. Patrick Hospital','8208431',' 3,020.78 '),('PBA-2015-0','St. Patrick Hospital','8343386',' 10,602.90 '),('PBA-2015-0','St. Patrick Hospital','1924547',' 3,261.17 '),('PBA-2015-0','St. Patrick Hospital','8150112',' 2,802.74 '),('PBA-2015-0','St. Patrick Hospital','8297749',' 3,261.17 '),('PBA-2015-0','St. Patrick Hospital','1632660',' 2,802.74 '),('PBA-2015-0','St. Patrick Hospital','1921204',' 2,802.74 '),('PBA-2015-0','St. Patrick Hospital','8221384',' 11,083.16 '),('PBA-2015-0','St. Patrick Hospital','8298671',' 10,602.90 '),('PBA-2015-0','St. Patrick Hospital','1314343',' 3,738.00 '),('PBA-2015-0','St. Patrick Hospital','1307164',' 3,848.18 '),('PBA-2015-0','St. Patrick Hospital','6800120',' 3,164.28 '),('PBA-2015-0','St. Patrick Hospital','8196057',' 8,021.24 '),('PBA-2015-0','St. Patrick Hospital','1655281',' 8,013.18 '),('PBA-2015-0','St. Patrick Hospital','8445207',' 7,785.43 '),('PBA-2015-0','St. Patrick Hospital','8257289',' 9,058.81 '),('PBA-2015-0','St. Patrick Hospital','8384489',' 9,058.81 '),('PBA-2015-0','St. Patrick Hospital','8157596',' 7,785.43 '),('PBA-2015-0','St. Patrick Hospital','8379034',' 7,785.43 '),('PBA-2015-0','St. Patrick Hospital','8392292',' 8,380.70 '),('PBA-2015-0','St. Patrick Hospital','6802584',' 8,199.53 '),('PBA-2015-0','St. Patrick Hospital','1053180',' 8,228.32 '),('PBA-2015-0','St. Patrick Hospital','1721869',' 10,878.66 '),('PBA-2015-0','St. Patrick Hospital','1202670',' 9,346.42 '),('PBA-2015-0','St. Patrick Hospital','8383051',' 8,224.38 '),('PBA-2015-0','St. Patrick Hospital','8102204',' 8,199.53 '),('PBA-2015-0','St. Patrick Hospital','1450261',' 10,056.84 '),('PBA-2015-0','St. Patrick Hospital','1669829',' 8,224.38 '),('PBA-2015-0','St. Patrick Hospital','1914605',' 9,342.50 '),('PBA-2015-0','St. Patrick Hospital','8479396',' 10,547.57 '),('PBA-2015-0','St. Patrick Hospital','8058232',' 12,827.30 '),('PBA-2015-0','St. Patrick Hospital','8262396',' 8,218.18 '),('PBA-2015-0','St. Patrick Hospital','1707801',' 8,199.53 '),('PBA-2015-0','St. Patrick Hospital','1515808',' 10,980.00 '),('PBA-2015-0','St. Patrick Hospital','8433880',' 9,342.50 '),('PBA-2015-0','St. Patrick Hospital','1668409',' 10,870.60 '),('PBA-2015-0','St. Patrick Hospital','8318925',' 9,342.50 '),('PBA-2015-0','St. Patrick Hospital','8255093',' 9,342.50 '),('PBA-2015-0','St. Patrick Hospital','1513209',' 10,056.84 '),('PBA-2015-0','St. Patrick Hospital','8159931',' 8,224.38 '),('PBA-2015-0','St. Patrick Hospital','1336544',' 8,224.38 '),('PBA-2015-0','St. Patrick Hospital','1943927',' 8,199.53 '),('PBA-2015-0','St. Patrick Hospital','8433815',' 9,615.82 '),('PBA-2015-0','St. Patrick Hospital','6801895',' 20,292.00 '),('PBA-2015-0','St. Patrick Hospital','1882208',' 5,269.66 '),('PBA-2015-0','St. Patrick Hospital','1662659',' 5,269.66 '),('PBA-2015-0','St. Patrick Hospital','1290709',' 3,480.00 '),('PBA-2015-0','St. Patrick Hospital','1204668',' 3,480.00 '),('PBA-2015-0','St. Patrick Hospital','1149764',' 5,269.66 '),('PBA-2015-0','St. Patrick Hospital','1204247',' 7,029.60 '),('PBA-2015-0','St. Patrick Hospital','1320498',' 5,269.66 '),('PBA-2015-0','St. Patrick Hospital','8578163',' 5,269.66 '),('PBA-2015-0','St. Patrick Hospital','8568040',' 5,269.66 '),('PBA-2015-0','St. Patrick Hospital','6800189',' 5,269.66 '),('PBA-2015-0','St. Patrick Hospital','6801896',' 9,408.00 '),('PBA-2015-0','St. Patrick Hospital','1110352',' 2,634.83 '),('PBA-2015-0','St. Patrick Hospital','8067324',' 5,313.66 '),('PBA-2015-0','St. Patrick Hospital','8231474',' 5,313.66 '),('PBA-2015-0','St. Patrick Hospital','8466492',' 5,313.66 '),('PBA-2015-0','St. Patrick Hospital','1384007',' 5,313.66 '),('PBA-2015-0','St. Patrick Hospital','8721508',' 5,313.66 '),('PBA-2015-0','St. Patrick Hospital','8748220',' 5,313.66 '),('PBA-2015-0','St. Patrick Hospital','8962540',' 4,708.60 '),('PBA-2015-0','St. Patrick Hospital','1792357',' 4,708.60 '),('PBA-2015-0','St. Patrick Hospital','8182172',' 4,708.60 '),('PBA-2015-0','St. Patrick Hospital','6800190',' 5,313.66 '),('PBA-2015-0','St. Patrick Hospital','6800191',' 5,313.66 '),('PBA-2015-0','St. Patrick Hospital','8262487',' 2,945.83 '),('PBA-2015-0','St. Patrick Hospital','8867541',' 8,307.60 '),('PBA-2015-0','St. Patrick Hospital','8074452',' 2,718.00 '),('PBA-2015-0','St. Patrick Hospital','8936049',' 4,708.60 '),('PBA-2015-0','St. Patrick Hospital','8597452',' 4,708.60 '),('PBA-2015-0','St. Patrick Hospital','1830033',' 8,497.06 '),('PBA-2015-0','St. Patrick Hospital','8057812',' 9,691.70 '),('PBA-2015-0','St. Patrick Hospital','1765304',' 9,691.70 '),('PBA-2015-0','St. Patrick Hospital','1213115',' 5,546.90 '),('PBA-2015-0','St. Patrick Hospital','1247873',' 2,784.00 '),('PBA-2015-0','St. Patrick Hospital','1250232',' 2,087.16 '),('PBA-2015-0','St. Patrick Hospital','1451392',' 1,278.79 '),('PBA-2015-0','St. Patrick Hospital','1474030',' 900.90 '),('PBA-2015-0','St. Patrick Hospital','6801715',' 2,834.27 '),('PBA-2015-0','St. Patrick Hospital','1250315',' 1,711.50 '),('PBA-2015-0','St. Patrick Hospital','1122423',' 9,631.50 '),('PBA-2015-0','St. Patrick Hospital','1331560',' 5,907.13 '),('PBA-2015-0','St. Patrick Hospital','1158294',' 3,452.94 '),('PBA-2015-0','St. Patrick Hospital','1338953',' 1,492.24 '),('PBA-2015-0','St. Patrick Hospital','1631779',' 3,152.54 '),('PBA-2015-0','St. Patrick Hospital','1412204',' 2,960.34 '),('PBA-2015-0','St. Patrick Hospital','1204791',' 9,631.50 '),('PBA-2015-0','St. Patrick Hospital','1561976',' 1,738.54 '),('PBA-2015-0','St. Patrick Hospital','1627439',' 4,796.44 '),('PBA-2015-0','Metro Lipa Medical Center','1037274',' 4,215.95 '),('PBA-2015-0','Metro Lipa Medical Center','8168122',' 3,067.75 '),('PBA-2015-0','Metro Lipa Medical Center','1988211',' 3,156.32 '),('PBA-2015-0','Metro Lipa Medical Center','8046872',' 3,067.75 '),('PBA-2015-0','Metro Lipa Medical Center','1726926',' 3,569.02 '),('PBA-2015-0','Metro Lipa Medical Center','8112724',' 3,067.75 '),('PBA-2015-0','Metro Lipa Medical Center','1612365',' 2,698.67 '),('PBA-2015-0','Metro Lipa Medical Center','8892382',' 13,783.53 '),('PBA-2015-0','Metro Lipa Medical Center','8004707',' 3,067.75 '),('PBA-2015-0','Metro Lipa Medical Center','8478034',' 3,301.39 '),('PBA-2015-0','Metro Lipa Medical Center','8001133',' 4,212.19 '),('PBA-2015-0','Metro Lipa Medical Center','8097990',' 13,186.14 '),('PBA-2015-0','Metro Lipa Medical Center','8208431',' 3,306.01 '),('PBA-2015-0','Metro Lipa Medical Center','8343386',' 13,186.14 '),('PBA-2015-0','Metro Lipa Medical Center','1924547',' 3,833.02 '),('PBA-2015-0','Metro Lipa Medical Center','8150112',' 3,067.68 '),('PBA-2015-0','Metro Lipa Medical Center','8297749',' 3,569.02 '),('PBA-2015-0','Metro Lipa Medical Center','1632660',' 3,067.75 '),('PBA-2015-0','Metro Lipa Medical Center','1921204',' 3,067.78 '),('PBA-2015-0','Metro Lipa Medical Center','8221384',' 13,783.53 '),('PBA-2015-0','Metro Lipa Medical Center','8298671',' 13,186.14 '),('PBA-2015-0','Metro Lipa Medical Center','1314343',' 3,067.75 '),('PBA-2015-0','Metro Lipa Medical Center','1307164',' 4,212.19 '),('PBA-2015-0','Metro Lipa Medical Center','6800120',' 3,301.39 '),('PBA-2015-0','Metro Lipa Medical Center','8196057',' 8,767.64 '),('PBA-2015-0','Metro Lipa Medical Center','1655281',' 8,767.66 '),('PBA-2015-0','Metro Lipa Medical Center','8445207',' 8,521.32 '),('PBA-2015-0','Metro Lipa Medical Center','8257289',' 11,896.76 '),('PBA-2015-0','Metro Lipa Medical Center','8384489',' 12,114.04 '),('PBA-2015-0','Metro Lipa Medical Center','8157596',' 8,521.21 '),('PBA-2015-0','Metro Lipa Medical Center','8379034',' 8,521.21 '),('PBA-2015-0','Metro Lipa Medical Center','8392292',' 9,170.50 '),('PBA-2015-0','Metro Lipa Medical Center','6802584',' 8,484.76 '),('PBA-2015-0','Metro Lipa Medical Center','1053180',' 8,998.37 '),('PBA-2015-0','Metro Lipa Medical Center','1721869',' 11,896.76 '),('PBA-2015-0','Metro Lipa Medical Center','1202670',' 10,225.58 '),('PBA-2015-0','Metro Lipa Medical Center','8383051',' 8,998.37 '),('PBA-2015-0','Metro Lipa Medical Center','8102204',' 8,484.76 '),('PBA-2015-0','Metro Lipa Medical Center','1450261',' 11,004.44 '),('PBA-2015-0','Metro Lipa Medical Center','1669829',' 8,998.37 '),('PBA-2015-0','Metro Lipa Medical Center','1914605',' 10,225.58 '),('PBA-2015-0','Metro Lipa Medical Center','8479396',' 11,004.44 '),('PBA-2015-0','Metro Lipa Medical Center','8058232',' 14,040.71 '),('PBA-2015-0','Metro Lipa Medical Center','8262396',' 8,998.37 '),('PBA-2015-0','Metro Lipa Medical Center','1707801',' 8,484.77 '),('PBA-2015-0','Metro Lipa Medical Center','1515808',' 11,896.70 '),('PBA-2015-0','Metro Lipa Medical Center','8433880',' 10,225.58 '),('PBA-2015-0','Metro Lipa Medical Center','8255093',' 10,225.58 '),('PBA-2015-0','Metro Lipa Medical Center','1513209',' 11,004.44 '),('PBA-2015-0','Metro Lipa Medical Center','8159931',' 8,998.37 '),('PBA-2015-0','Metro Lipa Medical Center','1336544',' 8,998.37 '),('PBA-2015-0','Metro Lipa Medical Center','1943927',' 8,484.77 '),('PBA-2015-0','Metro Lipa Medical Center','8433815',' 10,521.19 '),('PBA-2015-0','Metro Lipa Medical Center','6801895',' 21,140.00 '),('PBA-2015-0','Metro Lipa Medical Center','1882208',' 4,391.38 '),('PBA-2015-0','Metro Lipa Medical Center','1662659',' 4,391.38 '),('PBA-2015-0','Metro Lipa Medical Center','1290709',' 2,900.00 '),('PBA-2015-0','Metro Lipa Medical Center','1204668',' 2,900.00 '),('PBA-2015-0','Metro Lipa Medical Center','1149764',' 4,391.38 '),('PBA-2015-0','Metro Lipa Medical Center','1204247',' 5,858.00 '),('PBA-2015-0','Metro Lipa Medical Center','1320498',' 4,391.38 '),('PBA-2015-0','Metro Lipa Medical Center','8578163',' 4,391.38 '),('PBA-2015-0','Metro Lipa Medical Center','8568040',' 4,391.38 '),('PBA-2015-0','Metro Lipa Medical Center','6800189',' 4,391.38 '),('PBA-2015-0','Metro Lipa Medical Center','6801896',' 7,840.00 '),('PBA-2015-0','Metro Lipa Medical Center','1110352',' 2,195.69 '),('PBA-2015-0','Metro Lipa Medical Center','8067324',' 5,908.00 '),('PBA-2015-0','Metro Lipa Medical Center','8231474',' 5,908.00 '),('PBA-2015-0','Metro Lipa Medical Center','8466492',' 4,428.05 '),('PBA-2015-0','Metro Lipa Medical Center','1384007',' 4,428.05 '),('PBA-2015-0','Metro Lipa Medical Center','8721508',' 4,428.05 '),('PBA-2015-0','Metro Lipa Medical Center','8748220',' 4,428.05 '),('PBA-2015-0','Metro Lipa Medical Center','8962540',' 5,101.14 '),('PBA-2015-0','Metro Lipa Medical Center','1792357',' 5,101.14 '),('PBA-2015-0','Metro Lipa Medical Center','8182172',' 5,101.14 '),('PBA-2015-0','Metro Lipa Medical Center','6800190',' 4,428.05 '),('PBA-2015-0','Metro Lipa Medical Center','6800191',' 4,428.05 '),('PBA-2015-0','Metro Lipa Medical Center','8262487',' 2,454.86 '),('PBA-2015-0','Metro Lipa Medical Center','8867541',' 6,923.00 '),('PBA-2015-0','Metro Lipa Medical Center','8074452',' 2,265.00 '),('PBA-2015-0','Metro Lipa Medical Center','8936049',' 5,101.80 '),('PBA-2015-0','Metro Lipa Medical Center','8597452',' 5,101.80 '),('PBA-2015-0','Metro Lipa Medical Center','1830033',' 9,205.35 '),('PBA-2015-0','Metro Lipa Medical Center','1765304',' 10,499.28 '),('PBA-2015-0','Metro Lipa Medical Center','8057812',' 10,499.68 '),('PBA-2015-0','Metro Lipa Medical Center','1213115',' 4,622.42 '),('PBA-2015-0','Metro Lipa Medical Center','1247873',' 2,320.00 '),('PBA-2015-0','Metro Lipa Medical Center','1250232',' 1,735.84 '),('PBA-2015-0','Metro Lipa Medical Center','1451392',' 1,065.66 '),('PBA-2015-0','Metro Lipa Medical Center','1627439',' 5,190.66 '),('PBA-2015-0','Metro Lipa Medical Center','1474030',' 976.27 '),('PBA-2015-0','Metro Lipa Medical Center','1158294',' 3,741.08 '),('PBA-2015-0','Metro Lipa Medical Center','1412204',' 3,207.45 '),('PBA-2015-0','Metro Lipa Medical Center','1338953',' 1,617.00 '),('PBA-2015-0','Metro Lipa Medical Center','1561976',' 1,883.42 '),('PBA-2015-0','Metro Lipa Medical Center','1631779',' 3,415.10 '),('PBA-2015-0','Metro Lipa Medical Center','1331560',' 6,399.36 '),('PBA-2015-0','Metro Lipa Medical Center','1122423',' 10,434.45 '),('PBA-2015-0','Metro Lipa Medical Center','6801715',' 2,632.47 '),('PBA-2015-0','Metro Lipa Medical Center','1204791',' 10,434.45 '),('PBA-2015-0','Metro Lipa Medical Center','1250315',' 6,399.36 '),('PBA-2015-0','St. Camillus de Lellis Medical Center','1882208',' 4,391.38 '),('PBA-2015-0','St. Camillus de Lellis Medical Center','1662659',' 4,391.38 '),('PBA-2015-0','St. Camillus de Lellis Medical Center','1290709',' 2,900.00 '),('PBA-2015-0','St. Camillus de Lellis Medical Center','1204668',' 2,900.00 '),('PBA-2015-0','St. Camillus de Lellis Medical Center','1149764',' 4,391.38 '),('PBA-2015-0','St. Camillus de Lellis Medical Center','1204247',' 5,858.00 '),('PBA-2015-0','St. Camillus de Lellis Medical Center','1320498',' 4,391.38 '),('PBA-2015-0','St. Camillus de Lellis Medical Center','8578163',' 4,391.38 '),('PBA-2015-0','St. Camillus de Lellis Medical Center','8568040',' 4,391.38 '),('PBA-2015-0','St. Camillus de Lellis Medical Center','6800189',' 4,391.38 '),('PBA-2015-0','St. Camillus de Lellis Medical Center','6801896',' 7,840.00 '),('PBA-2015-0','St. Camillus de Lellis Medical Center','1110352',' 2,195.69 '),('PBA-2015-0','St. Camillus de Lellis Medical Center','8067324',' 5,908.00 '),('PBA-2015-0','St. Camillus de Lellis Medical Center','8231474',' 5,908.00 '),('PBA-2015-0','St. Camillus de Lellis Medical Center','8466492',' 4,428.05 '),('PBA-2015-0','St. Camillus de Lellis Medical Center','1384007',' 4,428.05 '),('PBA-2015-0','St. Camillus de Lellis Medical Center','8721508',' 4,428.05 '),('PBA-2015-0','St. Camillus de Lellis Medical Center','8748220',' 4,428.05 '),('PBA-2015-0','St. Camillus de Lellis Medical Center','8962540',' 5,101.14 '),('PBA-2015-0','St. Camillus de Lellis Medical Center','1792357',' 5,101.14 '),('PBA-2015-0','St. Camillus de Lellis Medical Center','8182172',' 5,101.14 '),('PBA-2015-0','St. Camillus de Lellis Medical Center','6800190',' 4,428.05 '),('PBA-2015-0','St. Camillus de Lellis Medical Center','6800191',' 4,428.05 '),('PBA-2015-0','St. Camillus de Lellis Medical Center','8262487',' 2,454.86 '),('PBA-2015-0','St. Camillus de Lellis Medical Center','8867541',' 6,923.00 '),('PBA-2015-0','St. Camillus de Lellis Medical Center','8074452',' 2,265.00 '),('PBA-2015-0','St. Camillus de Lellis Medical Center','8936049',' 5,101.80 '),('PBA-2015-0','St. Camillus de Lellis Medical Center','8597452',' 5,101.80 '),('PBA-2015-0','St. Camillus de Lellis Medical Center','1830033',' 9,205.35 '),('PBA-2015-0','St. Camillus de Lellis Medical Center','1765304',' 10,499.28 '),('PBA-2015-0','St. Camillus de Lellis Medical Center','8057812',' 10,499.68 '),('PBA-2015-0','St. Camillus de Lellis Medical Center','1213115',' 4,622.42 '),('PBA-2015-0','St. Camillus de Lellis Medical Center','1247873',' 2,320.00 '),('PBA-2015-0','St. Camillus de Lellis Medical Center','1250232',' 1,735.84 '),('PBA-2015-0','St. Camillus de Lellis Medical Center','1451392',' 1,065.66 '),('PBA-2015-0','St. Camillus de Lellis Medical Center','1627439',' 5,190.66 '),('PBA-2015-0','St. Camillus de Lellis Medical Center','1474030',' 976.27 '),('PBA-2015-0','St. Camillus de Lellis Medical Center','1158294',' 3,741.08 '),('PBA-2015-0','St. Camillus de Lellis Medical Center','1412204',' 3,207.45 '),('PBA-2015-0','St. Camillus de Lellis Medical Center','1338953',' 1,617.00 '),('PBA-2015-0','St. Camillus de Lellis Medical Center','1561976',' 1,883.42 '),('PBA-2015-0','St. Camillus de Lellis Medical Center','1631779',' 3,415.10 '),('PBA-2015-0','St. Camillus de Lellis Medical Center','1331560',' 6,399.36 '),('PBA-2015-0','St. Camillus de Lellis Medical Center','1122423',' 10,434.45 '),('PBA-2015-0','St. Camillus de Lellis Medical Center','6801715',' 2,632.47 '),('PBA-2015-0','St. Camillus de Lellis Medical Center','1204791',' 10,434.45 '),('PBA-2015-0','St. Camillus de Lellis Medical Center','1250315',' 6,399.36 '),('PBA-2015-0','St. Camillus de Lellis Medical Center','1037274',' 4,215.95 '),('PBA-2015-0','St. Camillus de Lellis Medical Center','8168122',' 3,067.75 '),('PBA-2015-0','St. Camillus de Lellis Medical Center','1988211',' 3,156.32 '),('PBA-2015-0','St. Camillus de Lellis Medical Center','8046872',' 3,067.75 '),('PBA-2015-0','St. Camillus de Lellis Medical Center','1726926',' 3,569.02 '),('PBA-2015-0','St. Camillus de Lellis Medical Center','8112724',' 3,067.75 '),('PBA-2015-0','St. Camillus de Lellis Medical Center','1612365',' 2,698.67 '),('PBA-2015-0','St. Camillus de Lellis Medical Center','8892382',' 13,783.53 '),('PBA-2015-0','St. Camillus de Lellis Medical Center','8004707',' 3,067.75 '),('PBA-2015-0','St. Camillus de Lellis Medical Center','8478034',' 3,301.39 '),('PBA-2015-0','St. Camillus de Lellis Medical Center','8001133',' 4,212.19 '),('PBA-2015-0','St. Camillus de Lellis Medical Center','8097990',' 13,186.14 '),('PBA-2015-0','St. Camillus de Lellis Medical Center','8208431',' 3,306.01 '),('PBA-2015-0','St. Camillus de Lellis Medical Center','8343386',' 13,186.14 '),('PBA-2015-0','St. Camillus de Lellis Medical Center','1924547',' 3,833.02 '),('PBA-2015-0','St. Camillus de Lellis Medical Center','8150112',' 3,067.68 '),('PBA-2015-0','St. Camillus de Lellis Medical Center','8297749',' 3,569.02 '),('PBA-2015-0','St. Camillus de Lellis Medical Center','1632660',' 3,067.75 '),('PBA-2015-0','St. Camillus de Lellis Medical Center','1921204',' 3,067.78 '),('PBA-2015-0','St. Camillus de Lellis Medical Center','8221384',' 13,783.53 '),('PBA-2015-0','St. Camillus de Lellis Medical Center','8298671',' 13,186.14 '),('PBA-2015-0','St. Camillus de Lellis Medical Center','1314343',' 3,067.75 '),('PBA-2015-0','St. Camillus de Lellis Medical Center','1307164',' 4,212.19 '),('PBA-2015-0','St. Camillus de Lellis Medical Center','6800120',' 3,301.39 '),('PBA-2015-0','St. Camillus de Lellis Medical Center','8196057',' 8,767.64 '),('PBA-2015-0','St. Camillus de Lellis Medical Center','1655281',' 8,767.66 '),('PBA-2015-0','St. Camillus de Lellis Medical Center','8445207',' 8,521.32 '),('PBA-2015-0','St. Camillus de Lellis Medical Center','8257289',' 11,896.76 '),('PBA-2015-0','St. Camillus de Lellis Medical Center','8384489',' 12,114.04 '),('PBA-2015-0','St. Camillus de Lellis Medical Center','8157596',' 8,521.21 '),('PBA-2015-0','St. Camillus de Lellis Medical Center','8379034',' 8,521.21 '),('PBA-2015-0','St. Camillus de Lellis Medical Center','8392292',' 9,170.50 '),('PBA-2015-0','St. Camillus de Lellis Medical Center','6802584',' 8,484.76 '),('PBA-2015-0','St. Camillus de Lellis Medical Center','1053180',' 8,998.37 '),('PBA-2015-0','St. Camillus de Lellis Medical Center','1721869',' 11,896.76 '),('PBA-2015-0','St. Camillus de Lellis Medical Center','1202670',' 10,225.58 '),('PBA-2015-0','St. Camillus de Lellis Medical Center','8383051',' 8,998.37 '),('PBA-2015-0','St. Camillus de Lellis Medical Center','8102204',' 8,484.76 '),('PBA-2015-0','St. Camillus de Lellis Medical Center','1450261',' 11,004.44 '),('PBA-2015-0','St. Camillus de Lellis Medical Center','1669829',' 8,998.37 '),('PBA-2015-0','St. Camillus de Lellis Medical Center','1914605',' 10,225.58 '),('PBA-2015-0','St. Camillus de Lellis Medical Center','8479396',' 11,004.44 '),('PBA-2015-0','St. Camillus de Lellis Medical Center','8058232',' 14,040.71 '),('PBA-2015-0','St. Camillus de Lellis Medical Center','8262396',' 8,998.37 '),('PBA-2015-0','St. Camillus de Lellis Medical Center','1707801',' 8,484.77 '),('PBA-2015-0','St. Camillus de Lellis Medical Center','1515808',' 11,896.70 '),('PBA-2015-0','St. Camillus de Lellis Medical Center','8433880',' 10,225.58 '),('PBA-2015-0','St. Camillus de Lellis Medical Center','1668409',' -   '),('PBA-2015-0','St. Camillus de Lellis Medical Center','8318925',' -   '),('PBA-2015-0','St. Camillus de Lellis Medical Center','8255093',' 10,225.58 '),('PBA-2015-0','St. Camillus de Lellis Medical Center','1513209',' 11,004.44 '),('PBA-2015-0','St. Camillus de Lellis Medical Center','8159931',' 8,998.37 '),('PBA-2015-0','St. Camillus de Lellis Medical Center','1336544',' 8,998.37 '),('PBA-2015-0','St. Camillus de Lellis Medical Center','1943927',' 8,484.77 '),('PBA-2015-0','St. Camillus de Lellis Medical Center','8433815',' 10,521.19 '),('PBA-2015-0','St. Camillus de Lellis Medical Center','6801895',' 21,140.00 '),('PBA-2019-1','Shalom Medical Diagnostic','1037274',' 4,216.00 '),('PBA-2019-1','Shalom Medical Diagnostic','8168122',' 3,068.00 '),('PBA-2019-1','Shalom Medical Diagnostic','1988211',' 3,157.00 '),('PBA-2019-1','Shalom Medical Diagnostic','8046872',' 3,068.00 '),('PBA-2019-1','Shalom Medical Diagnostic','1726926',' 3,570.00 '),('PBA-2019-1','Shalom Medical Diagnostic','8112724',' 3,068.00 '),('PBA-2019-1','Shalom Medical Diagnostic','1612365',' 2,699.00 '),('PBA-2019-1','Shalom Medical Diagnostic','8892382',' 13,784.00 '),('PBA-2019-1','Shalom Medical Diagnostic','8004707',' 3,068.00 '),('PBA-2019-1','Shalom Medical Diagnostic','8478034',' 3,302.00 '),('PBA-2019-1','Shalom Medical Diagnostic','8001133',' 4,213.00 '),('PBA-2019-1','Shalom Medical Diagnostic','8097990',' 13,187.00 '),('PBA-2019-1','Shalom Medical Diagnostic','8208431',' 3,307.00 '),('PBA-2019-1','Shalom Medical Diagnostic','8343386',' 13,187.00 '),('PBA-2019-1','Shalom Medical Diagnostic','1924547',' 3,834.00 '),('PBA-2019-1','Shalom Medical Diagnostic','8150112',' 3,068.00 '),('PBA-2019-1','Shalom Medical Diagnostic','8297749',' 3,570.00 '),('PBA-2019-1','Shalom Medical Diagnostic','1632660',' 3,068.00 '),('PBA-2019-1','Shalom Medical Diagnostic','1921204',' 3,068.00 '),('PBA-2019-1','Shalom Medical Diagnostic','8221384',' 13,784.00 '),('PBA-2019-1','Shalom Medical Diagnostic','8298671',' 13,187.00 '),('PBA-2019-1','Shalom Medical Diagnostic','1314343',' 3,068.00 '),('PBA-2019-1','Shalom Medical Diagnostic','1307164',' 4,213.00 '),('PBA-2019-1','Shalom Medical Diagnostic','6800120',' 3,302.00 '),('PBA-2019-1','Shalom Medical Diagnostic','8196057',' 8,768.00 '),('PBA-2019-1','Shalom Medical Diagnostic','1655281',' 8,768.00 '),('PBA-2019-1','Shalom Medical Diagnostic','8445207',' 8,522.00 '),('PBA-2019-1','Shalom Medical Diagnostic','8257289',' 11,897.00 '),('PBA-2019-1','Shalom Medical Diagnostic','8384489',' 12,115.00 '),('PBA-2019-1','Shalom Medical Diagnostic','8157596',' 8,522.00 '),('PBA-2019-1','Shalom Medical Diagnostic','8379034',' 8,522.00 '),('PBA-2019-1','Shalom Medical Diagnostic','8392292',' 9,171.00 '),('PBA-2019-1','Shalom Medical Diagnostic','6802584',' 8,231.00 '),('PBA-2019-1','Shalom Medical Diagnostic','1053180',' 8,999.00 '),('PBA-2019-1','Shalom Medical Diagnostic','1721869',' 11,897.00 '),('PBA-2019-1','Shalom Medical Diagnostic','1202670',' 10,226.00 '),('PBA-2019-1','Shalom Medical Diagnostic','8383051',' 8,999.00 '),('PBA-2019-1','Shalom Medical Diagnostic','8102204',' 8,231.00 '),('PBA-2019-1','Shalom Medical Diagnostic','1450261',' 11,005.00 '),('PBA-2019-1','Shalom Medical Diagnostic','1669829',' 8,728.00 '),('PBA-2019-1','Shalom Medical Diagnostic','1914605',' 10,226.00 '),('PBA-2019-1','Shalom Medical Diagnostic','8479396',' 11,005.00 '),('PBA-2019-1','Shalom Medical Diagnostic','8058232',' 14,041.00 '),('PBA-2019-1','Shalom Medical Diagnostic','8262396',' 8,999.00 '),('PBA-2019-1','Shalom Medical Diagnostic','1707801',' 8,315.00 '),('PBA-2019-1','Shalom Medical Diagnostic','1515808',' 11,897.00 '),('PBA-2019-1','Shalom Medical Diagnostic','8433880',' 10,226.00 '),('PBA-2019-1','Shalom Medical Diagnostic','1668409',''),('PBA-2019-1','Shalom Medical Diagnostic','8318925',''),('PBA-2019-1','Shalom Medical Diagnostic','8255093',' 10,226.00 '),('PBA-2019-1','Shalom Medical Diagnostic','1513209',' 11,005.00 '),('PBA-2019-1','Shalom Medical Diagnostic','8159931',' 8,999.00 '),('PBA-2019-1','Shalom Medical Diagnostic','1336544',' 8,728.00 '),('PBA-2019-1','Shalom Medical Diagnostic','1943927',' 8,315.00 '),('PBA-2019-1','Shalom Medical Diagnostic','8433815',' 10,205.00 '),('PBA-2019-1','Shalom Medical Diagnostic','6801895',' 20,717.00 '),('PBA-2019-1','Shalom Medical Diagnostic','1882208',' 5,051.00 '),('PBA-2019-1','Shalom Medical Diagnostic','1662659',' 5,051.00 '),('PBA-2019-1','Shalom Medical Diagnostic','1290709',' 3,335.00 '),('PBA-2019-1','Shalom Medical Diagnostic','1204668',' 3,335.00 '),('PBA-2019-1','Shalom Medical Diagnostic','1149764',' 5,051.00 '),('PBA-2019-1','Shalom Medical Diagnostic','1204247',' 6,737.00 '),('PBA-2019-1','Shalom Medical Diagnostic','1320498',' 5,051.00 '),('PBA-2019-1','Shalom Medical Diagnostic','8578163',' 5,051.00 '),('PBA-2019-1','Shalom Medical Diagnostic','8568040',' 5,051.00 '),('PBA-2019-1','Shalom Medical Diagnostic','6800189',' 5,051.00 '),('PBA-2019-1','Shalom Medical Diagnostic','6801896',' 9,016.00 '),('PBA-2019-1','Shalom Medical Diagnostic','1110352',' 2,526.00 '),('PBA-2019-1','Shalom Medical Diagnostic','8067324',' 6,795.00 '),('PBA-2019-1','Shalom Medical Diagnostic','8231474',' 6,795.00 '),('PBA-2019-1','Shalom Medical Diagnostic','8466492',' 5,093.00 '),('PBA-2019-1','Shalom Medical Diagnostic','1384007',' 5,093.00 '),('PBA-2019-1','Shalom Medical Diagnostic','8721508',' 5,093.00 '),('PBA-2019-1','Shalom Medical Diagnostic','8748220',' 5,093.00 '),('PBA-2019-1','Shalom Medical Diagnostic','8962540',' 5,867.00 '),('PBA-2019-1','Shalom Medical Diagnostic','1792357',' 5,867.00 '),('PBA-2019-1','Shalom Medical Diagnostic','8182172',' 5,867.00 '),('PBA-2019-1','Shalom Medical Diagnostic','6800190',' 5,093.00 '),('PBA-2019-1','Shalom Medical Diagnostic','6800191',' 5,093.00 '),('PBA-2019-1','Shalom Medical Diagnostic','8262487',' 2,824.00 '),('PBA-2019-1','Shalom Medical Diagnostic','8867541',' 7,962.00 '),('PBA-2019-1','Shalom Medical Diagnostic','8074452',' 2,605.00 '),('PBA-2019-1','Shalom Medical Diagnostic','8936049',' 5,868.00 '),('PBA-2019-1','Shalom Medical Diagnostic','8597452',' 5,868.00 '),('PBA-2019-1','Shalom Medical Diagnostic','1830033',' 10,587.00 '),('PBA-2019-1','Shalom Medical Diagnostic','1765304',' 12,075.00 '),('PBA-2019-1','Shalom Medical Diagnostic','8057812',' 12,075.00 '),('PBA-2019-1','Shalom Medical Diagnostic','1213115',' 5,316.00 '),('PBA-2019-1','Shalom Medical Diagnostic','1247873',' 2,668.00 '),('PBA-2019-1','Shalom Medical Diagnostic','1250232',' 1,997.00 '),('PBA-2019-1','Shalom Medical Diagnostic','1451392',' 1,226.00 '),('PBA-2019-1','Shalom Medical Diagnostic','1627439',' 5,970.00 '),('PBA-2019-1','Shalom Medical Diagnostic','1474030',' 1,123.00 '),('PBA-2019-1','Shalom Medical Diagnostic','1158294',' 4,303.00 '),('PBA-2019-1','Shalom Medical Diagnostic','1412204',' 3,689.00 '),('PBA-2019-1','Shalom Medical Diagnostic','1338953',' 1,860.00 '),('PBA-2019-1','Shalom Medical Diagnostic','1561976',' 2,166.00 '),('PBA-2019-1','Shalom Medical Diagnostic','1631779',' 3,928.00 '),('PBA-2019-1','Shalom Medical Diagnostic','1331560',' 7,360.00 '),('PBA-2019-1','Shalom Medical Diagnostic','1122423',' 12,000.00 '),('PBA-2019-1','Shalom Medical Diagnostic','6801715',' 3,028.00 '),('PBA-2019-1','Shalom Medical Diagnostic','1204791',' 12,000.00 '),('PBA-2019-1','Shalom Medical Diagnostic','1250315',' 7,360.00 '),('PLL-2015-1','ABR Multi and Specialty Clinic','1037274',' 4,339.00 '),('PLL-2015-1','ABR Multi and Specialty Clinic','8168122',' 3,158.00 '),('PLL-2015-1','ABR Multi and Specialty Clinic','1988211',' 3,249.00 '),('PLL-2015-1','ABR Multi and Specialty Clinic','8046872',' 3,158.00 '),('PLL-2015-1','ABR Multi and Specialty Clinic','1726926',' 3,674.00 '),('PLL-2015-1','ABR Multi and Specialty Clinic','8112724',' 3,158.00 '),('PLL-2015-1','ABR Multi and Specialty Clinic','1612365',' 2,778.00 '),('PLL-2015-1','ABR Multi and Specialty Clinic','8892382',' 14,184.00 '),('PLL-2015-1','ABR Multi and Specialty Clinic','8004707',' 3,158.00 '),('PLL-2015-1','ABR Multi and Specialty Clinic','8478034',' 3,398.00 '),('PLL-2015-1','ABR Multi and Specialty Clinic','8001133',' 4,335.00 '),('PLL-2015-1','ABR Multi and Specialty Clinic','8097990',' 13,570.00 '),('PLL-2015-1','ABR Multi and Specialty Clinic','8208431',' 3,403.00 '),('PLL-2015-1','ABR Multi and Specialty Clinic','8343386',' 13,570.00 '),('PLL-2015-1','ABR Multi and Specialty Clinic','1924547',' 3,945.00 '),('PLL-2015-1','ABR Multi and Specialty Clinic','8150112',' 3,158.00 '),('PLL-2015-1','ABR Multi and Specialty Clinic','8297749',' 3,674.00 '),('PLL-2015-1','ABR Multi and Specialty Clinic','1632660',' 3,158.00 '),('PLL-2015-1','ABR Multi and Specialty Clinic','1921204',' 3,158.00 '),('PLL-2015-1','ABR Multi and Specialty Clinic','8221384',' 14,184.00 '),('PLL-2015-1','ABR Multi and Specialty Clinic','8298671',' 13,570.00 '),('PLL-2015-1','ABR Multi and Specialty Clinic','1314343',' 4,335.00 '),('PLL-2015-1','ABR Multi and Specialty Clinic','1307164',' 4,335.00 '),('PLL-2015-1','ABR Multi and Specialty Clinic','6800120',' 3,398.00 '),('PLL-2015-1','ABR Multi and Specialty Clinic','8196057',' 9,023.00 '),('PLL-2015-1','ABR Multi and Specialty Clinic','1655281',' 8,747.00 '),('PLL-2015-1','ABR Multi and Specialty Clinic','8445207',' 8,770.00 '),('PLL-2015-1','ABR Multi and Specialty Clinic','8257289',' 12,243.00 '),('PLL-2015-1','ABR Multi and Specialty Clinic','8384489',' 12,466.00 '),('PLL-2015-1','ABR Multi and Specialty Clinic','8157596',' 8,770.00 '),('PLL-2015-1','ABR Multi and Specialty Clinic','8379034',' 8,770.00 '),('PLL-2015-1','ABR Multi and Specialty Clinic','8392292',' 9,438.00 '),('PLL-2015-1','ABR Multi and Specialty Clinic','6802584',' 8,930.00 '),('PLL-2015-1','ABR Multi and Specialty Clinic','1053180',' 9,261.00 '),('PLL-2015-1','ABR Multi and Specialty Clinic','1721869',' 12,243.00 '),('PLL-2015-1','ABR Multi and Specialty Clinic','1202670',' 10,523.00 '),('PLL-2015-1','ABR Multi and Specialty Clinic','8383051',' 9,261.00 '),('PLL-2015-1','ABR Multi and Specialty Clinic','8102204',' 8,930.00 '),('PLL-2015-1','ABR Multi and Specialty Clinic','1450261',' 11,324.00 '),('PLL-2015-1','ABR Multi and Specialty Clinic','1669829',' 8,977.00 '),('PLL-2015-1','ABR Multi and Specialty Clinic','1914605',' 10,523.00 '),('PLL-2015-1','ABR Multi and Specialty Clinic','8479396',' 11,324.00 '),('PLL-2015-1','ABR Multi and Specialty Clinic','8058232',' 14,449.00 '),('PLL-2015-1','ABR Multi and Specialty Clinic','8262396',' 9,261.00 '),('PLL-2015-1','ABR Multi and Specialty Clinic','1707801',' 8,930.00 '),('PLL-2015-1','ABR Multi and Specialty Clinic','1515808',' 12,243.00 '),('PLL-2015-1','ABR Multi and Specialty Clinic','8433880',' 10,523.00 '),('PLL-2015-1','ABR Multi and Specialty Clinic','8255093',' 10,523.00 '),('PLL-2015-1','ABR Multi and Specialty Clinic','1513209',' 11,324.00 '),('PLL-2015-1','ABR Multi and Specialty Clinic','8159931',' 9,261.00 '),('PLL-2015-1','ABR Multi and Specialty Clinic','1336544',' 8,977.00 '),('PLL-2015-1','ABR Multi and Specialty Clinic','1943927',' 8,930.00 '),('PLL-2015-1','ABR Multi and Specialty Clinic','8433815',' 10,828.00 '),('PLL-2015-1','ABR Multi and Specialty Clinic','6801895',' 21,850.00 '),('PLL-2015-1','ABR Multi and Specialty Clinic','1882208',' 4,998.00 '),('PLL-2015-1','ABR Multi and Specialty Clinic','1662659',' 4,998.00 '),('PLL-2015-1','ABR Multi and Specialty Clinic','1290709',' 3,816.00 '),('PLL-2015-1','ABR Multi and Specialty Clinic','1204668',' 3,816.00 '),('PLL-2015-1','ABR Multi and Specialty Clinic','1149764',' 5,071.00 '),('PLL-2015-1','ABR Multi and Specialty Clinic','1204247',' 6,765.00 '),('PLL-2015-1','ABR Multi and Specialty Clinic','1320498',' 5,071.00 '),('PLL-2015-1','ABR Multi and Specialty Clinic','8578163',' 5,071.00 '),('PLL-2015-1','ABR Multi and Specialty Clinic','8568040',' 5,071.00 '),('PLL-2015-1','ABR Multi and Specialty Clinic','6800189',' 5,071.00 '),('PLL-2015-1','ABR Multi and Specialty Clinic','6801896',' 8,643.00 '),('PLL-2015-1','ABR Multi and Specialty Clinic','1110352',' 2,535.00 '),('PLL-2015-1','ABR Multi and Specialty Clinic','8067324',' 6,204.00 '),('PLL-2015-1','ABR Multi and Specialty Clinic','8231474',' 6,204.00 '),('PLL-2015-1','ABR Multi and Specialty Clinic','8466492',' 4,998.00 '),('PLL-2015-1','ABR Multi and Specialty Clinic','1384007',' 4,998.00 '),('PLL-2015-1','ABR Multi and Specialty Clinic','8721508',' 4,998.00 '),('PLL-2015-1','ABR Multi and Specialty Clinic','8748220',' 4,998.00 '),('PLL-2015-1','ABR Multi and Specialty Clinic','8962540',' 5,357.00 '),('PLL-2015-1','ABR Multi and Specialty Clinic','1792357',' 5,357.00 '),('PLL-2015-1','ABR Multi and Specialty Clinic','8182172',' 5,357.00 '),('PLL-2015-1','ABR Multi and Specialty Clinic','6800190',' 4,998.00 '),('PLL-2015-1','ABR Multi and Specialty Clinic','6800191',' 4,998.00 '),('PLL-2015-1','ABR Multi and Specialty Clinic','8262487',' 2,886.00 '),('PLL-2015-1','ABR Multi and Specialty Clinic','8867541',' 7,995.00 '),('PLL-2015-1','ABR Multi and Specialty Clinic','8074452',' 3,168.00 '),('PLL-2015-1','ABR Multi and Specialty Clinic','8936049',' 5,357.00 '),('PLL-2015-1','ABR Multi and Specialty Clinic','8597452',' 5,357.00 '),('PLL-2015-1','ABR Multi and Specialty Clinic','1830033',' 9,666.00 '),('PLL-2015-1','ABR Multi and Specialty Clinic','1765304',' 11,025.00 '),('PLL-2015-1','ABR Multi and Specialty Clinic','8057812',' 11,025.00 '),('PLL-2015-1','ABR Multi and Specialty Clinic','1213115',' 5,338.00 '),('PLL-2015-1','ABR Multi and Specialty Clinic','1247873',' 2,557.00 '),('PLL-2015-1','ABR Multi and Specialty Clinic','1250232',' 1,930.00 '),('PLL-2015-1','ABR Multi and Specialty Clinic','1451392',' 1,229.00 '),('PLL-2015-1','ABR Multi and Specialty Clinic','1627439',' 5,451.00 '),('PLL-2015-1','ABR Multi and Specialty Clinic','1474030',' 1,026.00 '),('PLL-2015-1','ABR Multi and Specialty Clinic','1158294',' 3,929.00 '),('PLL-2015-1','ABR Multi and Specialty Clinic','1412204',' 3,368.00 '),('PLL-2015-1','ABR Multi and Specialty Clinic','1338953',' 1,698.00 '),('PLL-2015-1','ABR Multi and Specialty Clinic','1561976',' 1,978.00 '),('PLL-2015-1','ABR Multi and Specialty Clinic','1631779',' 3,586.00 '),('PLL-2015-1','ABR Multi and Specialty Clinic','1331560',' 6,720.00 '),('PLL-2015-1','ABR Multi and Specialty Clinic','1122423',' 10,957.00 '),('PLL-2015-1','ABR Multi and Specialty Clinic','6801715',' 2,864.00 '),('PLL-2015-1','ABR Multi and Specialty Clinic','1204791',' 10,957.00 '),('PLL-2015-1','ABR Multi and Specialty Clinic','1250315',' 6,720.00 '),('PUL-2019-2','Calamba Medical Center','1037274',' 2,603.00 '),('PUL-2019-2','Calamba Medical Center','8168122',' 2,218.84 '),('PUL-2019-2','Calamba Medical Center','1988211',' 2,283.76 '),('PUL-2019-2','Calamba Medical Center','8046872',' 2,218.84 '),('PUL-2019-2','Calamba Medical Center','1726926',' 2,581.76 '),('PUL-2019-2','Calamba Medical Center','8112724',' 2,218.84 '),('PUL-2019-2','Calamba Medical Center','1612365',' 1,953.29 '),('PUL-2019-2','Calamba Medical Center','8892382',' 8,774.18 '),('PUL-2019-2','Calamba Medical Center','8004707',' 2,218.84 '),('PUL-2019-2','Calamba Medical Center','8478034',' 2,505.05 '),('PUL-2019-2','Calamba Medical Center','8001133',' 3,046.48 '),('PUL-2019-2','Calamba Medical Center','8097990',' 8,393.96 '),('PUL-2019-2','Calamba Medical Center','8208431',' 2,391.45 '),('PUL-2019-2','Calamba Medical Center','8343386',' 8,393.96 '),('PUL-2019-2','Calamba Medical Center','1924547',' 2,581.76 '),('PUL-2019-2','Calamba Medical Center','8150112',' 2,218.84 '),('PUL-2019-2','Calamba Medical Center','8297749',' 2,581.76 '),('PUL-2019-2','Calamba Medical Center','1632660',' 2,218.84 '),('PUL-2019-2','Calamba Medical Center','1921204',' 2,218.84 '),('PUL-2019-2','Calamba Medical Center','8221384',' 8,774.18 '),('PUL-2019-2','Calamba Medical Center','8298671',' 8,393.96 '),('PUL-2019-2','Calamba Medical Center','1314343',' 2,959.25 '),('PUL-2019-2','Calamba Medical Center','1307164',' 3,046.48 '),('PUL-2019-2','Calamba Medical Center','6800120',' 2,505.05 '),('PUL-2019-2','Calamba Medical Center','8196057',' 6,350.15 '),('PUL-2019-2','Calamba Medical Center','1655281',' 6,343.77 '),('PUL-2019-2','Calamba Medical Center','8445207',' 6,163.46 '),('PUL-2019-2','Calamba Medical Center','8257289',' 7,171.56 '),('PUL-2019-2','Calamba Medical Center','8384489',' 7,171.56 '),('PUL-2019-2','Calamba Medical Center','8157596',' 6,163.46 '),('PUL-2019-2','Calamba Medical Center','8379034',' 6,163.46 '),('PUL-2019-2','Calamba Medical Center','8392292',' 6,634.73 '),('PUL-2019-2','Calamba Medical Center','6802584',' 6,491.29 '),('PUL-2019-2','Calamba Medical Center','1053180',' 6,514.08 '),('PUL-2019-2','Calamba Medical Center','1721869',' 8,612.27 '),('PUL-2019-2','Calamba Medical Center','1202670',' 7,399.25 '),('PUL-2019-2','Calamba Medical Center','8383051',' 6,510.97 '),('PUL-2019-2','Calamba Medical Center','8102204',' 6,491.29 '),('PUL-2019-2','Calamba Medical Center','1450261',' 7,961.67 '),('PUL-2019-2','Calamba Medical Center','1669829',' 6,510.97 '),('PUL-2019-2','Calamba Medical Center','1914605',' 7,785.42 '),('PUL-2019-2','Calamba Medical Center','8479396',' 8,350.16 '),('PUL-2019-2','Calamba Medical Center','8058232',' 10,154.94 '),('PUL-2019-2','Calamba Medical Center','8262396',' 6,506.06 '),('PUL-2019-2','Calamba Medical Center','1707801',' 6,491.29 '),('PUL-2019-2','Calamba Medical Center','1515808',' 8,692.50 '),('PUL-2019-2','Calamba Medical Center','8433880',' 7,785.42 '),('PUL-2019-2','Calamba Medical Center','1668409',''),('PUL-2019-2','Calamba Medical Center','8318925',''),('PUL-2019-2','Calamba Medical Center','8255093',' 7,396.14 '),('PUL-2019-2','Calamba Medical Center','1513209',' 7,961.67 '),('PUL-2019-2','Calamba Medical Center','8159931',' 6,510.97 '),('PUL-2019-2','Calamba Medical Center','1336544',' 6,510.97 '),('PUL-2019-2','Calamba Medical Center','1943927',' 6,491.29 '),('PUL-2019-2','Calamba Medical Center','8433815',' 7,612.52 '),('PUL-2019-2','Calamba Medical Center','6801895',' 16,064.50 '),('PUL-2019-2','Calamba Medical Center','1882208',' 4,391.38 '),('PUL-2019-2','Calamba Medical Center','1662659',' 4,391.38 '),('PUL-2019-2','Calamba Medical Center','1290709',' 2,900.00 '),('PUL-2019-2','Calamba Medical Center','1204668',' 2,900.00 '),('PUL-2019-2','Calamba Medical Center','1149764',' 4,391.38 '),('PUL-2019-2','Calamba Medical Center','1204247',' 5,858.00 '),('PUL-2019-2','Calamba Medical Center','1320498',' 4,391.38 '),('PUL-2019-2','Calamba Medical Center','8578163',' 4,391.38 '),('PUL-2019-2','Calamba Medical Center','8568040',' 4,391.38 '),('PUL-2019-2','Calamba Medical Center','6800189',' 4,391.38 '),('PUL-2019-2','Calamba Medical Center','6801896',' 7,840.00 '),('PUL-2019-2','Calamba Medical Center','1110352',' 2,195.69 '),('PUL-2019-2','Calamba Medical Center','8067324',' 4,428.05 '),('PUL-2019-2','Calamba Medical Center','8231474',' 4,428.05 '),('PUL-2019-2','Calamba Medical Center','8466492',' 4,428.05 '),('PUL-2019-2','Calamba Medical Center','1384007',' 4,428.05 '),('PUL-2019-2','Calamba Medical Center','8721508',' 4,428.05 '),('PUL-2019-2','Calamba Medical Center','8748220',' 4,428.05 '),('PUL-2019-2','Calamba Medical Center','8962540',' 3,923.83 '),('PUL-2019-2','Calamba Medical Center','1792357',' 3,923.83 '),('PUL-2019-2','Calamba Medical Center','8182172',' 3,923.83 '),('PUL-2019-2','Calamba Medical Center','6800190',' 4,428.05 '),('PUL-2019-2','Calamba Medical Center','6800191',' 4,428.05 '),('PUL-2019-2','Calamba Medical Center','8262487',' 2,454.86 '),('PUL-2019-2','Calamba Medical Center','8867541',' 6,923.00 '),('PUL-2019-2','Calamba Medical Center','8074452',' 2,265.00 '),('PUL-2019-2','Calamba Medical Center','8936049',' 3,923.83 '),('PUL-2019-2','Calamba Medical Center','8597452',' 3,923.83 '),('PUL-2019-2','Calamba Medical Center','1830033',' 7,080.88 '),('PUL-2019-2','Calamba Medical Center','1765304',' 8,076.42 '),('PUL-2019-2','Calamba Medical Center','1213115',' 4,622.42 '),('PUL-2019-2','Calamba Medical Center','1247873',' 2,320.00 '),('PUL-2019-2','Calamba Medical Center','1250232',' 1,739.30 '),('PUL-2019-2','Calamba Medical Center','1451392',' 1,065.66 '),('PUL-2019-2','Calamba Medical Center','1627439',' 3,997.03 '),('PUL-2019-2','Calamba Medical Center','1474030',' 750.75 '),('PUL-2019-2','Calamba Medical Center','1158294',' 2,877.45 '),('PUL-2019-2','Calamba Medical Center','1412204',' 2,466.95 '),('PUL-2019-2','Calamba Medical Center','1338953',' 1,243.53 '),('PUL-2019-2','Calamba Medical Center','1561976',' 1,448.78 '),('PUL-2019-2','Calamba Medical Center','1631779',' 2,627.12 '),('PUL-2019-2','Calamba Medical Center','1331560',' 4,922.61 '),('PUL-2019-2','Calamba Medical Center','6801715',' 2,361.89 '),('PUL-2019-2','Calamba Medical Center','1204791',' 8,026.25 ');
/*!40000 ALTER TABLE `tbl_pricelist` ENABLE KEYS */;
UNLOCK TABLES;

--
-- Table structure for table `tbl_products`
--

DROP TABLE IF EXISTS `tbl_products`;
/*!40101 SET @saved_cs_client     = @@character_set_client */;
/*!40101 SET character_set_client = utf8 */;
CREATE TABLE `tbl_products` (
  `ProdNo` int(11) NOT NULL AUTO_INCREMENT,
  `Catalog` varchar(255) DEFAULT NULL,
  `Description` varchar(255) DEFAULT NULL,
  `Price` varchar(255) DEFAULT NULL,
  `Unit` varchar(255) DEFAULT NULL,
  `Supplier` varchar(250) DEFAULT NULL,
  PRIMARY KEY (`ProdNo`)
) ENGINE=InnoDB AUTO_INCREMENT=1272 DEFAULT CHARSET=latin1;
/*!40101 SET character_set_client = @saved_cs_client */;

--
-- Dumping data for table `tbl_products`
--

LOCK TABLES `tbl_products` WRITE;
/*!40000 ALTER TABLE `tbl_products` DISABLE KEYS */;
INSERT INTO `tbl_products` VALUES (1,'MA001','RIDAQUICK Norovirus Card','0','20 per kit','Man Medical Pharma And Diagnostics, INC'),(2,'MA002','RIDAQUICK Rotavirus Card','0','20 per kit','Man Medical Pharma And Diagnostics, INC'),(3,'MA003','RIDAQUICK Rotavirus Strip','0','20 per kit','Man Medical Pharma And Diagnostics, INC'),(4,'MA004','RIDAQUICK Rotavirus/Adenovirus Combi Card','0','20 per kit','Man Medical Pharma And Diagnostics, INC'),(5,'MA005','RIDAQUICK Rotavirus/Adenovirus Strip','0','20 per kit','Man Medical Pharma And Diagnostics, INC'),(6,'MA006','RIDAQUICK Rotavirus/Adenovirus/Norovirus Combo Card New','0','20 per kit','Man Medical Pharma And Diagnostics, INC'),(7,'MA007','RIDAQUICK Campylobacter Card','0','20 per kit','Man Medical Pharma And Diagnostics, INC'),(8,'MA008','Clostridium difficile GDH Card','0','20 per kit','Man Medical Pharma And Diagnostics, INC'),(9,'MA009','Clostridium Toxin A/B Card','0','20 per kit','Man Medical Pharma And Diagnostics, INC'),(10,'MA010','RIDAQUICK Helicobacter pylori Card','0','20 per kit','Man Medical Pharma And Diagnostics, INC'),(11,'ME001','Coagulyzer 1','0','20 per kit','Medical Trends and Technologies(MEDTEK),INC'),(12,'MA011','RIDAQUICK Legionella Card ','0','20 per kit','Man Medical Pharma And Diagnostics, INC'),(13,'ME002','Coagulyzer 2','0','20 per kit','Medical Trends and Technologies(MEDTEK),INC'),(14,'ME003','Coagulyzer 4','0','20 per kit','Medical Trends and Technologies(MEDTEK),INC'),(15,'ME004','PT Recombinant','0','20 per kit','Medical Trends and Technologies(MEDTEK),INC'),(16,'ME005','APTT','0','20 per kit','Medical Trends and Technologies(MEDTEK),INC'),(17,'ME006','CaCl2','0','20 per kit','Medical Trends and Technologies(MEDTEK),INC'),(18,'ME007','Fibrinogen','0','20 per kit','Medical Trends and Technologies(MEDTEK),INC'),(19,'ME008','Control Plasma N','0','20 per kit','Medical Trends and Technologies(MEDTEK),INC'),(20,'ME009','Control Plasma P','0','20 per kit','Medical Trends and Technologies(MEDTEK),INC'),(21,'ME010','Standard Plasma','0','20 per kit','Medical Trends and Technologies(MEDTEK),INC'),(22,'ME011','Cuvettes, FL45','0','20 per kit','Medical Trends and Technologies(MEDTEK),INC'),(23,'ME012','MDX Electroline 100 Analyzer','0','20 per kit','Medical Trends and Technologies(MEDTEK),INC'),(24,'ME013','MDX Electroline 100 Ca+ Analyzer','0','20 per kit','Medical Trends and Technologies(MEDTEK),INC'),(25,'ME014','Auto Sampler','0','20 per kit','Medical Trends and Technologies(MEDTEK),INC'),(26,'ME015','Electroline 100 Reagent Pack','0','20 per kit','Medical Trends and Technologies(MEDTEK),INC'),(27,'ME016','Electroline 100 Ca+ Reagent Pack','0','20 per kit','Medical Trends and Technologies(MEDTEK),INC'),(28,'ME017','Cleaning Solution - Daily/Weekly','0','20 per kit','Medical Trends and Technologies(MEDTEK),INC'),(29,'ME018','QC Solution, QC-3','0','20 per kit','Medical Trends and Technologies(MEDTEK),INC'),(30,'ME019','Ca+ QC Solution','0','20 per kit','Medical Trends and Technologies(MEDTEK),INC'),(31,'ME020','Na+, CI-, pH Electrode Filling Solution','0','20 per kit','Medical Trends and Technologies(MEDTEK),INC'),(32,'ME021','Ca+ Electrode Filling Solution','0','20 per kit','Medical Trends and Technologies(MEDTEK),INC'),(33,'ME022','K+ Electrode Filling Solution','0','20 per kit','Medical Trends and Technologies(MEDTEK),INC'),(34,'ME023','Reference Electrode Filling Solution','0','20 per kit','Medical Trends and Technologies(MEDTEK),INC'),(35,'ME024','Na+ Conditioner','0','20 per kit','Medical Trends and Technologies(MEDTEK),INC'),(37,'ME025','Urine Dilute Solution','0','20 per kit','Medical Trends and Technologies(MEDTEK),INC'),(38,'Ma031','Clover A1C Self Analyzer','0','20 per kit','Man Medical Pharma And Diagnostics, INC'),(39,'Ma032','Clover A1C Self Cartridge','0','20 per kit','Man Medical Pharma And Diagnostics, INC'),(40,'Ma033','Clover A1C Self Monthly Check Cartridge','0','20 per kit','Man Medical Pharma And Diagnostics, INC'),(41,'Ma034','Clover A1C Self Daily Check Cartridge','0','20 per kit','Man Medical Pharma And Diagnostics, INC'),(42,'Ma035','Clover A1C Self Barcode Scanner','0','20 per kit','Man Medical Pharma And Diagnostics, INC'),(43,'Ma036','Clover A1C Self Thermal Printer','0','20 per kit','Man Medical Pharma And Diagnostics, INC'),(44,'Ma037','Clover A1C Self Glucose Module','0','20 per kit','Man Medical Pharma And Diagnostics, INC'),(45,'ME033','Glucolab Autocoding Meter','0','20 per kit','Medical Trends and Technologies(MEDTEK),INC'),(46,'ME034','Glucolab Autocoding Strip','0','20 per kit','Medical Trends and Technologies(MEDTEK),INC'),(47,'ME035','Glucolab Control Solution(Low)','0','20 per kit','Medical Trends and Technologies(MEDTEK),INC'),(48,'ME036','Glucolab Control Solution(Normal)','0','20 per kit','Medical Trends and Technologies(MEDTEK),INC'),(49,'ME037','Glucolab Control Solution(High)','0','20 per kit','Medical Trends and Technologies(MEDTEK),INC'),(50,'ME038','Gluneo Lite Meter','0','20 per kit','Medical Trends and Technologies(MEDTEK),INC'),(51,'ME039','Gluneo Lite Strips','0','20 per kit','Medical Trends and Technologies(MEDTEK),INC'),(52,'ME040','GluNeo Lite Control (Low)','0','20 per kit','Medical Trends and Technologies(MEDTEK),INC'),(53,'ME041','GluNeo Lite Control (Normal)','0','20 per kit','Medical Trends and Technologies(MEDTEK),INC'),(54,'ME042','GluNeo Lite Control (High)','0','20 per kit','Medical Trends and Technologies(MEDTEK),INC'),(55,'ME043','Lipid Pro Meter','0','20 per kit','Medical Trends and Technologies(MEDTEK),INC'),(56,'MA012','RIDAQUICK Verotoxin/0157 Combi','0','20 per kit','Man Medical Pharma And Diagnostics, INC'),(57,'MA013','RIDAQUICK Verotoxin/0157 Combi Strip','0','20 per kit','Man Medical Pharma And Diagnostics, INC'),(58,'ME044','Lipid Pro Single Strip','0','20 per kit','Medical Trends and Technologies(MEDTEK),INC'),(59,'MA014','RIDAQUICK Cryptosporidium Card','0','20 per kit','Man Medical Pharma And Diagnostics, INC'),(60,'ME045','Lipid Pro 3 Hole Strip','0','20 per kit','Medical Trends and Technologies(MEDTEK),INC'),(61,'MA015','RIDAQUICK Cryptosporidium Strip','0','20 per kit','Man Medical Pharma And Diagnostics, INC'),(62,'ME026','Lipid Pro Element Strip','0','50 per box','Medical Trends and Technologies(MEDTEK),INC'),(63,'MA016','RIDAQUICK Cryptosporidium/Giardia Combi Card','0','20 per kit','Man Medical Pharma And Diagnostics, INC'),(64,'MA017','RIDAQUICK Cryptosporidium/Giardia Combi Strip','0','25 per kit','Man Medical Pharma And Diagnostics, INC'),(65,'ME027','Reagent Set','0','D: 10L x 1 L: 1L x 2 C: 0.5L x 1','Medical Trends and Technologies(MEDTEK),INC'),(66,'MA018','RIDAQUICK Entamoeba Card','0','20 per kit','Man Medical Pharma And Diagnostics, INC'),(67,'ME028','Diluent','0','20L per pack','Medical Trends and Technologies(MEDTEK),INC'),(68,'MA019','RIDAQUICK Giardia Card','0','20 per kit','Man Medical Pharma And Diagnostics, INC'),(69,'ME029','Lyse','0','1L per pack','Medical Trends and Technologies(MEDTEK),INC'),(70,'MA020','RIDAQUICK Giardia Strip','0','25 per kit','Man Medical Pharma And Diagnostics, INC'),(71,'ME030','Norma Clean','0','500ml per pack','Medical Trends and Technologies(MEDTEK),INC'),(72,'MA021','RIDAQUICK Malria','0','25 per kit','Man Medical Pharma And Diagnostics, INC'),(73,'MA022','RIDAQUICK Campylobacter Control New','0','1.8mlx1','Man Medical Pharma And Diagnostics, INC'),(74,'ME031','NormaCont5+ L/N/H','0','3ml x 3 per pouch','Medical Trends and Technologies(MEDTEK),INC'),(75,'MA023','RIDAQUICK Clostridium difficile GDH Control New','0','1.8mlx1','Man Medical Pharma And Diagnostics, INC'),(76,'MA024','RIDAQUICK Clostridium difficile Tox A/B Control New','0','1.8mlx1','Man Medical Pharma And Diagnostics, INC'),(77,'ME032','NormaCont5+ KIT K1 L/N/H','0','3ml x 6 per box','Medical Trends and Technologies(MEDTEK),INC'),(78,'MA025','RIDAQUICK Legionella Control New','0','1.8mlx1','Man Medical Pharma And Diagnostics, INC'),(79,'MA026','RIDAQUICK Malaria Positive Control New','0','1.8mlx1','Man Medical Pharma And Diagnostics, INC'),(80,'MA027','RIDAQUICK Norovirus Positive Control New','0','1.8mlx1','Man Medical Pharma And Diagnostics, INC'),(81,'MA028','RIDAQUICK Parasite Combo Control','0','1.8mlx1','Man Medical Pharma And Diagnostics, INC'),(82,'MA029','RIDAQUICK Rotavirus/Adenovirus Combo Control','0','1.8mlx1','Man Medical Pharma And Diagnostics, INC'),(83,'MA030','RIDAQUICK Verotoxin/0157','0','1.8mlx1','Man Medical Pharma And Diagnostics, INC'),(84,'ME046','Chikungunya lgM Test','0','30 per kit','Medical Trends and Technologies(MEDTEK),INC'),(85,'ME100','URIT 3000+','0','1 per box','Medical Trends and Technologies(MEDTEK),INC'),(86,'ME047','Dengue Ag (NS1) Test','0','30 per kit','Medical Trends and Technologies(MEDTEK),INC'),(87,'ME101','Diluent','0','20L per pack','Medical Trends and Technologies(MEDTEK),INC'),(88,'ME102','Detergent','0','20L per pack','Medical Trends and Technologies(MEDTEK),INC'),(89,'ME103','Lyse','0','1L per pack','Medical Trends and Technologies(MEDTEK),INC'),(90,'ME048','Dengue Duo Ag IgG/IgM Test','0','30 per kit','Medical Trends and Technologies(MEDTEK),INC'),(91,'ME104','Shealth','0','5L per pack','Medical Trends and Technologies(MEDTEK),INC'),(92,'ME105','Control,HQ 5Diff L/N/H','0','3mlx3 per pouch','Medical Trends and Technologies(MEDTEK),INC'),(93,'ME049','Dengue IgG/IgM Test','0','30 per kit','Medical Trends and Technologies(MEDTEK),INC'),(94,'ME106','Control,HQ 5Diff Kit L/N/H','0','3ml x 6 per box ','Medical Trends and Technologies(MEDTEK),INC'),(95,'ME050','Dengue IgG/IgM Chikungunya IgM','0','30 per kit','Medical Trends and Technologies(MEDTEK),INC'),(96,'ME051','Filariasis IgG/IgM Test','0','30 per kit','Medical Trends and Technologies(MEDTEK),INC'),(97,'ME052','Leptospirosis IgG/IgM Test','0','30 per kit','Medical Trends and Technologies(MEDTEK),INC'),(98,'ME053','Malaria Pf/Pan Antigen Test','0','30 per kit','Medical Trends and Technologies(MEDTEK),INC'),(99,'ME054','Malaria Pf/Pv Antibody Test','0','30 per kit','Medical Trends and Technologies(MEDTEK),INC'),(100,'ME055','Malaria Pf/Pv Antigen Test','0','30 per kit','Medical Trends and Technologies(MEDTEK),INC'),(101,'ME056','Typhoid IgG/igM Test','0','30 per kit','Medical Trends and Technologies(MEDTEK),INC'),(102,'ME057','Chlamydia Ag Test','0','25 per kit','Medical Trends and Technologies(MEDTEK),INC'),(103,'ME058','HAV IgM Test','0','30 per kit','Medical Trends and Technologies(MEDTEK),INC'),(104,'ME059','HEV IgM Test','0','30 per kit','Medical Trends and Technologies(MEDTEK),INC'),(105,'ME060','Fecal Occult Blood Hi','0','25 per kit','Medical Trends and Technologies(MEDTEK),INC'),(106,'ME061','H. pylori Antigen Test','0','30 per kit','Medical Trends and Technologies(MEDTEK),INC'),(107,'ME062','H. pylori Antibody Test','0','30 per kit','Medical Trends and Technologies(MEDTEK),INC'),(108,'ME063','PSA Semi Quantitative Test','0','30 per kit','Medical Trends and Technologies(MEDTEK),INC'),(109,'ME064','TB IgG/igM Test','0','30 per kit','Medical Trends and Technologies(MEDTEK),INC'),(110,'ME065','Tubex','0','36 per kit','Medical Trends and Technologies(MEDTEK),INC'),(111,'ME066','Assure H. pylori Test','0','20 per kit','Medical Trends and Technologies(MEDTEK),INC'),(112,'ME067','Malaria PAN Whole Blood Card','0','40 per kit','Medical Trends and Technologies(MEDTEK),INC'),(113,'ME068','Gonorrhea Test','0','50 per kit','Medical Trends and Technologies(MEDTEK),INC'),(114,'ME107','URIT 12 Hemoglobin Meter','0','1 per box ','Medical Trends and Technologies(MEDTEK),INC'),(115,'ME069','Streptococcus A Dip Strip','0','25 per kit','Medical Trends and Technologies(MEDTEK),INC'),(116,'ME108','URIT 12 Hemoglobin Strips','0','25 strips x 2 per kit ','Medical Trends and Technologies(MEDTEK),INC'),(117,'ME070','Influenza A/B Dip Strip','0','30 per kit','Medical Trends and Technologies(MEDTEK),INC'),(118,'ME109','URIT 12 Control, HQA L/M/H','0','1ml x 3 per box','Medical Trends and Technologies(MEDTEK),INC'),(119,'ME071','MET/THC','0','20 per kit','Medical Trends and Technologies(MEDTEK),INC'),(120,'ME110','Drew 3 Pack','0','1ml x 360T per pack','Medical Trends and Technologies(MEDTEK),INC'),(121,'ME072','hCG Test','0','40 per kit','Medical Trends and Technologies(MEDTEK),INC'),(122,'ME111','EX-TROL Trilevel L/N/H','0','2.5ml x 3 per box','Medical Trends and Technologies(MEDTEK),INC'),(123,'ME073','HBsAb','0','40 per kit','Medical Trends and Technologies(MEDTEK),INC'),(124,'ME112','ICON3 Machine','0','1 per box','Medical Trends and Technologies(MEDTEK),INC'),(125,'ME074','HBsAg','0','40 per kit','Medical Trends and Technologies(MEDTEK),INC'),(126,'ME113','NORMA Reagent Pack','0','1 per box','Medical Trends and Technologies(MEDTEK),INC'),(127,'ME075','HBsAg','0','50 per kit','Medical Trends and Technologies(MEDTEK),INC'),(128,'ME114','NORMA Reagent Set','0','Box','Medical Trends and Technologies(MEDTEK),INC'),(129,'ME076','HCV Test','0','40 per kit','Medical Trends and Technologies(MEDTEK),INC'),(130,'ME115','NORMA Diluent','0','5L per pack','Medical Trends and Technologies(MEDTEK),INC'),(131,'ME116','NORMA Lyse','0','1L per pack','Medical Trends and Technologies(MEDTEK),INC'),(132,'ME117','NORMA System Solution','0','1L per pack','Medical Trends and Technologies(MEDTEK),INC'),(133,'ME077','HCV Test','0','50 per kit','Medical Trends and Technologies(MEDTEK),INC'),(134,'ME078','HIV Test','0','40 per kit','Medical Trends and Technologies(MEDTEK),INC'),(135,'ME079','HIV Test','0','50 per kit','Medical Trends and Technologies(MEDTEK),INC'),(136,'ME080','Syphilis','0','40 per kit','Medical Trends and Technologies(MEDTEK),INC'),(137,'ME081','Syphilis','0','50 per kit','Medical Trends and Technologies(MEDTEK),INC'),(138,'ME082','Malaria Pf/I Whole Blood','0','40 per kit','Medical Trends and Technologies(MEDTEK),INC'),(139,'ME083','Troponin I','0','40 per kit','Medical Trends and Technologies(MEDTEK),INC'),(140,'ME118','NORMA Clean','0','1L per pack','Medical Trends and Technologies(MEDTEK),INC'),(141,'ME119','NORMA Cont3+ L/N/H','0','2.5mlx3 per pouch','Medical Trends and Technologies(MEDTEK),INC'),(142,'ME120','NORMA Cont3+ KIT K1 L/N/H','0','2.5mlx6 per box','Medical Trends and Technologies(MEDTEK),INC'),(143,'ME121','ICON 5 Machine','0','1 per box','Medical Trends and Technologies(MEDTEK),INC'),(144,'ME122','ERBA XL 180 Fully Automated','0','1 per box','Medical Trends and Technologies(MEDTEK),INC'),(145,'ME123','ERBA XL 200 Fully Automated','0','1 per box','Medical Trends and Technologies(MEDTEK),INC'),(146,'ME124','ERBA Chem 7 Semi Automated','0','1 per box','Medical Trends and Technologies(MEDTEK),INC'),(147,'ME125','Alanine Aminotransferase','0','NA','Medical Trends and Technologies(MEDTEK),INC'),(148,'ME126','Aspertate Aminotransferase','0','NA','Medical Trends and Technologies(MEDTEK),INC'),(149,'ME127','Cholesterol HDL','0','NA','Medical Trends and Technologies(MEDTEK),INC'),(150,'ME128','Cholesterol Total','0','NA','Medical Trends and Technologies(MEDTEK),INC'),(151,'ME129','Creatinine','0','NA','Medical Trends and Technologies(MEDTEK),INC'),(152,'ME130','Glucose','0','NA','Medical Trends and Technologies(MEDTEK),INC'),(153,'ME131','Triglycerides','0','NA','Medical Trends and Technologies(MEDTEK),INC'),(154,'ME132','Urea','0','NA','Medical Trends and Technologies(MEDTEK),INC'),(155,'ME133','Uric Acid','0','NA','Medical Trends and Technologies(MEDTEK),INC'),(156,'ME134','Rotor','0','NA','Medical Trends and Technologies(MEDTEK),INC'),(157,'ME135','Erba Norm','0','NA','Medical Trends and Technologies(MEDTEK),INC'),(158,'ME136','Erba Path','0','NA','Medical Trends and Technologies(MEDTEK),INC'),(159,'T001','Diff Quick Cell Stain','0','3 x 500 ml/kit','TRULAB'),(160,'T002','Wright-Giemsa Stain','0','4 x 250 ml/kit','TRULAB'),(161,'T003','Reticulocyte','0','6 x 20 ml/kit','TRULAB'),(162,'T004','Harris Hematoxylin Stain','0','1L','TRULAB'),(163,'T005','Eosin Stain(Alcoholic)','0','1L','TRULAB'),(164,'T006','Sudan Black Stain','0','2 x 20ml','TRULAB'),(165,'T007','Cotton Blue Stain','0','4 x 10ml/kit','TRULAB'),(166,'T008','Rapid Gram Stain','0','4 x 250ml/kit','TRULAB'),(167,'T009','TB Stain Cold (Kinyoun)','0','4 x 250ml/kit','TRULAB'),(168,'T010','TB Stain Hot (Ziehl - Neelsen)','0','4 x 250ml/kit','TRULAB'),(169,'T011','Papanicolau Stain Kit (Hematoxylin, EA-50, OG-6)','0','3 x 250 ml/kit','TRULAB'),(170,'T012','Papanicolau Stain (EA-50)','0','1L','TRULAB'),(171,'T013','Papanicolau Stain (EA-50)','0','500 ml','TRULAB'),(172,'T014','Papanicolau Stain (OG-6)','0','1L','TRULAB'),(173,'T015','Immersion Oil 4 x 20 ml','0','set','TRULAB'),(174,'T016','Immersion Oil 30 ml','0','bottle','TRULAB'),(175,'T017','Immersion Oil 500 ml','0','bottle','TRULAB'),(176,'T018','Harris Hematoxylin Stain','0','1 L','TRULAB'),(177,'T019','Eosin Stain (Alcoholic)','0','1 L','TRULAB'),(178,'T020','MOUNTING MEDIUM, EUKITT, GERMANY 500 ml','0','bottle','TRULAB'),(179,'T021','MOUNTING MEDIUM, EUKITT, GERMANY 1000 ml','0','bottle','TRULAB'),(180,'T022','HAV','0','25 test/kit','TRULAB'),(181,'T023','HBsAg, Rapid Card','0','25 test/kit','TRULAB'),(182,'T024','HBsAg, Strips','0','100 test/kit','TRULAB'),(183,'T025','Anti-HBs','0','25 test/kit','TRULAB'),(184,'T026','HCV','0','25 test/kit','TRULAB'),(185,'T027','H. Pylori Ab','0','25 test/kit','TRULAB'),(186,'T028','H. Pylori Ag','0','25 test/kit','TRULAB'),(187,'T029','HIV1/2','0','25 test/kit','TRULAB'),(188,'T030','Malaria P.f/PAN','0','25 test/kit','TRULAB'),(189,'T031','Malaria Ab P.f/P.v','0','25 test/kit','TRULAB'),(190,'T032','Typhoid','0','25 test/kit','TRULAB'),(191,'T033','Syphilis','0','40 test/kit','TRULAB'),(192,'T034','AFP','0','25 test/kit','TRULAB'),(193,'T035','CEA','0','25 test/kit','TRULAB'),(194,'T036','PSA','0','25 test/kit','TRULAB'),(195,'T037','Fecal Occult Blood Test, Immunologic Testing','0','40 test/kit','TRULAB'),(196,'T038','Fecal Occult Blood Test, Semi Quantitative Method - BASO','0','200 tests','TRULAB'),(197,'T039','HCG Pregnancy Test, Urine and Blood','0','25 tests/kit','TRULAB'),(198,'T040','Troponin I','0','25 tests/kit','TRULAB'),(199,'T041','Cardiac 3 in 1','0','25 tests/kit','TRULAB'),(200,'T042','Dengue IgG/IgM','0','25 tests/box','TRULAB'),(201,'T043','Dengue NS1','0','25 tests/box','TRULAB'),(202,'T044','Dengue NS1 Ag + Ab Combo','0','25 tests/box','TRULAB'),(203,'T045','Fecal Ova/Parasite Concentration Kit','0','50 tests/kit','TRULAB'),(204,'T046','Immunochemical Fecal Occult Blood Test','0','25 tests/kit','TRULAB'),(205,'T047','MET-THC Combo, Tri Line','0','25 tests/kit','TRULAB'),(206,'T048','AMP (Amphetamine)','0','25 tests/kit','TRULAB'),(207,'T049','BAR (Barbiturates)','0','25 tests/kit','TRULAB'),(208,'T050','BZO (Benzodiazepines)','0','25 tests/kit','TRULAB'),(209,'T051','COC (Cocaine)','0','25 tests/kit','TRULAB'),(210,'T052','MET (Methamphetamine)','0','25 tests/kit','TRULAB'),(211,'T053','MOP(Morphine)','0','25 tests/kit','TRULAB'),(212,'T054','OPI (Opioid)','0','25 tests/kit','TRULAB'),(213,'T055','PCP (Phencyclidine)','0','25 tests/kit','TRULAB'),(214,'T056','THC (Marijuana)','0','25 tests/kit','TRULAB'),(215,'T057','WBC Diluting Fluid','0','500 ml/bottle','TRULAB'),(216,'T058','Normal Saline Solution, 0.90%','0','500 ml/bottle','TRULAB'),(217,'T059','Ethanol, 95%','0','500 ml/bottle','TRULAB'),(218,'T060','Ethanol, 95%','0','1000 ml/bottle','TRULAB'),(219,'T061','Xylene','0','500 ml/bottle','TRULAB'),(220,'T062','Xylene','0','1000 ml/bottle','TRULAB'),(221,'T063','Methanol','0','500 ml/bottle','TRULAB'),(222,'T064','URINE STRIPS, INSIGHT BY ACON USA 4 Parameters','0','bottle','TRULAB'),(223,'T065','URINE STRIPS, INSIGHT BY ACON USA 4 Parameters, Xpert','0','bottle','TRULAB'),(224,'T066','URINE STRIPS, INSIGHT BY ACON USA 10 Parameters','0','bottle','TRULAB'),(225,'T067','URINE STRIPS, INSIGHT BY ACON USA 10 Parameters, Xpert','0','bottle','TRULAB'),(226,'T068','URINE STRIPS, INSIGHT BY ACON USA 11 Parameters','0','bottle','TRULAB'),(227,'T069','Microalbumin Strips (CRE/ALB)','0','bottle','TRULAB'),(228,'T070','Urine Analyzer, Manual, U120 Ultra','0','unit','TRULAB'),(229,'T071','Urine Analyzer, Semi Automatic, U500','0','unit','TRULAB'),(230,'T072','Calibration Strips','0','tube','TRULAB'),(231,'T073','Liquid Urine Control, Levels 1 and 2','0','L1: 3x10ml, L2:3x10ml','TRULAB'),(232,'T074','Hemoglobin Testing System, Brand: Mission','0','kit','TRULAB'),(233,'T075','Hemoglobin Testing Strip, Brand: Mission','0','50 strips/box','TRULAB'),(234,'T076','Saliva Alcohol Test Strips','0','25 strips/box','TRULAB'),(235,'T077','Anti A & B','0','10 ml/bottle','TRULAB'),(236,'T078','Anti-D IgM/IgG Blended','0','10 ml/bottle','TRULAB'),(237,'T079','Anti-Human Globulin (AHG)','0','10 ml/bottle','TRULAB'),(238,'T080','Bovine Serum Albumin, (BSA), 22%','0','10 ml/bottle','TRULAB'),(239,'T081','LISS','0','10 ml/bottle','TRULAB'),(240,'T082','ASO Latex Kit','0','100 tests/kit','TRULAB'),(241,'T083','CRP Latex Kit','0','100 tests/kit','TRULAB'),(242,'T084','RPR (Complete)','0','100 tests/kit','TRULAB'),(243,'T085','RPR (Complete)','0','500 tests/kit','TRULAB'),(244,'T086','Salmonella Febrile Antigen Kit','0','100 tests/kit','TRULAB'),(245,'T087','TPHA Test Kit','0','100 tests/kit','TRULAB'),(246,'T088','TPHA Test Kit','0','200 tests/kit','TRULAB'),(247,'T089','50 grams, Orange','0','200 ml/bottle','TRULAB'),(248,'T090','75 grams, Orange','0','200 ml/bottle','TRULAB'),(249,'T091','100 grams, Orange','0','200 ml/bottle','TRULAB'),(250,'T092','50 grams, Orange and Cola','0','200 ml/bottle','TRULAB'),(251,'T093','75 grams, Orange and Cola','0','200 ml/bottle','TRULAB'),(252,'T094','100 grams, Orange and Cola','0','200 ml/bottle','TRULAB'),(253,'T095','Educational Microscope','0','unit','TRULAB'),(254,'T096','Laboratory Microscope','0','unit','TRULAB'),(255,'T097','Advanced Clinical Microscope','0','unit','TRULAB'),(256,'T098','CLINICAL CENTRIFUGE SYSTEM, DLAB, DIGITAL 12 Placer','0','unit','TRULAB'),(257,'T099','CLINICAL CENTRIFUGE SYSTEM, DLAB, DIGITAL 24 Placer Heavy Duty, Multipurpose','0','unit','TRULAB'),(258,'T100','Hematocrit, 24 Placer','0','unit','TRULAB'),(259,'T101','CLINICAL CENTRIFUGE SYSTEM, DIGISYSTEM, ANALOG 6 Placer','0','unit','TRULAB'),(260,'T102','CLINICAL CENTRIFUGE SYSTEM, DIGISYSTEM, ANALOG 8 Placer','0','unit','TRULAB'),(261,'T103','CLINICAL CENTRIFUGE SYSTEM, DIGISYSTEM, ANALOG 12 Placer','0','unit','TRULAB'),(262,'T104','CLINICAL CENTRIFUGE SYSTEM, DIGISYSTEM, ANALOG 24 Placer','0','unit','TRULAB'),(263,'T105','Hematocrit, 24 Placer','0','unit','TRULAB'),(264,'T106','Hematocrit Percentage Reader','0','unit','TRULAB'),(265,'T107','PIPETTE SHAKER, DIGISYSTEM Analog','0','unit','TRULAB'),(266,'T108','ROTATOR, DIGISYSTEM Analog','0','unit','TRULAB'),(267,'T109','ROTATOR, DIGISYSTEM Digital','0','unit','TRULAB'),(268,'T110','VORTEX, DIGISYSTEM Analog','0','unit','TRULAB'),(269,'T111','Plain, Cut Edges, 90°','0','72 pcs/box','TRULAB'),(270,'T112','Plain, Ground Edges, 45°','0','72 pcs/box','TRULAB'),(271,'T113','Frosted, Cut Edges, 90°','0','72 pcs/box','TRULAB'),(272,'T114','Frosted, Ground Edges, 45°','0','72 pcs/box','TRULAB'),(273,'T115','Colored Frosted, Green, 45°','0','50 pcs/box','TRULAB'),(274,'T116','Colored Frosted, Blue, 45°','0','50 pcs/box','TRULAB'),(275,'T117','Colored Frosted, Orange, 45°','0','50 pcs/box','TRULAB'),(276,'T118','Colored Frosted, Pink, 45°','0','50 pcs/box','TRULAB'),(277,'T119','Colored Frosted, Purple, 45°','0','50 pcs/box','TRULAB'),(278,'T120','Colored Frosted, Yellow, 45°','0','50 pcs/box','TRULAB'),(279,'T121','Colored Frosted, White, 45°','0','50 pcs/box','TRULAB'),(280,'T122','Adhesive Slides, Blue, 45°','0','72 pcs/box','TRULAB'),(281,'T123','Concave, Double','0','72 pcs/box','TRULAB'),(282,'T124','COVER GLASSES, TRULAB 22 x 22, China','0','200 pcs/box','TRULAB'),(283,'T125','COVER GLASSES, TRULAB 22 x 22, Germany','0','200 pcs/box','TRULAB'),(284,'T126','COVER GLASSES, TRULAB 22 x 40,','0','100 pcs/box','TRULAB'),(285,'T127','COVER GLASSES, TRULAB 24 x 24,','0','200 pcs/box','TRULAB'),(286,'T128','COVER GLASSES, TRULAB 24 x 40,','0','100 pcs/box','TRULAB'),(287,'T129','COVER GLASSES, TRULAB 24 x 50,','0','100 pcs/box','TRULAB'),(288,'T130','COVER GLASSES, TRULAB 24 x 56,','0','100 pcs/box','TRULAB'),(289,'T131','COVER GLASSES, TRULAB 24 x 60,','0','100 pcs/box','TRULAB'),(290,'T132','Blood Cell Counter, 8 Keys, Analog','0','unit','TRULAB'),(291,'T133','Blood Cell Counter, 8 Keys, Digital','0','unit','TRULAB'),(292,'T134','Improved Neubauer, China','0','pc','TRULAB'),(293,'T135','Improved Neubauer, Germany','0','pc','TRULAB'),(294,'T136','Cover Glass, 24 x 24 mm, 0.4 mm Thick, China','0','pc','TRULAB'),(295,'T137','Cover Glass, 20 x 26 mm, 0.4 mm Thick, Germany','0','pc','TRULAB'),(296,'T138','Tally Counter, Taiwan','0','pc','TRULAB'),(297,'T139','TEST TUBES, TRULAB 3 ml, Borosilicate Glass 3.3','0','pc','TRULAB'),(298,'T140','TEST TUBES, TRULAB 5 ml','0','pc','TRULAB'),(299,'T141','TEST TUBES, TRULAB 7 ml','0','pc','TRULAB'),(300,'T142','TEST TUBES, TRULAB 10 ml','0','pc','TRULAB'),(301,'T143','TEST TUBES, TRULAB 5 ml, Polystyrene, Round Bottom','0','pc','TRULAB'),(302,'T144','TEST TUBES, TRULAB 5 ml, Polystyrene, Conical Bottom','0','pc','TRULAB'),(303,'T145','TEST TUBES, TRULAB 5ml, Polypropylene, Round Bottom','0','pc','TRULAB'),(304,'T146','TEST TUBES, TRULAB 7 ml, Polystyrene, Round Bottom','0','pc','TRULAB'),(305,'T147','TEST TUBES, TRULAB 10 ml, Polystyrene, Round Bottom','0','pc','TRULAB'),(306,'T148','TEST TUBES, TRULAB 10 ml, Polystyrene, Conical Bottom','0','pc','TRULAB'),(307,'T149','TEST TUBES, TRULAB 15 ml, Polystyrene, with Rim, Conical Bottom','0','pc','TRULAB'),(308,'T150','TEST TUBE CAPS, TRULAB for 5 ml Tubes','0','pc','TRULAB'),(309,'T151','TEST TUBE CAPS, TRULAB for 10 ml Tubes','0','pc','TRULAB'),(310,'T152','CULTURE TUBES, with BLACK SCREW CAP, TRULAB 10 ml','0','pc','TRULAB'),(311,'T153','CULTURE TUBES, with BLACK SCREW CAP, TRULAB 15 ml','0','pc','TRULAB'),(312,'T154','CULTURE TUBES, with BLACK SCREW CAP, TRULAB 30 ml','0','pc','TRULAB'),(313,'T155','STERILE CULTURE TUBES, PS, SNAP CAP, TRULAB 5 ml','0','pc','TRULAB'),(314,'T156','STERILE CULTURE TUBES, PS, SNAP CAP, TRULAB 14 ml','0','pc','TRULAB'),(315,'T157','CENTRIFUGE TUBES, BLUE and RED SCREW CAP, TRULAB 10 ml','0','pc','TRULAB'),(316,'T158','CENTRIFUGE TUBES, BLUE and RED SCREW CAP, TRULAB 15 ml','0','pc','TRULAB'),(317,'T159','CENTRIFUGE TUBES, BLUE and RED SCREW CAP, TRULAB 15 ml, Sterile','0','pc','TRULAB'),(318,'T160','CENTRIFUGE TUBES, BLUE and RED SCREW CAP, TRULAB 50 ml, Self Standing and Conical Bottom, Sterile','0','pc','TRULAB'),(319,'T161','MICROCENTRIFUGE TUBES, SNAP CAP, TRULAB 0.5 ml','0','1000 pcs/bag','TRULAB'),(320,'T162','MICROCENTRIFUGE TUBES, SNAP CAP, TRULAB 1.5 ml','0','500 pcs/bag','TRULAB'),(321,'T163','MICROCENTRIFUGE TUBES, SNAP CAP, TRULAB 2 ml','0','500 pcs/bag','TRULAB'),(322,'T164','MICROCENTRIFUGE TUBES, BLUE SCREW CAP, TRULAB 1.5 ml','0','500 pcs/bag','TRULAB'),(323,'T165','CRYOGENIC TUBES, TRULAB 1 ml (White, Round Bottom, Rnase/Dnase/Pyrogen Free)','0','50 pcs/bag','TRULAB'),(324,'T166','CRYOGENIC TUBES, TRULAB 1.8 ml (Orange, Blue)','0','pcs','TRULAB'),(325,'T167','CRYOGENIC TUBES, TRULAB 2 ml (White and Yellow, Round Bottom, Rnase/Dnase/Pyrogen Free)','0','50 pcs/bag','TRULAB'),(326,'T168','CRYOGENIC TUBES, TRULAB  5 ml (Orange, Blue)','0','pc','TRULAB'),(327,'T169','PIPETTORS, MICROPETTE, DLAB Adjustable: 0.1 - 2.5 microliter','0','unit','TRULAB'),(328,'T170','PIPETTORS, MICROPETTE, DLAB Adjustable: 0.5 - 10 microliter','0','unit','TRULAB'),(329,'T171','PIPETTORS, MICROPETTE, DLAB Adjustable: 2 - 20 microliter','0','unit','TRULAB'),(330,'T172','PIPETTORS, MICROPETTE, DLAB Adjustable: 5 - 50 microliter','0','unit','TRULAB'),(331,'T173','PIPETTORS, MICROPETTE, DLAB Adjustable: 20 - 200 microliter','0','unit','TRULAB'),(332,'T174','PIPETTORS, MICROPETTE, DLAB Adjustable: 50 - 200 microliter','0','unit','TRULAB'),(333,'T175','PIPETTORS, MICROPETTE, DLAB Adjustable: 10 - 100 microliter','0','unit','TRULAB'),(334,'T176','PIPETTORS, MICROPETTE, DLAB Adjustable: 10 - 100 microliter, Autoclavable','0','unit','TRULAB'),(335,'T177','PIPETTORS, MICROPETTE, DLAB Adjustable: 100 - 1000 microliter','0','unit','TRULAB'),(336,'T178','PIPETTORS, MICROPETTE, DLAB Adjustable: 100 - 1000 microliter, Autoclavable','0','unit','TRULAB'),(337,'T179','PIPETTORS, MICROPETTE, DLAB Adjustable: 1000 - 5000 microliter','0','unit','TRULAB'),(338,'T180','PIPETTORS, MICROPETTE, DLAB Fixed: 5 microliter','0','unit','TRULAB'),(339,'T181','PIPETTORS, MICROPETTE, DLAB Fixed: 10 microliter','0','unit','TRULAB'),(340,'T182','PIPETTORS, MICROPETTE, DLAB Fixed: 20 microliter','0','unit','TRULAB'),(341,'T183','PIPETTORS, MICROPETTE, DLAB Fixed: 50 microliter','0','unit','TRULAB'),(342,'T184','PIPETTORS, MICROPETTE, DLAB Fixed: 100 microliter','0','unit','TRULAB'),(343,'T185','PIPETTORS, MICROPETTE, DLAB Fixed: 500 microliter','0','unit','TRULAB'),(344,'T186','PIPETTORS, MICROPETTE, DLAB Fixed: 1000 microliter','0','unit','TRULAB'),(345,'T187','PIPETTORS, MICROPETTE, DLAB Pipettor Stand, Linear','0','unit','TRULAB'),(346,'T188','PIPETTORS, MICROPETTE, DLAB Pipettor Stand, Round','0','unit','TRULAB'),(347,'T189','Yellow Tips, with Crown','0','1000 pcs/bag','TRULAB'),(348,'T190','Yellow Tips, with Crown, with Graduation - TRULAB PREMIUM','0','1000 pcs/bag','TRULAB'),(349,'T191','Yellow Tips, without Crown','0','1000 pcs/bag','TRULAB'),(350,'T192','Yellow Tips, with Crown, with Graduation','0','1000 pcs/bag','TRULAB'),(351,'T193','Blue Tips, with Crown','0','500 pcs/bag','TRULAB'),(352,'T194','Blue Tips, with Crown, with Graduation - TRULAB PREMIUM','0','500 pcs/bag','TRULAB'),(353,'T195','Blue Tips, without Crown','0','500 pcs/bag','TRULAB'),(354,'T196','White Tips, with Crown, 10 microliter','0','1000 pcs/bag','TRULAB'),(355,'T197','White Tips, with Crown, 5000 microliter','0','100 pcs/bag','TRULAB'),(356,'T198','White Tips, without Crown, DLab Compatible, 5000 microliter','0','100 pcs/bag','TRULAB'),(357,'T199','White Tips, 10 microliter','0','96 pcs/rack','TRULAB'),(358,'T200','Yellow Tips, 200 microliter','0','96 pcs/rack','TRULAB'),(359,'T201','Blue Tips, 1000 microliter','0','96 pcs/rack','TRULAB'),(360,'T202','For White Tips, 10 microliter','0','pc','TRULAB'),(361,'T203','For Yellow Tips, 200 microliter','0','pc','TRULAB'),(362,'T204','For Blue Tips, 1000 microliter','0','pc','TRULAB'),(363,'T205','90 Placer, for 12 - 13mm Diameter Tubes (Blue, White, Yellow, Red)','0','pc','TRULAB'),(364,'T206','60 Placer, for 15 - 17mm Diameter Tubes','0','pc','TRULAB'),(365,'T207','40 Placer, for 20 - 21mm Diameter Tubes','0','pc','TRULAB'),(366,'T208','50 Placer, for 12 - 13mm Diameter Tubes, Stainless, Z Shape','0','pc','TRULAB'),(367,'T209','50 Placer, for 15 - 17mm Diameter Tubes, Stainless, Z Shape','0','pc','TRULAB'),(368,'T210','TEST TUBE RACKS 36 Placer, for 12 - 13mm Diameter Tubes','0','pc','TRULAB'),(369,'T211','TEST TUBE RACKS 36 Placer, for 15 - 17mm Diameter Tubes','0','pc','TRULAB'),(370,'T212','TEST TUBE RACKS 9 Placer, for 29-30mm Diameter Tubes','0','pc','TRULAB'),(371,'T213','TEST TUBE RACKS Specimen Seal-Up Racks, 13x75mm','0','pc','TRULAB'),(372,'T214','TEST TUBE RACKS Specimen Seal-Up Racks, 13x100mm','0','pc','TRULAB'),(373,'T215','URINE AND STOOL CONTAINER RACK 24 Placer, Stainless Steel','0','pc','TRULAB'),(374,'T216','CRYOGENIC FREEZING BOX 96 Placer','0','pc','TRULAB'),(375,'T217','CRYOGENIC FREEZING BOX 100 Placer','0','pc','TRULAB'),(376,'T218','DISPOSABLE TRANSFER PIPETTE Transfer Pipette, 1 ml','0','500 pcs/box','TRULAB'),(377,'T219','DISPOSABLE TRANSFER PIPETTE Transfer Pipette, 3 ml','0','500 pcs/box','TRULAB'),(378,'T220','DISPOSABLE TRANSFER PIPETTE Transfer Pipette, Sterile, 3 ml','0','100 pcs/box','TRULAB'),(379,'T221','Sputum, Flip Top, 20 ml','0','pc','TRULAB'),(380,'T222','Sputum, Screw Cap, 20 ml','0','pc','TRULAB'),(381,'T223','Sputum, Screw Cap, Sterile, 20 ml','0','pc','TRULAB'),(382,'T224','Urine, 30 ml','0','pc','TRULAB'),(383,'T225','Urine, 50 ml, Sterile (White)','0','pc','TRULAB'),(384,'T226','Urine, 60 ml, Sterile (Red, Blue, White, and Yellow)','0','pc','TRULAB'),(385,'T227','Urine, 60 ml, Non Sterile','0','pc','TRULAB'),(386,'T228','Urine, 60 ml (Black)','0','pc','TRULAB'),(387,'T229','Urine, Drug Testing Bottle, 60ml, non Sterile','0','pc','TRULAB'),(388,'T230','Urine, 150 ml (Red and White)','0','pc','TRULAB'),(389,'T231','Stool, 25 ml','0','pc','TRULAB'),(390,'T232','Stool, 30 ml','0','pc','TRULAB'),(391,'T233','Stool, 60 ml, Sterile (Red and Blue)','0','pc','TRULAB'),(392,'T234','PETRI DISHES, STERILE 60 mm, 1 Room','0','10 pairs/pack','TRULAB'),(393,'T235','PETRI DISHES, STERILE 90 mm, 1 Room, 90mm x 15mm','0','20 pairs/pack','TRULAB'),(394,'T236','PETRI DISHES, STERILE 90 mm, 1 Room, 90mm x 14mm - TRULAB PREMIUM','0','20 pairs/pack','TRULAB'),(395,'T237','PETRI DISHES, STERILE 90 mm, 2 Rooms','0','20 pairs/pack','TRULAB'),(396,'T238','PETRI DISHES, STERILE 90 mm, 3 Rooms','0','10 pairs/pack','TRULAB'),(397,'T239','PETRI DISHES, STERILE 150 mm, 1 Room','0','10 pairs/pack','TRULAB'),(398,'T240','INOCULATION LOOPS 1 microleter + Needle, Neutral','0','100 pcs/box','TRULAB'),(399,'T241','INOCULATION LOOPS 10 micoleter + Needle, Blue','0','100 pcs/box','TRULAB'),(400,'T242','INOCULATION LOOPS 1 microleter + 10 microleter, Yellow','0','100 pcs/box','TRULAB'),(401,'T243','Inoculation Loop Holder with PVC Handle','0','pc','TRULAB'),(402,'T244','Nichrome Wire Loop','0','pc','TRULAB'),(403,'T245','Nichrome Wire Needle','0','pc','TRULAB'),(404,'T246','Nichrome Wire Loop with Glass Handle','0','pc','TRULAB'),(405,'T247','BLOOD COLLECTION TUBES Purple, 2ml, Glass','0','100 pcs/box','TRULAB'),(406,'T248','BLOOD COLLECTION TUBES Purple, 2ml, Plastic','0','100 pcs/box','TRULAB'),(407,'T249','BLOOD COLLECTION TUBES Purple, 3ml, Glass','0','100 pcs/box','TRULAB'),(408,'T250','BLOOD COLLECTION TUBES Purple, 3ml, Plastic','0','100 pcs/box','TRULAB'),(409,'T251','BLOOD COLLECTION TUBES Purple, 4ml, Glass','0','100 pcs/box','TRULAB'),(410,'T252','BLOOD COLLECTION TUBES Purple, 4ml, Plastic','0','100 pcs/box','TRULAB'),(411,'T253','BLOOD COLLECTION TUBES Purple, 5ml, Glass','0','100 pcs/box','TRULAB'),(412,'T254','BLOOD COLLECTION TUBES Purple, 5ml, Plastic','0','100 pcs/box','TRULAB'),(413,'T255','BLOOD COLLECTION TUBES Red, 3ml, Glass','0','100 pcs/box','TRULAB'),(414,'T256','BLOOD COLLECTION TUBES Red, with Procoagulation, 3ml, Glass','0','100 pcs/box','TRULAB'),(415,'T257','BLOOD COLLECTION TUBES Red, 3ml, Plastic','0','100 pcs/box','TRULAB'),(416,'T258','BLOOD COLLECTION TUBES Red, 4ml, Glass','0','100 pcs/box','TRULAB'),(417,'T259','BLOOD COLLECTION TUBES Red, 4ml, Plastic','0','100 pcs/box','TRULAB'),(418,'T260','BLOOD COLLECTION TUBES Red, 5ml, Glass','0','100 pcs/box','TRULAB'),(419,'T261','BLOOD COLLECTION TUBES Red, with Procoagulation, 5ml, Glass','0','100 pcs/box','TRULAB'),(420,'T262','BLOOD COLLECTION TUBES Red, 5ml, Plastic','0','100 pcs/box','TRULAB'),(421,'T263','BLOOD COLLECTION TUBES Red, 10ml, Glass','0','50 pcs/box','TRULAB'),(422,'T264','BLOOD COLLECTION TUBES Blue, 1.8ml, Glass','0','100 pcs/box','TRULAB'),(423,'T265','BLOOD COLLECTION TUBES Blue, 1.8ml, Plastic','0','100 pcs/box','TRULAB'),(424,'T266','BLOOD COLLECTION TUBES Blue, 2.7ml, Glass','0','100 pcs/box','TRULAB'),(425,'T267','BLOOD COLLECTION TUBES Blue, 10ml, Glass','0','50 pcs/box','TRULAB'),(426,'T268','BLOOD COLLECTION TUBES Green, 3ml, Glass','0','100 pcs/box','TRULAB'),(428,'T269','BLOOD COLLECTION TUBES Green, 4ml, Glass','0','100 pcs/box','TRULAB'),(429,'T270','BLOOD COLLECTION TUBES Green, 4ml, Plastic','0','100 pcs/box','TRULAB'),(430,'T271','BLOOD COLLECTION TUBES Black, 2.4ml, Glass','0','100 pcs/box','TRULAB'),(431,'T272','BLOOD COLLECTION TUBES Black, 3ml, Glass','0','100 pcs/box','TRULAB'),(432,'T273','BLOOD COLLECTION TUBES Yellow, 4ml, Glass','0','100 pcs/box','TRULAB'),(433,'T274','BLOOD COLLECTION TUBES Yellow, 4ml, Plastic','0','100 pcs/box','TRULAB'),(434,'T275','BLOOD COLLECTION TUBES Yellow, 5ml, Glass','0','100 pcs/box','TRULAB'),(435,'T276','BLOOD COLLECTION TUBES Yellow, 5ml, Plastic','0','100 pcs/box','TRULAB'),(436,'T277','BLOOD COLLECTION TUBES Yellow, 5ml, Glass','0','100 pcs/box','TRULAB'),(437,'T278','MINI BLOOD COLLECTION TUBES Green, 0.5 ml (PP Cap)','0','50 pcs/box','TRULAB'),(438,'T279','MINI BLOOD COLLECTION TUBES Purple, 0.5 ml (Rubber and PP Cap)','0','50 pcs/box','TRULAB'),(439,'T280','MINI BLOOD COLLECTION TUBES Red, 0.5 ml (Rubber and PP Cap)','0','50 pcs/box','TRULAB'),(440,'T281','MINI BLOOD COLLECTION TUBES Yellow, Clear Tube, 0.5 ml (Rubber and PP Cap)','0','50 pcs/box','TRULAB'),(441,'T282','MINI BLOOD COLLECTION TUBES Yellow, Amber Tube, 0.5 ml (PP Cap)','0','50 pcs/box','TRULAB'),(442,'T283','Micro Hematocrit Tubes, Sodium Heparinised','0','100 tubes/vial','TRULAB'),(443,'T284','Micro Hematocrit Tubes, Plain','0','100 tubes/vial','TRULAB'),(444,'T285','Sealing Wax','0','plate','TRULAB'),(445,'T286','Flashback Needles, Gauge 21','0','100 pcs/box','TRULAB'),(446,'T287','Flashback Needles, Gauge 22','0','100 pcs/box','TRULAB'),(447,'T288','Multisample Needles, Gauge 21','0','100 pcs/box','TRULAB'),(448,'T289','Multisample Needles, Gauge 22','0','100 pcs/box','TRULAB'),(449,'T290','Multisample Needles, Gauge 23','0','100 pcs/box','TRULAB'),(450,'T291','Safety Blood Collection Set, Gauge 21','0','100 pcs/box','TRULAB'),(451,'T292','Safety Blood Collection Set, Gauge 23','0','100 pcs/box','TRULAB'),(452,'T293','Safety Blood Collection Set, Gauge 25','0','100 pcs/box','TRULAB'),(453,'T294','Blood Lancets, Twist Type','0','100 pcs/box','TRULAB'),(454,'T295','Blood Lancets, Flat Steel','0','200 pcs/box','TRULAB'),(455,'T296','Safety Blood Lancet, Gauge 21','0','100 pcs/box','TRULAB'),(456,'T297','Adjustable Tourniquet (Light Blue, Plum, Red, Green, Dark Blue)','0','pc','TRULAB'),(457,'T298','Needle Adaptor','0','pc','TRULAB'),(458,'T299','Lancing Device','0','pc','TRULAB'),(459,'T300','ESR Stand','0','unit','TRULAB'),(460,'T301','Warding Tray','0','unit','TRULAB'),(461,'T302','SHARPS CONTAINERS 0.7 L Capacity','0','unit','TRULAB'),(462,'T303','SHARPS CONTAINERS 1 L Capacity','0','unit','TRULAB'),(463,'T304','SHARPS CONTAINERS 5 L Capacity','0','unit','TRULAB'),(464,'T305','SHARPS CONTAINERS 5 L Capacity (Paper Sharps Box)','0','unit','TRULAB'),(465,'T306','SHARPS CONTAINERS 15 L Capacity','0','unit','TRULAB'),(466,'T307','SHARPS CONTAINERS 23 L Capacity','0','unit','TRULAB'),(467,'T308','SHARPS CONTAINERS Laboratory Waste Can, 30L Capacity','0','unit','TRULAB'),(468,'T309','SHARPS CONTAINERS Needle Destroyer, with Cutter, Round','0','unit','TRULAB'),(469,'T310','WBC Pipette, China','0','pc','TRULAB'),(470,'T311','WBC Pipette, Germany','0','pc','TRULAB'),(471,'T312','RBC Pipette, China','0','pc','TRULAB'),(472,'T313','RBC Pipette, Germany','0','pc','TRULAB'),(473,'T314','Sahli Pipette, China','0','pc','TRULAB'),(474,'T315','Sahli Pipette, Germany','0','pc','TRULAB'),(475,'T316','ESR Pipette, Westergren, China','0','pc','TRULAB'),(476,'T317','ESR Pipette, Winthrobe, Germany','0','pc','TRULAB'),(477,'T318','Embedding Ring (Yellow, Blue, Green, Pink, White)','0','pc','TRULAB'),(478,'T319','Tissue Casette (Yellow, Blue, Green, Pink, White, Purple, Aqua)','0','pc','TRULAB'),(479,'T320','HISTOLOGY BASE MOLDS 7 x 7 x 7 mm','0','pc','TRULAB'),(480,'T321','HISTOLOGY BASE MOLDS 15 x 15 x 7 mm','0','pc','TRULAB'),(481,'T322','HISTOLOGY BASE MOLDS 24 x 24 x 7 mm','0','pc','TRULAB'),(482,'T323','HISTOLOGY BASE MOLDS 37 x 24 x 7 mm','0','pc','TRULAB'),(483,'T324','HISTOLOGY CONTAINERS 380ml, Clear and White','0','pc','TRULAB'),(484,'T325','HISTOLOGY CONTAINERS 500ml, Clear and White','0','pc','TRULAB'),(485,'T326','HISTOLOGY CONTAINERS 1 L, Clear and White','0','pc','TRULAB'),(486,'T327','HISTOLOGY CONTAINERS 2 L, Clear and White','0','pc','TRULAB'),(487,'T328','HISTOLOGY CONTAINERS 2.5 L, White','0','pc','TRULAB'),(488,'T329','HISTOLOGY CONTAINERS 3 L, White','0','pc','TRULAB'),(489,'T330','HISTOLOGY CONTAINERS 4 L, Clear','0','pc','TRULAB'),(490,'T331','HISTOLOGY CONTAINERS 5 L, Clear and White','0','pc','TRULAB'),(491,'T332','HISTOLOGY CONTAINERS 8 L, White, Square','0','pc','TRULAB'),(492,'T333','Coplin Jar, Glass','0','pc','TRULAB'),(493,'T334','Coplin Jar, Polypropylene','0','pc','TRULAB'),(494,'T335','Staining Jar, for 20 Slide Rack','0','pc','TRULAB'),(495,'T336','Staining Jar, for 30 Slide Rack','0','pc','TRULAB'),(496,'T337','Staining Rack, Stainless Steel, Holds 20 Slides, China','0','pc','TRULAB'),(497,'T338','Staining Rack, PP, Holds 20 Slides, Italy','0','pc','TRULAB'),(498,'T339','Staining Rack, Holds 30 Slides','0','pc','TRULAB'),(499,'T340','PARAFFIN WAX, HISTOPLAST','0','1 kg/bag','TRULAB'),(500,'T341','MICROTOME BLADE R35','0','box','TRULAB'),(501,'T342','MICROTOME BLADE S35','0','box','TRULAB'),(502,'T343','WASH BOTTLES AND RACK 250 ml','0','pc','TRULAB'),(503,'T344','WASH BOTTLES AND RACK 500 ml','0','pc','TRULAB'),(504,'T345','Wash Bottle Rack','0','unit','TRULAB'),(505,'T346','Slide Box, 25 Capacity (Red)','0','pc','TRULAB'),(506,'T347','Slide Box, 100 Capacity (Red, Blue, and Orange)','0','pc','TRULAB'),(507,'T348','Slide Box, 100 Capacity (Wooden)','0','pc','TRULAB'),(508,'T349','Slide Tray, 20 Capacity (Pink, Blue, and White)','0','pc','TRULAB'),(509,'T350','Slide Tray with Transparent Cover, 20 Capacity (Blue)','0','pc','TRULAB'),(510,'T351','Slide Mailer, Single','0','pc','TRULAB'),(511,'T352','Slide Mailer, Double','0','pc','TRULAB'),(512,'T353','Slide Mailer, Triple','0','pc','TRULAB'),(513,'T354','Slide Dispenser','0','pc','TRULAB'),(514,'T355','TIMER Digital, Memory: 1','0','unit','TRULAB'),(515,'T356','TIMER Digital, Memory: 3','0','unit','TRULAB'),(516,'T357','Alcohol Filled, Celsius Range, -10 - 110°C','0','pc','TRULAB'),(517,'T358','Ref Thermometer, Analog','0','pc','TRULAB'),(518,'T359','Ref Thermometer, Digital','0','pc','TRULAB'),(519,'T360','Room Thermometer, Celsius Range, -30 - 50°C, Germany','0','pc','TRULAB'),(520,'T361','MICROPLATES U Bottom, 96 Wells','0','pc','TRULAB'),(521,'T362','MICROPLATES V Bottom, 96 Wells','0','pc','TRULAB'),(522,'T363','MICROPLATES Flat Bottom, 96 Wells','0','pc','TRULAB'),(523,'T364','TRANSPORT SWABS Plain','0','pc','TRULAB'),(524,'T365','TRANSPORT SWABS Amies','0','pc','TRULAB'),(525,'T366','TRANSPORT SWABS Amies with Charcoal','0','pc','TRULAB'),(526,'T367','TRANSPORT SWABS Cary Blair','0','pc','TRULAB'),(527,'T368','TRANSPORT SWABS Stuart','0','pc','TRULAB'),(528,'T369','APPLICATOR STICKS 1000 pcs/box','0','box','TRULAB'),(529,'T370','Hitachi','0','pc','TRULAB'),(530,'T371','Sysmex','0','pc','TRULAB'),(531,'T372','Beckman','0','pc','TRULAB'),(532,'T373','PH Indicator Paper, PH 0-14','0','roll','TRULAB'),(533,'T374','Lens Cleaning Tissues','0','100 sheets/pad','TRULAB'),(534,'T375','Filter Paper, Square, 600mm x 600mm','0','sheet','TRULAB'),(535,'T376','Zip Lock Closure: 6\" x 9\"','0','pc','TRULAB'),(536,'T377','Adhesive Tamper Evident Closure: 6\" x 9\"','0','pc','TRULAB'),(537,'T378','PARAFILM M','0','roll','TRULAB'),(538,'T379','Broom Top, Soft Flexible Brush, Purple Handle','0','100 pcs/box','TRULAB'),(539,'T380','Bullet Shaped Top, Nylon Floss Material, White Handle','0','100 pcs/box','TRULAB'),(540,'T381','PAP SMEAR KIT','0','kit','TRULAB'),(541,'T382','TEST TUBE BRUSHES Small','0','pc','TRULAB'),(542,'T383','TEST TUBE BRUSHES Medium','0','pc','TRULAB'),(543,'T384','TEST TUBE BRUSHES Large','0','pc','TRULAB'),(544,'T385','Stainless Steel','0','pc','TRULAB'),(545,'T386','ALCOHOL LAMP 100 ml','0','pc','TRULAB'),(546,'T387','ALCOHOL LAMP 150 ml','0','pc','TRULAB'),(547,'T388','BEAKER 50 ml','0','pc','TRULAB'),(548,'T389','BEAKER 100 ml','0','pc','TRULAB'),(549,'T390','BEAKER 150 ml','0','pc','TRULAB'),(550,'T391','BEAKER 250 ml','0','pc','TRULAB'),(551,'T392','BEAKER 500 ml','0','pc','TRULAB'),(552,'T393','BEAKER 1000 ml','0','pc','TRULAB'),(553,'T394','BEAKER with Handle 250 ml','0','pc','TRULAB'),(554,'T395','BEAKER with Handle 500 ml','0','pc','TRULAB'),(555,'T396','BOILING FLASK 150 ml','0','pc','TRULAB'),(556,'T397','BOILING FLASK 250 ml','0','pc','TRULAB'),(557,'T398','BOILING FLASK 500 ml','0','pc','TRULAB'),(558,'T399','BOILING FLASK 1000 ml','0','pc','TRULAB'),(559,'T400','CARBOY with Spigot 5 L','0','pc','TRULAB'),(560,'T401','CARBOY with Spigot 20 L','0','pc','TRULAB'),(561,'T402','MEASURING CYLINDER 10 ml','0','pc','TRULAB'),(562,'T403','MEASURING CYLINDER 50 ml','0','pc','TRULAB'),(563,'T404','MEASURING CYLINDER 100 ml','0','pc','TRULAB'),(564,'T405','MEASURING CYLINDER 250 ml','0','pc','TRULAB'),(565,'T406','MEASURING CYLINDER 500 ml','0','pc','TRULAB'),(566,'T407','MEASURING CYLINDER 1000 ml','0','pc','TRULAB'),(567,'T408','CRUCIBLE 50 ml, with Lid, Porcelain','0','pc','TRULAB'),(568,'T409','DESICCATOR 185 mm, Clear Glass','0','unit','TRULAB'),(569,'T410','DESICCATOR 300 mm, Clear Glass','0','unit','TRULAB'),(570,'T411','ERLENMEYER FLASK 100 ml','0','pc','TRULAB'),(571,'T412','ERLENMEYER FLASK 250 ml','0','pc','TRULAB'),(572,'T413','ERLENMEYER FLASK 500 ml','0','pc','TRULAB'),(573,'T414','ERLENMEYER FLASK 1000 ml','0','pc','TRULAB'),(574,'T415','EVAPORATING DISH 120 mm','0','pc','TRULAB'),(575,'T416','FUNNEL 90 mm, Glass','0','pc','TRULAB'),(576,'T417','MORTAR AND PESTLE 100 mm, Porcelain','0','pc','TRULAB'),(577,'T418','MORTAR AND PESTLE 150 mm, Glass','0','pc','TRULAB'),(578,'T419','PASTEUR PIPETTE 150 mm, with Cotton','0','pc','TRULAB'),(579,'T420','PASTEUR PIPETTE 230 mm, with Cotton','0','pc','TRULAB'),(580,'T421','PETRI DISH 90 mm','0','pc','TRULAB'),(581,'T422','PETRI DISH 150 mm','0','pc','TRULAB'),(582,'T423','SEROLOGICAL PIPETTE 1 ml','0','pc','TRULAB'),(583,'T424','SEROLOGICAL PIPETTE 5 ml','0','pc','TRULAB'),(584,'T425','SEROLOGICAL PIPETTE 10 ml','0','pc','TRULAB'),(585,'T426','SEROLOGICAL PIPETTE 10 ml (Disposable, Sterile)','0','pc','TRULAB'),(586,'T427','REAGENT BOTTLE, CLEAR, with BLUE SCREW CAP 500 ml','0','pc','TRULAB'),(587,'T428','REAGENT BOTTLE, CLEAR, with BLUE SCREW CAP 1000 ml','0','pc','TRULAB'),(588,'T429','REAGENT BOTTLE, AMBER 30 ml','0','pc','TRULAB'),(589,'T430','REAGENT BOTTLE, AMBER 60 ml','0','pc','TRULAB'),(590,'T431','REAGENT BOTTLE, AMBER 125 ml','0','pc','TRULAB'),(591,'T432','REAGENT BOTTLE, AMBER 250 ml','0','pc','TRULAB'),(592,'T433','REAGENT BOTTLE, AMBER 500 ml','0','pc','TRULAB'),(593,'T434','REAGENT BOTTLE, AMBER 1000 ml','0','pc','TRULAB'),(594,'T435','REAGENT BOTTLE, AMBER 2500 ml','0','pc','TRULAB'),(595,'T436','STIRRING ROD 330mm','0','pc','TRULAB'),(596,'T437','WATCH GLASS 90mm','0','pc','TRULAB'),(597,'MEI001','Drugs of Abuse (DOA-2)','0','20 per kit','MEDTEK2'),(598,'MEI002','HbsAb Test Serum Card','0','40 per kit','MEDTEK2'),(599,'MEI003','HbsAg Test Serum Strip','0','50 per kit','MEDTEK2'),(600,'MEI004','hCG Test Urine Strip','0','50 per kit','MEDTEK2'),(601,'MEI005','hCG Test Urine Card','0','40 per kit','MEDTEK2'),(602,'MEI006','hCG Test Urine/Serum Card','0','40 per kit','MEDTEK2'),(603,'MEI007','HCV Test Serum Strip','0','50 per kit','MEDTEK2'),(604,'MEI008','HCV Test Serum Card','0','40 per kit','MEDTEK2'),(605,'MEI009','HIV Test Serum Strip','0','50 per kit','MEDTEK2'),(606,'MEI010','HIV Test Serum Card','0','40 per kit','MEDTEK2'),(607,'MEI011','Malaria (p.v./p.f.) (Triline) (WB)','0','40 per kit','MEDTEK2'),(608,'MEI012','Syphilis Test Serum Strip','0','50 per kit','MEDTEK2'),(609,'MEI013','Syphilis Test Serum Card','0','40 per kit','MEDTEK2'),(610,'MEI014','Troponin-I Serum Card','0','40 per kit','MEDTEK2'),(611,'MEI015','Malaria PAN WH Card','0','40 per kit','MEDTEK2'),(612,'MEI016','TB Card (WH)','0','40 per kit','MEDTEK2'),(613,'MEI017','LH One Step Lutinizing Test (Card)','0','40 per kit','MEDTEK2'),(614,'MEI018','LH One Step Lutinizing Test (Midstream)','0','1','MEDTEK2'),(615,'MEI019','Tubex','0','36 per kit','MEDTEK2'),(616,'MEI020','Assure H. Pylori','0','20 per kit','MEDTEK2'),(617,'MEI021','Assure Amiline','0','25 per kit','MEDTEK2'),(618,'MEI022','Assure HCV Multisure','0','20 per kit','MEDTEK2'),(619,'MEI023','Chikungunya IgM - card','0','','MEDTEK2'),(620,'MEI024','Chlamydia Ag - card','0','','MEDTEK2'),(621,'MEI025','Dengue Ag (NS1) card','0','','MEDTEK2'),(622,'MEI026','Dengue Duo Ag-IgG/IgM - card','0','','MEDTEK2'),(623,'MEI027','Dengue IgG/IgM - card','0','','MEDTEK2'),(624,'MEI028','Dengue IgG/IgM-Chikungunya IgM - card','0','','MEDTEK2'),(625,'MEI029','Fecal Occult Blood Hi - card','0','','MEDTEK2'),(626,'MEI030','Filariasis IgG/IgM - card','0','','MEDTEK2'),(627,'MEI031','Gonorrhea - strip','0','','MEDTEK2'),(628,'MEI032','H.pylori Antigen (Stool)','0','','MEDTEK2'),(629,'MEI033','H. pylori Antibody (Blood)','0','','MEDTEK2'),(630,'MEI034','HAV IgM - card','0','','MEDTEK2'),(631,'MEI035','HBV-5 - card','0','','MEDTEK2'),(632,'MEI036','HEV IgM - card','0','','MEDTEK2'),(633,'MEI037','HIV Ag/Ab 4th Gen - card','0','','MEDTEK2'),(634,'MEI038','HIV+Syphilis Antibody (Blood)','0','','MEDTEK2'),(635,'MEI039','Leptospirosis IgG/IgM - card','0','','MEDTEK2'),(636,'MEI040','Malaria Pf/Pan Antigen - card','0','','MEDTEK2'),(637,'MEI041','Malaria Pf/Pv Antibody - card','0','','MEDTEK2'),(638,'MEI042','Malaria Pf/Pv Antigen - card','0','','MEDTEK2'),(639,'MEI043','PSA Semi-Quantitative - card','0','','MEDTEK2'),(640,'MEI044','TB IgG/IgM  card (Blood)','0','','MEDTEK2'),(641,'MEI045','Typhoid IgG/IgM - card (Serum/Plasma)','0','','MEDTEK2'),(642,'MEI046','Typhoid IgG/IgM Combo (S/P/WB)','0','','MEDTEK2'),(643,'MEI047','Streptococcus A Dip Strip','0','','MEDTEK2'),(644,'MEI048','Influenza A/B Dip Strip','0','','MEDTEK2'),(645,'MEI049','Clover A1C Self Analyzer','0','1','MEDTEK2'),(646,'MEI050','Clover A1C Self Cartridge','0','10 per kit','MEDTEK2'),(647,'MEI051','Clover A1C Self Single Use Check Cartridge','0','1 per kit','MEDTEK2'),(648,'MEI052','Clover A1C Self Reusable Check Cartridge','0','1 per kit','MEDTEK2'),(649,'MEI053','Clover A1C Self Barcode Scanner','0','1 per kit','MEDTEK2'),(650,'MEI054','Clover A1C Self Thermal Printer','0','1 per kit','MEDTEK2'),(651,'MEI055','Clover A1C Self Glucose Module','0','1 per kit','MEDTEK2'),(652,'MEI056','Clover A1C Self Control Normal/High','0','1 per kit','MEDTEK2'),(653,'MEI057','Glucolab Autocoding Meter','0','1','MEDTEK2'),(654,'MEI058','Glucolab Autocoding Strip','0','50 per kit','MEDTEK2'),(655,'MEI059','Glucolab Control Solution (Low)','0','1 per kit','MEDTEK2'),(656,'MEI060','Glucolab Control Solution (Normal)','0','1 per kit','MEDTEK2'),(657,'MEI061','Glucolab Control Solution (High)','0','1 per kit','MEDTEK2'),(658,'MEI062','Gluneo Lite Meter','0','1','MEDTEK2'),(659,'MEI063','Gluneo Lite Strips','0','25 per kit','MEDTEK2'),(660,'MEI064','Gluneo Lite Strips','0','50 per kit','MEDTEK2'),(661,'MEI065','GluNeo Lite Control (L/N/H)','0','1 per kit','MEDTEK2'),(662,'MEI066','GluNeo Lite Control (Low)','0','1 per kit','MEDTEK2'),(663,'MEI067','GluNeo Lite Control (Normal)','0','1 per kit','MEDTEK2'),(664,'MEI068','GluNeo Lite Control (High)','0','1 per kit','MEDTEK2'),(665,'MEI069','Lipid Pro Meter','0','1','MEDTEK2'),(666,'MEI070','Lipid Pro Single Strip','0','10 per kit','MEDTEK2'),(667,'MEI071','Lipid Pro 3 Hole Strip','0','10 per kit','MEDTEK2'),(668,'MEI072','LAURA Smart','0','1','MEDTEK2'),(669,'MEI073','MicroalbuPHAN Strips  (creatinine/albumin)','0','50 per box','MEDTEK2'),(670,'MEI074','SelexOn Analyzer','0','1','MEDTEK2'),(671,'MEI075','SelexOn Test Strips Myoglobin','0','20 per box','MEDTEK2'),(672,'MEI076','SelexOn Test Strips D-dimer','0','20 per box','MEDTEK2'),(673,'MEI077','SelexOn Test Strips CK-MB','0','20 per box','MEDTEK2'),(674,'MEI078','SelexOn Test Strips Troponin I','0','20 per box','MEDTEK2'),(675,'MEI079','SelexOn Test Strips Hs-CRP','0','20 per box','MEDTEK2'),(676,'MEI080','SelexOn Test Strips BNP','0','20 per box','MEDTEK2'),(677,'MEI081','SelexOn Test Strips AFP','0','20 per box','MEDTEK2'),(678,'MEI082','SelexOn Test Strips CEA','0','20 per box','MEDTEK2'),(679,'MEI083','SelexOn Test Strips PSA','0','20 per box','MEDTEK2'),(680,'MEI084','SelexOn Test Strips Free PSA','0','20 per box','MEDTEK2'),(681,'MEI085','SelexOn Test Strips Free TSH','0','20 per box','MEDTEK2'),(682,'MEI086','SelexOn Test Strips Free T4','0','20 per box','MEDTEK2'),(683,'MEI087','SelexOn Test Strips Free T3','0','20 per box','MEDTEK2'),(684,'MEI088','SelexOn Test Strips Free C-peptide','0','20 per box','MEDTEK2'),(685,'MEI089','SelexOn Test Strips Insulin','0','20 per box','MEDTEK2'),(686,'MEI090','SelexOn Test Strips LH','0','20 per box','MEDTEK2'),(687,'MEI091','SelexOn Test Strips Vitamin D','0','20 per box','MEDTEK2'),(688,'MEI092','SelexOn Test Strips SelexOn 3 in 1 Strip (CK-MB, Myoglobin, Trop I)','0','20 per box','MEDTEK2'),(689,'MEI093','SelexOn Test Strips External Printer','0','1','MEDTEK2'),(690,'MEI094','SelexOn Test Strips Barcode Scanner','0','1','MEDTEK2'),(691,'MEI095','i-STAT 1 Analyzer (Unit Only)','0','1 per box','MEDTEK2'),(692,'MEI096','i-STAT 1 Analyzer (Complete Package)','0','1 per box','MEDTEK2'),(693,'MEI097','Repair Without Warranty','0','1 per box','MEDTEK2'),(694,'MEI098','i-STAT 1 Downloader Network (Series 300)','0','1 per box','MEDTEK2'),(695,'MEI099','i-STAT 1 System Manual (Series 300)','0','1 per box','MEDTEK2'),(696,'MEI100','i-STAT Downloader Serial (Series 300)','0','1 per box','MEDTEK2'),(697,'MEI101','Analyzer Programming Kit','0','1 per box','MEDTEK2'),(698,'MEI102','Capillary Tubes (65ul)','0','1 per box','MEDTEK2'),(699,'MEI103','Portable Printer Paper','0','5 per box','MEDTEK2'),(700,'MEI104','i-STAT Printer','0','1 per box','MEDTEK2'),(701,'MEI105','Ceramic Conditioning Cartridge','0','1 per kit','MEDTEK2'),(702,'MEI106','9 Volt Lithium Batteries','0','6 per box','MEDTEK2'),(703,'MEI107','i-STAT Printer Rechargeable Battery','0','1 unit','MEDTEK2'),(704,'MEI108','i-STAT Electronic Simulator','0','1 per box','MEDTEK2'),(705,'MEI109','i-STAT Level 1 Aqueous Control','0','10 amp per box','MEDTEK2'),(706,'MEI110','i-STAT Level 2 Aqueous Control','0','10 amp per box','MEDTEK2'),(707,'MEI111','i-STAT Level 3 Aqueous Control','0','10 amp per box','MEDTEK2'),(708,'MEI112','Calibration Cerification Solution','0','10 amp per box','MEDTEK2'),(709,'MEI113','Level 1 ACT Control Kit','0','10 amp per box','MEDTEK2'),(710,'MEI114','Level 2 ACT Control Kit','0','10 amp per box','MEDTEK2'),(711,'MEI115','PT Level 1 Control','0','10 amp per box','MEDTEK2'),(712,'MEI116','PT Level 2 Control','0','10 amp per box','MEDTEK2'),(713,'MEI117','Troponin Calibration Verification Kit','0','6 amp per box','MEDTEK2'),(714,'MEI118','Troponin Level 1 Control','0','6 amp per box','MEDTEK2'),(715,'MEI119','Troponin Level 2 Control','0','6 amp per box','MEDTEK2'),(716,'MEI120','Troponin Level 3 Control','0','6 amp per box','MEDTEK2'),(717,'MEI121','Chem8+ Level 1 Control','0','10 amp per box','MEDTEK2'),(718,'MEI122','Chem8+ Level 2 Control','0','10 amp per box','MEDTEK2'),(719,'MEI123','Chem8+ Level 3 Control','0','10 amp per box','MEDTEK2'),(720,'MEI124','CK-MB Level 1 Control','0','6 amp per box','MEDTEK2'),(721,'MEI125','CK-MB Level 2 Control','0','6 amp per box','MEDTEK2'),(722,'MEI126','CK-MB Level 3 Control','0','6 amp per box','MEDTEK2'),(723,'MEI127','Tri-control Level 1','0','10 amp per box','MEDTEK2'),(724,'MEI128','Tri-control Level 2','0','10 amp per box','MEDTEK2'),(725,'MEI129','Tri-control Level 3','0','10 amp per box','MEDTEK2'),(726,'MEI130','ACT Level 1 Control','0','5 tests per box','MEDTEK2'),(727,'MEI131','ACT Level 2 Control','0','5 tests per box','MEDTEK2'),(728,'MEI132','RNA-Medical Hematocrit Level 1 Control','0','','MEDTEK2'),(729,'MEI133','RNA-Medical Hematocrit Level 2 Control','0','','MEDTEK2'),(730,'MEI134','RNA-Medical Hematocrit Level 3 Control','0','','MEDTEK2'),(731,'MEI135','BNP Level 1 Control','0','','MEDTEK2'),(732,'MEI136','BNP Level 2 Control','0','','MEDTEK2'),(733,'MEI137','BNP Level 3 Control','0','','MEDTEK2'),(735,'MEI138','I-STAT CARTRIDGES 6+','0','25 per kit','MEDTEK2'),(736,'MEI139','I-STAT CARTRIDGES ACT (Celite)','0','25 per kit','MEDTEK2'),(737,'MEI140','I-STAT CARTRIDGES ACT (Kaolin)','0','25 per kit','MEDTEK2'),(738,'MEI141','I-STAT CARTRIDGES BNP','0','25 per kit','MEDTEK2'),(739,'MEI142','I-STAT CARTRIDGES CG4+','0','25 per kit','MEDTEK2'),(740,'MEI143','I-STAT CARTRIDGES CG8+','0','25 per kit','MEDTEK2'),(741,'MEI144','I-STAT CARTRIDGES Chem8+','0','25 per kit','MEDTEK2'),(742,'MEI145','I-STAT CARTRIDGES CK-MB','0','25 per kit','MEDTEK2'),(743,'MEI146','I-STAT CARTRIDGES Crea','0','25 per kit','MEDTEK2'),(744,'MEI147','I-STAT CARTRIDGES cTnl','0','25 per kit','MEDTEK2'),(745,'MEI148','I-STAT CARTRIDGES E3+','0','25 per kit','MEDTEK2'),(746,'MEI149','I-STAT CARTRIDGES EC4+','0','25 per kit','MEDTEK2'),(747,'MEI150','I-STAT CARTRIDGES EC8+','0','25 per kit','MEDTEK2'),(748,'MEI151','I-STAT CARTRIDGES EG6+','0','25 per kit','MEDTEK2'),(749,'MEI152','I-STAT CARTRIDGES EG7+','0','25 per kit','MEDTEK2'),(750,'MEI153','I-STAT CARTRIDGES G3+','0','25 per kit','MEDTEK2'),(751,'MEI154','I-STAT CARTRIDGES Glucose','0','25 per kit','MEDTEK2'),(752,'MEI155','I-STAT CARTRIDGES PT/INR','0','24 per kit','MEDTEK2'),(753,'MEI156','I-STAT CARTRIDGES Ceramic Conditioning Catridge','0','1 per kit','MEDTEK2'),(754,'MEI157','ERBA LisaScan - EM - ELISA Reader','0','1','MEDTEK2'),(755,'MEI158','ERBA LisaWash - ELISA Washer','0','1','MEDTEK2'),(756,'MEI159','Mago 4S - 4 Plate ELISA ','0','1','MEDTEK2'),(757,'MEI160','Mago 4S - Consumables Control Tubes','0','100','MEDTEK2'),(758,'MEI161','Mago 4S - Consumables Dilution Cup','0','2ml x 1000 per box','MEDTEK2'),(759,'MEI162','Mago 4S - Consumables Probe Clean Concentrate','0','60ml x 1 per box','MEDTEK2'),(760,'MEI163','Mago 4S - Consumables Sample Tubes','0','6.5ml x 1000 per box','MEDTEK2'),(761,'MEI164','Personal Lab - New Model','0','1','MEDTEK2'),(762,'MEI165','Autotips','0','250 per kit','MEDTEK2'),(763,'MEI166','ERBA Lyte Plus','0','1','MEDTEK2'),(764,'MEI167','ERBA Lyte Plus Ca+','0','1','MEDTEK2'),(765,'MEI168','Reagent Pack','0','1','MEDTEK2'),(766,'MEI169','Reagent Pack (for Lyte Plus Ca+)','0','1','MEDTEK2'),(767,'MEI170','Cleaning Solution','0','1','MEDTEK2'),(768,'MEI171','QC Solution','0','1','MEDTEK2'),(769,'MEI172','CO2 Standard','0','','MEDTEK2'),(770,'MEI173','Urine Diluent','0','','MEDTEK2'),(771,'MEI174','Calcium Reagent Pack','0','1','MEDTEK2'),(772,'MEI175','Electrode Conditioner','0','','MEDTEK2'),(773,'MEI176','Na+, Cl-, pH Electrode Fill Solution','0','','MEDTEK2'),(774,'MEI177','Li Electrode Fill Solution','0','','MEDTEK2'),(775,'MEI178','Ca+ Electrode Fill Solution','0','','MEDTEK2'),(776,'MEI179','K+ Electrode Fill Solution','0','','MEDTEK2'),(777,'MEI180','Reference Electrode Fill Solution','0','','MEDTEK2'),(778,'MEI181','Na+ Conditioner','0','','MEDTEK2'),(779,'MEI182','Na+ Sodium Electrode','0','1','MEDTEK2'),(780,'MEI183','K+ Potassium Electrode','0','1','MEDTEK2'),(781,'MEI184','Cl Chloride Electrode','0','1','MEDTEK2'),(782,'MEI185','Ca Calcium Electrode','0','1','MEDTEK2'),(783,'MEI186','pH Electrode','0','1','MEDTEK2'),(784,'MEI187','Urilyzer 100','0','1','MEDTEK2'),(785,'MEI188','Urilyzer 100 Pro','0','1','MEDTEK2'),(786,'MEI189','Combi-Scan 500','0','1','MEDTEK2'),(787,'MEI190','Combi-Screen 11SYS PLUS ','0','100','MEDTEK2'),(788,'MEI191','Combi-Screen VET 11 PLUS  ','0','100','MEDTEK2'),(789,'MEI192','Combi-Screen Control PN','0','15ml x 2 per box','MEDTEK2'),(790,'MEI193','10A Parameters (Machine)','0','100','MEDTEK2'),(791,'MEI194','10G Parameters (Machine)','0','100','MEDTEK2'),(792,'MEI195','11A Parameters (Machine)','0','100','MEDTEK2'),(793,'MEI196','11G Parameters (Machine)','0','100','MEDTEK2'),(794,'MEI197','UQ 11Control','0','8ml x 2 per box','MEDTEK2'),(795,'MEI198','Urine Check Strips','0','1','MEDTEK2'),(796,'MEI199','LAURA Smart','0','1','MEDTEK2'),(797,'MEI200','LAURA M','0','1','MEDTEK2'),(798,'MEI201','MicroalbuPHAN (creatinine/albumin)','0','50','MEDTEK2'),(799,'MEI202','TetraPHAN Laura (4 Parameters)','0','100','MEDTEK2'),(800,'MEI203','DekaPHAN Laura (10 Parameters)','0','100','MEDTEK2'),(801,'MEI204','Urinorm/Uripath','0','','MEDTEK2'),(802,'MEI205','Coagulyzer 1','0','1','MEDTEK2'),(803,'MEI206','Coagulyzer 2','0','','MEDTEK2'),(804,'MEI207','Coagulyzer 4','0','','MEDTEK2'),(805,'MEI208','PT Recombinant','0','2ml x 10 per box','MEDTEK2'),(806,'MEI209','APTT','0','2ml x 10 per box','MEDTEK2'),(807,'MEI210','CaCl2','0','4ml x 10 per box','MEDTEK2'),(808,'MEI211','Fibrinogen','0','2ml x 10 per box','MEDTEK2'),(809,'MEI212','Control Plasma N','0','1ml x 10 per box','MEDTEK2'),(810,'MEI213','Control Plasma P','0','1ml x 10 per box','MEDTEK2'),(811,'MEI214','Standard Plasma','0','1ml x 10 per box','MEDTEK2'),(812,'MEI215','FL45 Cuvettes','0','','MEDTEK2'),(813,'MEI216','Coapresta 2000','0','1','MEDTEK2'),(814,'MEI217','Coagpia PT','0','10ml x 10 per box','MEDTEK2'),(815,'MEI218','Coagpia APTT-N APTT','0','10ml x 10 per box','MEDTEK2'),(816,'MEI219','Coagpia APTT-N CaCl2','0','10ml x 10 per box','MEDTEK2'),(817,'MEI220','Coagpia Fbg Thrombin','0','3ml x 10 per box','MEDTEK2'),(818,'MEI221','Coagpia Fbg Sample Diluent','0','10ml x 10 per box','MEDTEK2'),(819,'MEI222','Nanopia D-dimer','0','CP Set','MEDTEK2'),(820,'MEI223','Nanopia P-FDP','0','CP Set','MEDTEK2'),(821,'MEI224','Calibrator N for Coagpia','0','1ml x 10 per box','MEDTEK2'),(822,'MEI225','Control P-N Coagpia','0','1ml x 5 per box/2 conc','MEDTEK2'),(823,'MEI226','D-dimer Calibrator','0','0.5ml x 6 conc','MEDTEK2'),(824,'MEI227','FDP Calibrator N','0','0.5ml x 6 conc','MEDTEK2'),(825,'MEI228','FDP Control','0','1ml x 3 per box/2 conc','MEDTEK2'),(826,'MEI229','Cuvette','0','','MEDTEK2'),(827,'MEI230','New Alkali','0','1ml x 3 per box/2 conc','MEDTEK2'),(828,'MEI231','URIT 3000+','0','1','MEDTEK2'),(829,'MEI232','Detergent (5L)','0','5L','MEDTEK2'),(830,'MEI233','Diluent (5L)','0','5L','MEDTEK2'),(831,'MEI234','Lytic Reagent','0','1L','MEDTEK2'),(832,'MEI235','Probe Cleaner','0','100ml','MEDTEK2'),(833,'MEI236','URIT 5250 - 5 Part','0','1','MEDTEK2'),(834,'MEI237','Detergent','0','20L','MEDTEK2'),(835,'MEI238','Diluent','0','20L','MEDTEK2'),(836,'MEI239','Lyse','0','1L','MEDTEK2'),(837,'MEI240','Sheath','0','10L','MEDTEK2'),(838,'MEI241','URIT 12 Hemoglobin Meter','0','1','MEDTEK2'),(840,'MEI242','URIT 12 Hemoglobin Strips','0','50 per kit','MEDTEK2'),(842,'MEI243','URIT 12 Hemoglobin Control','0','','MEDTEK2'),(843,'MEI244','DREW 3 - 3 Part Hema','0','1','MEDTEK2'),(844,'MEI245','DREW 3 Pack','0','360 cycles per pack','MEDTEK2'),(845,'MEI246','EX-TROL Tri-level (L.N.H)','0','2.5ml x 3 per box','MEDTEK2'),(846,'MEI247','Drew Excell 2280 - 5 Part Hema','0','1','MEDTEK2'),(847,'MEI248','Isotonic Diluent','0','20L','MEDTEK2'),(848,'MEI249','X-Lyse','0','500ml','MEDTEK2'),(849,'MEI250','E-Z Clean','0','10L','MEDTEK2'),(850,'MEI251','Sheath','0','10L','MEDTEK2'),(851,'MEI252','EX-TROL Plus - Low','0','3ml','MEDTEK2'),(852,'MEI253','EX-TROL Plus - Normal','0','3ml','MEDTEK2'),(853,'MEI254','EX-TROL Plus - High','0','3ml','MEDTEK2'),(854,'MEI255','Icon 3 Machine w/ UPS, AVR','0','1','MEDTEK2'),(855,'MEI256','Reagent Pack','0','800T','MEDTEK2'),(856,'MEI257','Diluent','0','5L','MEDTEK2'),(857,'MEI258','Lyse','0','1L','MEDTEK2'),(858,'MEI259','System Solution','0','1L','MEDTEK2'),(859,'MEI260','Norma Clean','0','1L','MEDTEK2'),(860,'MEI261','Icon 5 Machine w/ UPS, AVR','0','1','MEDTEK2'),(861,'MEI262','Reagent Pack','0','900T','MEDTEK2'),(862,'MEI263','Diluent','0','10L','MEDTEK2'),(863,'MEI264','Lyse','0','1L','MEDTEK2'),(864,'MEI265','Norma Clean','0','500ml','MEDTEK2'),(865,'MEI266','Control','0','2.5ml','MEDTEK2'),(866,'MEI267','MDX Electroline Analyzer','0','1','MEDTEK2'),(867,'MEI268','MDX Electroline Ca+ Analyzer','0','1','MEDTEK2'),(868,'MEI269','Auto Sampler','0','1','MEDTEK2'),(869,'MEI270','Reagent Pack','0','1','MEDTEK2'),(870,'MEI271','Reagent Pack Ca+','0','1','MEDTEK2'),(871,'MEI272','Electrode (K, Na, Cl, Ca, Ph, Li, Ref)','0','1','MEDTEK2'),(872,'MEI273','Internal/Ref Internal Electrode','0','1','MEDTEK2'),(873,'MEI274','QC Solution','0','100ml','MEDTEK2'),(874,'MEI275','Daily/Weekly Cleaning Solution','0','100ml','MEDTEK2'),(875,'MEI276','Filling Solution  (K, Na, Cl, Ca, Ph, Li, Ref)','0','15ml','MEDTEK2'),(876,'MEI277','Na Conditioner','0','100ml','MEDTEK2'),(877,'MEI278','Urine Solution','0','1','MEDTEK2'),(878,'MEI279','MDX Micro Pipette PRO','0','1','MEDTEK2'),(879,'MEI280','MDX Micro Pipette PLUS','0','1','MEDTEK2'),(880,'MEI281','MDX Micro Pipette LINE','0','1','MEDTEK2'),(881,'MEI282','Selexon Machine','0','1','MEDTEK2'),(882,'MEI283','Thyroid Strips','0','20 test per kit','MEDTEK2'),(883,'MEI284','TSH','0','96 test per kit','MEDTEK2'),(884,'MEI285','T3','0','96 test per kit','MEDTEK2'),(885,'MEI286','T4','0','96 test per kit','MEDTEK2'),(886,'MEI287','FREE T3','0','96 test per kit','MEDTEK2'),(887,'MEI288','FREE T4','0','96 test per kit','MEDTEK2'),(889,'6844288','ALTV/5PACK/300SLDS','0','Box of 5 cartridges','Getz Brothers Philippines,Inc.'),(890,'6844471','CHLORIDE/CL/5PACK/250SLDS','0','Box of 5 cartridges','Getz Brothers Philippines,Inc.'),(892,'6844430','LDH/5 PACK/250 SLDS','0','Box of 5 cartridges','Getz Brothers Philippines,Inc.'),(980,'6844463','950 REFERENCE FLUID/800 REFERENCE FLUID','0','Box/30 Pcs','Getz Brothers Philippines,Inc.'),(981,'6844464','250/350 REFERENCE FLUID/300 REFERENCE FLUID','0','Box/30 pcs','Getz Brothers Philippines,Inc.'),(1022,'6801714','Caffeine Reagent Empty Packs','0','BOX/2','Getz Brothers Philippines,Inc.'),(1055,'6801748','RF PERF VER I','0','Box/5 bottles','Getz Brothers Philippines,Inc.'),(1056,'6801749','RF PERF VER II','0','Box/5 bottles','Getz Brothers Philippines,Inc.'),(1071,'6801844','HEMOLYZING REAGENT','0','Box/1 bottle','Getz Brothers Philippines,Inc.'),(1086,'1037274','ACETAMINOPHEN/5PACK/90SLD','0','Box','Getz Brothers Philippines,Inc.'),(1087,'1053180','ALKP/5 PACK/300 SLDS','0','Box','Getz Brothers Philippines,Inc.'),(1088,'1110352','URINE ELEC DILUENT','0','Box','Getz Brothers Philippines,Inc.'),(1089,'1122423','950 SLD DISP BOX LINER/PIC','0','Box','Getz Brothers Philippines,Inc.'),(1090,'1149764','CAL KIT 5  (Ammonia,  Protein)','0','Box','Getz Brothers Philippines,Inc.'),(1091,'1158294','250 HEIGHT ADAPTER','0','Box','Getz Brothers Philippines,Inc.'),(1092,'1202670','AMYLASE/5 PACK/300 SLDS','0','Box','Getz Brothers Philippines,Inc.'),(1093,'1204247','CAL KIT 6  (CHE , CKMB)','0','Box','Getz Brothers Philippines,Inc.'),(1094,'1204668','CAL KIT 4( Alb, BuBc,Fe, Tbil,TIBC,TP)','0','Box','Getz Brothers Philippines,Inc.'),(1095,'1204791','250 SLIDE DISP BOX LINERS','0','Box','Getz Brothers Philippines,Inc.'),(1096,'1213115','MICRO SAMPLE CUPS BOX/4000','0','Box','Getz Brothers Philippines,Inc.'),(1097,'1247873','HUMIDITY CONTROL PKS BX/2 SETS','0','Box','Getz Brothers Philippines,Inc.'),(1098,'1250232','DESICCANT PACKS BX/2 SETS','0','Box','Getz Brothers Philippines,Inc.'),(1099,'1250315','DISP AIR FILTERS BOX/6','0','Box','Getz Brothers Philippines,Inc.'),(1100,'1290709','CAL KIT 3(ALP,ALT,Amyl,AST,CK,GGT,LDH, Lipase) ','0','Box','Getz Brothers Philippines,Inc.'),(1101,'1307164','THEOPHYLLINE/5 PACK/90 SLDS','0','Box','Getz Brothers Philippines,Inc.'),(1102,'1314343','SALICYLATE/5 PACK/90 SLDS','0','Box','Getz Brothers Philippines,Inc.'),(1103,'1320498','CAL KIT 7  (CRP)','0','Box','Getz Brothers Philippines,Inc.'),(1104,'1331560','250 AIR FILTER','0','Box','Getz Brothers Philippines,Inc.'),(1105,'1336544','TRIGLYCERIDES/5 PACK/300 SLDS','0','Box','Getz Brothers Philippines,Inc.'),(1106,'1338953','250 MICROTUBE ADAPTER','0','Box','Getz Brothers Philippines,Inc.'),(1107,'1384007','LIQ PER VER II','0','Box','Getz Brothers Philippines,Inc.'),(1108,'1412204','250 SAMPLE CUP ADAPTER','0','Box','Getz Brothers Philippines,Inc.'),(1109,'1450261','CALCIUM/5 PACK/300 SLDS','0','Box','Getz Brothers Philippines,Inc.'),(1110,'1451392','SAMPLE CUP PIERCE CAP BX/1000','0','Box','Getz Brothers Philippines,Inc.'),(1111,'1474030','MICRO TIPS BOX/250','0','Box','Getz Brothers Philippines,Inc.'),(1112,'1513209','PHOSPHORUS/5 PACK/300 SLDS','0','Box','Getz Brothers Philippines,Inc.'),(1113,'1515808','IRON/5 PACK/300 SLDS','0','Box','Getz Brothers Philippines,Inc.'),(1114,'1561976','250 TIP RACK','0','Box','Getz Brothers Philippines,Inc.'),(1115,'1612365','BUBC/5 PACK/90 SLDS','0','Box','Getz Brothers Philippines,Inc.'),(1116,'1627439','250 UNIV SAMPLE TRAY','0','Box','Getz Brothers Philippines,Inc.'),(1117,'1631779','250 MIXING CUP ARRAY','0','Box','Getz Brothers Philippines,Inc.'),(1118,'1632660','LITHIUM/5 PACK/90 SLDS','0','Box','Getz Brothers Philippines,Inc.'),(1119,'1655281','ALT/5PACK/250SLDS','0','Box','Getz Brothers Philippines,Inc.'),(1120,'1662659','CAL KIT 2 (Chol,Cl,Eco2,K+,Na+, Trig)','0','Box','Getz Brothers Philippines,Inc.'),(1121,'1668409','LIPASE/5 PACK/300 SLDS','0','Box','Getz Brothers Philippines,Inc.'),(1122,'1669829','CHOLESTEROL/5 PACK/300 SLDS','0','Box','Getz Brothers Philippines,Inc.'),(1123,'1707801','GLUCOSE/5 PACK/300 SLDS','0','Box','Getz Brothers Philippines,Inc.'),(1124,'1721869','AMMONIA/5 PACK/300 SLDS','0','Box','Getz Brothers Philippines,Inc.'),(1125,'1726926','AMMONIA/5 PACK/90 SLDS','0','Box','Getz Brothers Philippines,Inc.'),(1126,'1765304','250/350 REFERENCE FLUID','0','Box','Getz Brothers Philippines,Inc.'),(1127,'1792357','TDM PER VER II','0','Box','Getz Brothers Philippines,Inc.'),(1128,'1830033','IMMUNO WASH FLUID','0','Box','Getz Brothers Philippines,Inc.'),(1129,'1882208','CAL KIT 1(Bun/Urea,Ca, Creat,Glu,Lac,Mg,Li,Phos,Sali,Theo, Uric)','0','Box','Getz Brothers Philippines,Inc.'),(1130,'1914605','CHOLINESTERASE/5 PACK/300 SLDS','0','Box','Getz Brothers Philippines,Inc.'),(1131,'1921204','MAGNESIUM/5 PACK/90 SLDS','0','Box','Getz Brothers Philippines,Inc.'),(1132,'1924547','IRON/5 PACK/90 SLDS','0','Box','Getz Brothers Philippines,Inc.'),(1133,'1943927','URIC ACID/5 PACK/300 SLDS','0','Box','Getz Brothers Philippines,Inc.'),(1134,'1988211','ALBUMIN/5 PACK/90 SLDS','0','Box','Getz Brothers Philippines,Inc.'),(1135,'6800120','URINE PROTEIN/5 PACK/90 SLDS','0','Box','Getz Brothers Philippines,Inc.'),(1136,'6800189','CAL KIT 10  (  Urine  Protein) ','0','Box','Getz Brothers Philippines,Inc.'),(1137,'6800190','UPRO PER VER I','0','Box','Getz Brothers Philippines,Inc.'),(1138,'6800191','UPRO PER VER II','0','Box','Getz Brothers Philippines,Inc.'),(1139,'6801422','FS CUVETTES','0','Box','Getz Brothers Philippines,Inc.'),(1140,'6801423','FS MICROTIPS','0','Box','Getz Brothers Philippines,Inc.'),(1141,'6801696','Calibrator Kit 11','0','Box','Getz Brothers Philippines,Inc.'),(1142,'6801697','Calibrator Kit 12   (  Valproic  acid) ','0','Box','Getz Brothers Philippines,Inc.'),(1143,'6801698','Calibrator Kit 13','0','Box','Getz Brothers Philippines,Inc.'),(1144,'6801699','Calibrator Kit 14','0','Box','Getz Brothers Philippines,Inc.'),(1145,'6801700','Calibrator Kit 16   (  Rhematoid  factor) ','0','Box','Getz Brothers Philippines,Inc.'),(1146,'6801701','Calibrator Kit 17   ( hsCRP)','0','Box','Getz Brothers Philippines,Inc.'),(1147,'6801702','Calibrator Kit 18  (% A1C)','0','Box','Getz Brothers Philippines,Inc.'),(1148,'6801703','Calibrator Kit 19  ( dLDL)','0','Box','Getz Brothers Philippines,Inc.'),(1149,'6801704','Calibrator Kit 20','0','Box','Getz Brothers Philippines,Inc.'),(1150,'6801705','Calibrator Kit 21','0','Box','Getz Brothers Philippines,Inc.'),(1151,'6801706','Calibrator Kit 22','0','Box','Getz Brothers Philippines,Inc.'),(1152,'6801707','Calibrator Kit 23','0','Box','Getz Brothers Philippines,Inc.'),(1153,'6801708','Calibrator Kit 24  (  MicroAlbumin) ','0','Box','Getz Brothers Philippines,Inc.'),(1154,'6801709','Vancomycin Reagent','0','Box','Getz Brothers Philippines,Inc.'),(1155,'6801710','Valproic Reagent','0','Box','Getz Brothers Philippines,Inc.'),(1156,'6801711','Gentamicin Reagent','0','Box','Getz Brothers Philippines,Inc.'),(1157,'6801712','Tobramycin Reagent','0','Box','Getz Brothers Philippines,Inc.'),(1158,'6801713','Caffeine Reagent / CAL','0','Box','Getz Brothers Philippines,Inc.'),(1159,'6801715','Vitros VersaTip Box/1000','0','Box','Getz Brothers Philippines,Inc.'),(1160,'6801728','dLdL Reagent','0','Box','Getz Brothers Philippines,Inc.'),(1161,'6801729','RF Reagent','0','Box','Getz Brothers Philippines,Inc.'),(1162,'6801732','lgA Reagent','0','Box','Getz Brothers Philippines,Inc.'),(1163,'6801733','lgG Reagent','0','Box','Getz Brothers Philippines,Inc.'),(1164,'6801734','IgM Reagent','0','Box','Getz Brothers Philippines,Inc.'),(1165,'6801735','C3 Reagent','0','Box','Getz Brothers Philippines,Inc.'),(1166,'6801736','C4 Reagent','0','Box','Getz Brothers Philippines,Inc.'),(1167,'6801737','ApoA1 Reagent','0','Box','Getz Brothers Philippines,Inc.'),(1168,'6801738','ApoB Reagent','0','Box','Getz Brothers Philippines,Inc.'),(1169,'6801739','hsCRP Reagent','0','Box','Getz Brothers Philippines,Inc.'),(1170,'6801740','mALB Reagent','0','Box','Getz Brothers Philippines,Inc.'),(1171,'6801741','PALB Reagent','0','Box','Getz Brothers Philippines,Inc.'),(1172,'6801742','hsCRP PERF VER I','0','Box','Getz Brothers Philippines,Inc.'),(1173,'6801744','Protein PERF VER I','0','Box','Getz Brothers Philippines,Inc.'),(1174,'6801745','Protein PERF VER II','0','Box','Getz Brothers Philippines,Inc.'),(1175,'6801746','mALB PERF VER I','0','Box','Getz Brothers Philippines,Inc.'),(1176,'6801747','mALB PERF VER II','0','Box','Getz Brothers Philippines,Inc.'),(1177,'6801750','%A1c PERF VER I','0','Box','Getz Brothers Philippines,Inc.'),(1178,'6801751','%A1c PERF VER II','0','Box','Getz Brothers Philippines,Inc.'),(1179,'6801752','DILUENT PACK 1','0','Box','Getz Brothers Philippines,Inc.'),(1180,'6801753','DILUENT PACK 2','0','Box','Getz Brothers Philippines,Inc.'),(1181,'6801754','DILUENT PACK 3','0','Box','Getz Brothers Philippines,Inc.'),(1182,'6801755','MICROSNS CK FLS I & II','0','Box','Getz Brothers Philippines,Inc.'),(1183,'6801767','Transferrin Reagent','0','Box','Getz Brothers Philippines,Inc.'),(1184,'6801768','Protein PERF VER III','0','Box','Getz Brothers Philippines,Inc.'),(1185,'6801769','ApoA1 PERF VER I','0','Box','Getz Brothers Philippines,Inc.'),(1186,'6801770','ApoB PERF VER I','0','Box','Getz Brothers Philippines,Inc.'),(1187,'6801771','PALB PER VER I','0','Box','Getz Brothers Philippines,Inc.'),(1188,'6801772','PALB PER VER II','0','Box','Getz Brothers Philippines,Inc.'),(1189,'6801873','FS CALIBRATOR 1','0','Box','Getz Brothers Philippines,Inc.'),(1190,'6801874','RECONSTITUTION DILUENT','0','Box','Getz Brothers Philippines,Inc.'),(1191,'6801888','hsCRP PERF VER II','0','Box','Getz Brothers Philippines,Inc.'),(1192,'6801892','FS HUMIDIFICATION PACKS','0','Box','Getz Brothers Philippines,Inc.'),(1193,'6801895','Direct HDL Slides/300 slides per pack','0','Box','Getz Brothers Philippines,Inc.'),(1194,'6801896','CAL KIT 25   ( dHDL) ','0','Box','Getz Brothers Philippines,Inc.'),(1195,'6801965','FS SLIDE DISPOSAL LINERS','0','Box','Getz Brothers Philippines,Inc.'),(1196,'6801966','FS ASSAY DISPOSAL LINERS','0','Box','Getz Brothers Philippines,Inc.'),(1197,'6802001','dTIBC Reagent','0','Box','Getz Brothers Philippines,Inc.'),(1198,'6802002','Homocysteine Reagent','0','Box','Getz Brothers Philippines,Inc.'),(1199,'6802049','hsCRP PERF VER III','0','Box','Getz Brothers Philippines,Inc.'),(1200,'6802120','FS Microtip Reagent Tray','0','Box','Getz Brothers Philippines,Inc.'),(1201,'6802214','Haptoglobin Reagent','0','Box','Getz Brothers Philippines,Inc.'),(1202,'6802216','ALPHA-1 Antitryspin Reagent','0','Box','Getz Brothers Philippines,Inc.'),(1203,'6802218','ANTI-Streptolysin Reagent (ASO)','0','Box','Getz Brothers Philippines,Inc.'),(1204,'6802219','FS Microcollection Tube Adaptor','0','Box','Getz Brothers Philippines,Inc.'),(1205,'6802246','UD01 Packs (Empty)','0','Box','Getz Brothers Philippines,Inc.'),(1206,'6802247','UD02 Packs (Empty)','0','Box','Getz Brothers Philippines,Inc.'),(1207,'6802248','UD03 Packs (Empty)','0','Box','Getz Brothers Philippines,Inc.'),(1208,'6802249','UD04 Packs (Empty)','0','Box','Getz Brothers Philippines,Inc.'),(1209,'6802250','UD05 Packs (Empty)','0','Box','Getz Brothers Philippines,Inc.'),(1210,'6802310','Calibrator Kit 99','0','Box','Getz Brothers Philippines,Inc.'),(1211,'6802311','AAT/HPT PERF VER I','0','Box','Getz Brothers Philippines,Inc.'),(1212,'6802312','AAT/HPT PERF VER II','0','Box','Getz Brothers Philippines,Inc.'),(1213,'6802313','AAT/HPT PERF VER III','0','Box','Getz Brothers Philippines,Inc.'),(1214,'6802314','d%A1c Reagent','0','Box','Getz Brothers Philippines,Inc.'),(1215,'6802323','Calibrator Kit 28 (ASO)','0','Box','Getz Brothers Philippines,Inc.'),(1216,'6802342','Calibrator Kit 27','0','Box','Getz Brothers Philippines,Inc.'),(1217,'6802344','Calibrator Kit 29 (dTIBC)','0','Box','Getz Brothers Philippines,Inc.'),(1218,'6802345','HCY PERF VER I II III','0','Box','Getz Brothers Philippines,Inc.'),(1219,'6802348','dTIBC PERF VER I','0','Box','Getz Brothers Philippines,Inc.'),(1220,'6802349','dTIBC PERF VER II','0','Box','Getz Brothers Philippines,Inc.'),(1221,'6802411','ASO/RF PERF VER I','0','Box','Getz Brothers Philippines,Inc.'),(1222,'6802412','ASO/RF PERF VER II','0','Box','Getz Brothers Philippines,Inc.'),(1223,'6802562','Calibrator Kit 30 THC','0','Box','Getz Brothers Philippines,Inc.'),(1224,'6802584','CREATININE IDMS STD 5PK 300SLD','0','Box','Getz Brothers Philippines,Inc.'),(1225,'8001133','CKMB/5 PACK/90 SLDS','0','Box','Getz Brothers Philippines,Inc.'),(1226,'8004707','CHOLINESTERASE/5 PACK/90 SLDS','0','Box','Getz Brothers Philippines,Inc.'),(1227,'8046872','ALCOHOL/5 PACK/90 SLDS','0','Box','Getz Brothers Philippines,Inc.'),(1228,'8057812','950 REFERENCE FLUID','0','Box','Getz Brothers Philippines,Inc.'),(1229,'8058232','CKMB/5 PACK/300 SLDS','0','Box','Getz Brothers Philippines,Inc.'),(1230,'8067324','PER VER I','0','Box','Getz Brothers Philippines,Inc.'),(1231,'8074452','CITRIC ACID SOLUTION','0','Box','Getz Brothers Philippines,Inc.'),(1232,'8097990','CRP/5PACKS 90 SLDS','0','Box','Getz Brothers Philippines,Inc.'),(1233,'8102204','BUN/5PACK/300SLDS','0','Box','Getz Brothers Philippines,Inc.'),(1234,'8111957','Eci UNIVERSAL SAMPLE TRAY','0','Box','Getz Brothers Philippines,Inc.'),(1235,'8112724','AMYLASE/5 PACK/90 SLDS','0','Box','Getz Brothers Philippines,Inc.'),(1236,'8150112','LACTATE/5 PACK/90 SLDS','0','Box','Getz Brothers Philippines,Inc.'),(1237,'8157596','POTASSIUM/K+/5PACK/250SLDS','0','Box','Getz Brothers Philippines,Inc.'),(1238,'8159931','TOT BILIRUBIN/5 PACK/300 SLDS','0','Box','Getz Brothers Philippines,Inc.'),(1239,'8168122','ACID PHOS/5 PACK/90 SLDS','0','Box','Getz Brothers Philippines,Inc.'),(1240,'8182172','TDM PER VER III','0','Box','Getz Brothers Philippines,Inc.'),(1241,'8196057','ALBUMIN/5 PACK/250 SLDS','0','Box','Getz Brothers Philippines,Inc.'),(1242,'8208431','CSF PROTEIN/5 PACK/90 SLDS','0','Box','Getz Brothers Philippines,Inc.'),(1243,'8221384','PHENOBARB/5 PACK/90 SLDS','0','Box','Getz Brothers Philippines,Inc.'),(1244,'8231474','PER VER II','0','Box','Getz Brothers Philippines,Inc.'),(1245,'8255093','MAGNESIUM/5 PACK/300 SLDS','0','Box','Getz Brothers Philippines,Inc.'),(1246,'8257289','GGT/5 PACK/250 SLDS','0','Box','Getz Brothers Philippines,Inc.'),(1247,'8262396','ENZYMATIC CO2/5 PACK/300 SLDS','0','Box','Getz Brothers Philippines,Inc.'),(1248,'8262487','7% BSA SOLUTION','0','Box','Getz Brothers Philippines,Inc.'),(1249,'8297749','LIPASE/5 PACK/90 SLDS','0','Box','Getz Brothers Philippines,Inc.'),(1250,'8298671','PHENYTOIN/5PACK/90SLDS','0','Box','Getz Brothers Philippines,Inc.'),(1251,'8318925','LITHIUM/5 PACK/300 SLDS','0','Box','Getz Brothers Philippines,Inc.'),(1252,'8343386','DIGOXIN/5PACK/90SLDS','0','Box','Getz Brothers Philippines,Inc.'),(1253,'8379034','SODIUM/NA+/5PACK/250SLDS','0','Box','Getz Brothers Philippines,Inc.'),(1254,'8383051','BUBC/5 PACK/300 SLDS','0','Box','Getz Brothers Philippines,Inc.'),(1255,'8384489','LDH/5 PACK/250 SLDS','0','Box','Getz Brothers Philippines,Inc.'),(1256,'8392292','TOTAL PROTEIN/5 PACK/250 SLDS','0','Box','Getz Brothers Philippines,Inc.'),(1257,'8433815','AST/5 PACK/300 SLDS','0','Box','Getz Brothers Philippines,Inc.'),(1258,'8433880','LACTATE/5 PACK/300 SLDS','0','Box','Getz Brothers Philippines,Inc.'),(1259,'8445207','CHLORIDE/CL/5PACK/250SLDS','0','Box','Getz Brothers Philippines,Inc.'),(1260,'8466492','LIQ PER VER I','0','Box','Getz Brothers Philippines,Inc.'),(1261,'8478034','CK/5 PACK/90 SLDS','0','Box','Getz Brothers Philippines,Inc.'),(1262,'8479396','CK/5PACK/300SLDS','0','Box','Getz Brothers Philippines,Inc.'),(1263,'8568040','CAL KIT 9   (ACET,PHYT,PHBR,DGXN)','0','Box','Getz Brothers Philippines,Inc.'),(1264,'8578163','CAL KIT 8   (  Alcohol)','0','Box','Getz Brothers Philippines,Inc.'),(1265,'8597452','CRP PER VER II','0','Box','Getz Brothers Philippines,Inc.'),(1266,'8721508','ISO PER VER I','0','Box','Getz Brothers Philippines,Inc.'),(1267,'8748220','ISO PER VER II','0','Box','Getz Brothers Philippines,Inc.'),(1268,'8867541','8867541 TIBC KIT','0','Box','Getz Brothers Philippines,Inc.'),(1269,'8892382','CARBAMAZEPINE/5 PACK/90 SLDS','0','Box','Getz Brothers Philippines,Inc.'),(1270,'8936049','CRP PER VER I','0','Box','Getz Brothers Philippines,Inc.'),(1271,'8962540','TDM PER VER I','0','Box','Getz Brothers Philippines,Inc.');
/*!40000 ALTER TABLE `tbl_products` ENABLE KEYS */;
UNLOCK TABLES;

--
-- Table structure for table `tbl_pv_details`
--

DROP TABLE IF EXISTS `tbl_pv_details`;
/*!40101 SET @saved_cs_client     = @@character_set_client */;
/*!40101 SET character_set_client = utf8 */;
CREATE TABLE `tbl_pv_details` (
  `ID` int(11) NOT NULL AUTO_INCREMENT,
  `VoucherID` varchar(255) DEFAULT NULL,
  `PONumber` varchar(255) DEFAULT NULL,
  `Invoice` varchar(255) DEFAULT ' ',
  `DeliveryReceipt` varchar(255) DEFAULT ' ',
  `Amount` varchar(255) DEFAULT NULL,
  `created_at` date DEFAULT NULL,
  `updated_at` date DEFAULT NULL,
  PRIMARY KEY (`ID`)
) ENGINE=InnoDB DEFAULT CHARSET=utf8mb4;
/*!40101 SET character_set_client = @saved_cs_client */;

--
-- Dumping data for table `tbl_pv_details`
--

LOCK TABLES `tbl_pv_details` WRITE;
/*!40000 ALTER TABLE `tbl_pv_details` DISABLE KEYS */;
/*!40000 ALTER TABLE `tbl_pv_details` ENABLE KEYS */;
UNLOCK TABLES;

--
-- Table structure for table `tbl_supplier`
--

DROP TABLE IF EXISTS `tbl_supplier`;
/*!40101 SET @saved_cs_client     = @@character_set_client */;
/*!40101 SET character_set_client = utf8 */;
CREATE TABLE `tbl_supplier` (
  `SupplierID` varchar(255) NOT NULL,
  `Name` varchar(255) DEFAULT NULL,
  `Address` varchar(255) DEFAULT NULL,
  `TNumber` varchar(255) DEFAULT NULL,
  `FNumber` varchar(255) DEFAULT NULL,
  `Email` varchar(255) DEFAULT NULL,
  `PaymentTerm` varchar(255) DEFAULT NULL,
  `TIN` varchar(255) NOT NULL,
  `PriceType` varchar(255) NOT NULL DEFAULT 'Regular',
  PRIMARY KEY (`SupplierID`)
) ENGINE=InnoDB DEFAULT CHARSET=latin1;
/*!40101 SET character_set_client = @saved_cs_client */;

--
-- Dumping data for table `tbl_supplier`
--

LOCK TABLES `tbl_supplier` WRITE;
/*!40000 ALTER TABLE `tbl_supplier` DISABLE KEYS */;
INSERT INTO `tbl_supplier` VALUES ('','OPTIUM MEDICAL TRADING','','','','','','',''),('0016A','DKSH MARKET EXPANSION SERVICES PHILIPPINES,INC','8TH FLOOR, CYVER SIGMA, LAWTON AVENUE, MCKINLEY WEST, FORT BONIFCATION TAGUIG CITY','-','-','-','45 days','','Regular'),('0016SPCMC','DKSH MARKET EXPANSION SERVICES PHILIPPINES, INC','8TH FLOOR, CYBER SIGMA, LAWTON AVENUE, MACKINLEY WEST, FORT BONIFACIO TAGUIG CITY','','','','45 days','','Special'),('R001','ARKAY CO. LOTD','3F AA Corporate Plaza Civic Drive, Filinvest, Corporate Center, Alabang Muntinlupa City','-','-','sarsa.rr@arkray.co.jp','2 days','','Government'),('R002','ASYA MEDIKA, INC','Unit 1705,17/F One Global Place Corporate Offices 5th Ave. Cor.25th St. Fort Bonifaction Global city, Taguig City 1634','(028)5191373','(028)5192012','-','30 days','','Regular'),('R003','TRULABORATORIES CORPORATION','14 Detroit Street, Barangay Pinagkaisahan, Cubao, Quezon City','(02)3451-1964','(02)8451-1821','-','30 days','','Regular'),('R004','INFECTIOUS DISEASE DIAGNOSTIC LABORATORY INC.','Unit 7 Hectan Commercial Center Halang, Calamba City, Laguna','(049)834-1745','-','iddl.inc@gmail.com','2 days','','Regular'),('R005','MEDICAL CENTER TRADING CORPORATION','Sta. Cecilia Business Center 2, Old 2, Old Building National Highway Parian, calamba City Laguna','(049)502-4070','-','mctc.calamba@gmail.com','30 days','','Regular'),('R006','GOLDQUEST BIOTECHNOLOGIES,Inc.','414 San Fernando St. Brgy. 282 Zone 26,San Nicolas, Manila','-','-','-','30 days','','Regular'),('R007','LABASIA LABORATORY PRODUCTS CORPORATION','Rm. 414 Web-Jet Bldg. #64 Quezon Avenue,Quezon City','(028)516-7637','-','-','30 days','','Regular'),('R008','MEDASIA MEDICAL PRODUCTS CORPORATION','Rm. 414 Web-Jet Bldg. #64 Quezon Avenue,Quezon City','(028)516-7637','-','-','30 days','','Regular'),('R009','SV SCIENCE DATA TRADING','UNIT 36 Facilities Center 548 Shaw Blvd. Mandaluyong City','(632)53333622','-','-','30 days','','Regular'),('R011','IRASETH PHARMA INC.','Unit C-30 South of Market Tower, Bonifacio, Global City Fort Bonifactio, Taguig City','-','-','-','30 days','','Regular'),('R012','Omnibus Bio-Medical Systems Inc.','4th Floor WCC Wilson Street, Greenhilss, san Juan, Metro Manila','(02)7222-4607','(02)722-4605','-','30 days','','Regular'),('R013','TRANS BASIC RESOURCES UNLIMITED INC.','Unit 2A Classica 1 Condominium,112 H.V. dela Costa Street, Salcedo Village Makati City','-','-','-','30 days','','Regular'),('R014','Medical Trends and Technologies(MEDTEK),INC','200 J. Elizalde St., Cor Concha St., Phase 1, BF Homes, Paranaque City 1700','(632)806-9267/(632)806-9943','(632)801-44606/(632)802-3258','donna@medtek.com.ph','60 days','','Regular'),('R015','Man Medical Pharma And Diagnostics, INC','200 J. Elizalde St., Cor Concha St., Phase 1, BF Homes, Paranaque City 1700','(632)806-9267/(632)806-9943','(632)801-44606/(632)802-3258','donna@medtek.com.ph','60 days','','Regular'),('R017','UC BIOSCIENCES INC','UNIT 1094 THE ORIENT SQUARE, F. ORTIGAS JR. ROAD, ORTIGAS CENTER,SAN ANTONIO, 1605,  PASIG CITY NCR, SECOND DISTRICT\r\n','(+632) 7798-2408 / 7003-9380',NULL,NULL,NULL,'','Regular'),('R018','FIA MEDICAL SUPPLY INC.','LOT 16 BLK 19 ROAD 5-A AREA 6 UPS-5, SAN ISIDRO, PARAÑAQUE CITY, NCR FOURTH DISTRICT',NULL,NULL,NULL,NULL,'','Regular'),('R019','MICTROBIO SPECIALIST,INC','2/F. 305 Torimar Bldg.,San Fernando St. Binondo, Manila','-','-','-','30 days','','Regular'),('R020','ELITE',NULL,NULL,NULL,NULL,NULL,'','Regular'),('R021','ELEVATE HEALTH VENTURES CO.','Francesca Royal Condominium Old Sauyo Quezon City','0912-817-4715','','elevatehealthventuresco@gmail.com','30 days','','Regular'),('R022','OPTIUM MEDICAL TRADING','1501 Bambang St, Santa Cruz, Manila, 1003 Metro Manila','09095714639','','','50 days','','Regular'),('R023','EXCELLMARK PRINTING & ENTERPRISES CORP','National Highway, 221 Brgy. Paciano Rizal, Calamba City, Laguna','(049) 531-2053/09065561508','(02) 8401-1112','excellmark@gmail.com','30 days','002-372-417-00000','Regular'),('R024','NEW LIFE PHARMACEUTICALS INC.','1406 Newton Corner Brgy. San Isidro Makati City','','','','90 days','221-947-436-0000','Regular');
/*!40000 ALTER TABLE `tbl_supplier` ENABLE KEYS */;
UNLOCK TABLES;

--
-- Table structure for table `tbl_supplier_products`
--

DROP TABLE IF EXISTS `tbl_supplier_products`;
/*!40101 SET @saved_cs_client     = @@character_set_client */;
/*!40101 SET character_set_client = utf8 */;
CREATE TABLE `tbl_supplier_products` (
  `Catalog` varchar(255) NOT NULL,
  `Description` varchar(255) NOT NULL,
  `Unit` varchar(255) NOT NULL,
  `Price` varchar(255) NOT NULL,
  `SupplierID` varchar(255) NOT NULL
) ENGINE=InnoDB DEFAULT CHARSET=utf8mb4;
/*!40101 SET character_set_client = @saved_cs_client */;

--
-- Dumping data for table `tbl_supplier_products`
--

LOCK TABLES `tbl_supplier_products` WRITE;
/*!40000 ALTER TABLE `tbl_supplier_products` DISABLE KEYS */;
INSERT INTO `tbl_supplier_products` VALUES ('8196057','ALBUMIN/5 PACK/250 SLDS','Box',' 4,645.20 ','0016A'),('6844288','ALT/5PACK/300SLDS','Box',' 4,641.00 ','0016A'),('6844471','CHLORIDE/CL/5PACK/250SLDS','Box',' 4,808.25 ','0016A'),('8257289','GGT/5 PACK/250 SLDS','Box',' 5,594.25 ','0016A'),('6844430','LDH/5 PACK/250 SLDS','Box',' 5,246.50 ','0016A'),('8157596','POTASSIUM/K+/5PACK/250SLDS','Box',' 4,314.80 ','0016A'),('8379034','SODIUM/NA+/5PACK/250SLDS','Box',' 4,314.80 ','0016A'),('8392292','TOTAL PROTEIN/5 PACK/250 SLDS','Box',' 4,853.80 ','0016A'),('6802584','CREATININE IDMS STD 5PK 300SLD','Box',' 4,748.80 ','0016A'),('1053180','ALKP/5 PACK/300 SLDS','Box',' 5,106.00 ','0016A'),('1721869','AMMONIA/5 PACK/300 SLDS','Box',' 6,459.75 ','0016A'),('1202670','AMYLASE/5 PACK/300 SLDS','Box',' 5,089.50 ','0016A'),('8383051','BUBC/5 PACK/300 SLDS','Box',' 5,079.00 ','0016A'),('8102204','BUN/5PACK/300SLDS','Box',' 4,748.80 ','0016A'),('1450261','CALCIUM/5 PACK/300 SLDS','Box',' 5,824.00 ','0016A'),('1669829','CHOLESTEROL/5 PACK/300 SLDS','Box',' 4,762.80 ','0016A'),('1914605','CHOLINESTERASE/5 PACK/300 SLDS','Box',' 5,547.75 ','0016A'),('8479396','CK/5PACK/300SLDS','Box',' 6,263.25 ','0016A'),('8058232','CKMB/5 PACK/300 SLDS','Box',' 7,616.25 ','0016A'),('8262396','ENZYMATIC CO2/5 PACK/300 SLDS','Box',' 4,880.25 ','0016A'),('1707801','GLUCOSE/5 PACK/300 SLDS','Box',' 4,725.70 ','0016A'),('1515808','IRON/5 PACK/300 SLDS','Box',' 6,519.75 ','0016A'),('8433880','LACTATE/5 PACK/300 SLDS','Box',' 5,547.75 ','0016A'),('1668409','LIPASE/5 PACK/300 SLDS','Box',' 6,454.50 ','0016A'),('8318925','LITHIUM/5 PACK/300 SLDS','Box',' 5,547.75 ','0016A'),('8255093','MAGNESIUM/5 PACK/300 SLDS','Box',' 5,547.75 ','0016A'),('1513209','PHOSPHORUS/5 PACK/300 SLDS','Box',' 6,240.00 ','0016A'),('8159931','TOT BILIRUBIN/5 PACK/300 SLDS','Box',' 5,103.00 ','0016A'),('1336544','TRIGLYCERIDES/5 PACK/300 SLDS','Box',' 4,762.80 ','0016A'),('1943927','URIC ACID/5 PACK/300 SLDS','Box',' 4,725.70 ','0016A'),('8433815','AST/5 PACK/300 SLDS','Box',' 5,569.20 ','0016A'),('6801895','Direct HDL Slides/300 slides per pack','Box',' 11,695.60 ','0016A'),('1037274','ACETAMINOPHEN/5PACK/90SLD','Box',' 1,953.00 ','0016A'),('8168122','ACID PHOS/5 PACK/90 SLDS','Box',' 1,664.25 ','0016A'),('1988211','ALBUMIN/5 PACK/90 SLDS','Box',' 1,670.90 ','0016A'),('8046872','ALCOHOL/5 PACK/90 SLDS','Box',' 1,664.25 ','0016A'),('1726926','AMMONIA/5 PACK/90 SLDS','Box',' 1,936.50 ','0016A'),('8112724','AMYLASE/5 PACK/90 SLDS','Box',' 1,739.25 ','0016A'),('1612365','BUBC/5 PACK/90 SLDS','Box',' 1,531.50 ','0016A'),('8892382','CARBAMAZEPINE/5 PACK/90 SLDS','Box',' 6,581.25 ','0016A'),('8004707','CHOLINESTERASE/5 PACK/90 SLDS','Box',' 1,664.25 ','0016A'),('8478034','CK/5 PACK/90 SLDS','Box',' 1,963.50 ','0016A'),('8001133','CKMB/5 PACK/90 SLDS','Box',' 2,388.00 ','0016A'),('8097990','CRP/5PACKS 90 SLDS','Box',' 6,295.50 ','0016A'),('8208431','CSF PROTEIN/5 PACK/90 SLDS','Box',' 1,875.00 ','0016A'),('8343386','DIGOXIN/5PACK/90SLDS','Box',' 6,295.50 ','0016A'),('1924547','IRON/5 PACK/90 SLDS','Box',' 1,936.50 ','0016A'),('8150112','LACTATE/5 PACK/90 SLDS','Box',' 1,664.25 ','0016A'),('8297749','LIPASE/5 PACK/90 SLDS','Box',' 2,014.50 ','0016A'),('1632660','LITHIUM/5 PACK/90 SLDS','Box',' 1,664.25 ','0016A'),('1921204','MAGNESIUM/5 PACK/90 SLDS','Box',' 1,739.25 ','0016A'),('8221384','PHENOBARB/5 PACK/90 SLDS','Box',' 6,581.25 ','0016A'),('8298671','PHENYTOIN/5PACK/90SLDS','Box',' 6,295.50 ','0016A'),('1314343','SALICYLATE/5 PACK/90 SLDS','Box',' 2,220.00 ','0016A'),('1307164','THEOPHYLLINE/5 PACK/90 SLDS','Box',' 2,285.25 ','0016A'),('6800120','URINE PROTEIN/5 PACK/90 SLDS','Box',' 1,879.50 ','0016A'),('1882208','CAL KIT 1(Bun/Urea,Ca, Creat,Glu,Lac,Mg,Li,Phos,Sali,Theo, Uric)','Box',' 3,129.00 ','0016A'),('1662659','CAL KIT 2 (Chol,Cl,Eco2,K+,Na+, Trig)','Box',' 3,129.00 ','0016A'),('1290709','CAL KIT 3(ALP,ALT,Amyl,AST,CK,GGT,LDH, Lipase) ','Box',' 2,165.25 ','0016A'),('1204668','CAL KIT 4( Alb, BuBc,Fe, Tbil,TIBC,TP)','Box',' 2,166.00 ','0016A'),('1149764','CAL KIT 5  (Ammonia,  Protein)','Box',' 3,129.00 ','0016A'),('1204247','CAL KIT 6  (CHE , CKMB)','Box',' 4,174.50 ','0016A'),('1320498','CAL KIT 7  (CRP)','Box',' 3,129.00 ','0016A'),('8578163','CAL KIT 8   (  Alcohol)','Box',' 3,129.00 ','0016A'),('8568040','CAL KIT 9   (ACET,PHYT,PHBR,DGXN)','Box',' 3,129.00 ','0016A'),('6800189','CAL KIT 10  (  Urine  Protein) ','Box',' 3,129.00 ','0016A'),('6801697','Calibrator Kit 12   (  Valproic  acid) ','Box',' 23,427.75 ','0016A'),('6801700','Calibrator Kit 16   (  Rhematoid  factor) ','Box',' 5,835.75 ','0016A'),('6801701','Calibrator Kit 17   ( hsCRP)','Box',' 10,139.25 ','0016A'),('6802323','Calibrator Kit 28 (ASO)','Box',' 6,961.50 ','0016A'),('6802344','Calibrator Kit 29 (dTIBC)','Box',' 4,966.50 ','0016A'),('6801703','Calibrator Kit 19  ( dLDL)','Box',' 5,835.75 ','0016A'),('6801702','Calibrator Kit 18  (% A1C)','Box',' 4,439.25 ','0016A'),('6801708','Calibrator Kit 24  (  MicroAlbumin) ','Box',' 7,303.50 ','0016A'),('6801896','CAL KIT 25   ( dHDL) ','Box',' 5,586.00 ','0016A'),('1110352','URINE ELEC DILUENT','Box',' 1,564.50 ','0016A'),('8067324','PER VER I','Box',' 3,297.00 ','0016A'),('8231474','PER VER II','Box',' 3,297.00 ','0016A'),('8721508','ISO PER VER I','Box',' 3,155.25 ','0016A'),('8748220','ISO PER VER II','Box',' 3,155.25 ','0016A'),('8466492','LIQ PER VER I','Box',' 3,155.25 ','0016A'),('1384007','LIQ PER VER II','Box',' 3,155.25 ','0016A'),('8962540','TDM PER VER I','Box',' 2,796.00 ','0016A'),('1792357','TDM PER VER II','Box',' 2,796.00 ','0016A'),('8182172','TDM PER VER III','Box',' 2,796.00 ','0016A'),('6800190','UPRO PER VER I','Box',' 3,155.25 ','0016A'),('6800191','UPRO PER VER II','Box',' 3,155.25 ','0016A'),('8262487','7% BSA SOLUTION','Box',' 1,749.75 ','0016A'),('8074452','CITRIC ACID SOLUTION','Box',' 1,901.25 ','0016A'),('8936049','CRP PER VER I','Box',' 2,796.00 ','0016A'),('8597452','CRP PER VER II','Box',' 2,796.00 ','0016A'),('1830033','IMMUNO WASH FLUID','Box',' 5,045.25 ','0016A'),('6844463','950 REFERENCE FLUID/800 REFERENCE FLUID','Box',' 5,754.75 ','0016A'),('6844464','250/350 REFERENCE FLUID/300 REFERENCE FLUID','Box',' 5,985.00 ','0016A'),('1213115','MICRO SAMPLE CUPS BOX/4000','Box',' 3,425.25 ','0016A'),('1247873','HUMIDITY CONTROL PKS BX/2 SETS','Box',' 1,653.75 ','0016A'),('1250232','DESICCANT PACKS BX/2 SETS','Box',' 1,239.75 ','0016A'),('1451392','SAMPLE CUP PIERCE CAP BX/1000','Box',' 759.75 ','0016A'),('1474030','MICRO TIPS BOX/250','Box',' 452.25 ','0016A'),('6801715','Vitros VersaTip Box/1000','Box',' 1,633.80 ','0016A'),('1250315','DISP AIR FILTERS BOX/6','Box',' 1,016.25 ','0016A'),('1122423','950 SLD DISP BOX LINER/PIC','Box',' 5,718.75 ','0016A'),('1331560','250 AIR FILTER','Box',' 3,507.75 ','0016A'),('1158294','250 HEIGHT ADAPTER','Box',' 2,050.50 ','0016A'),('1338953','250 MICROTUBE ADAPTER','Box',' 886.50 ','0016A'),('1631779','250 MIXING CUP ARRAY','Box',' 1,956.75 ','0016A'),('1412204','250 SAMPLE CUP ADAPTER','Box',' 1,758.00 ','0016A'),('1204791','250 SLIDE DISP BOX LINERS','Box',' 5,718.75 ','0016A'),('1561976','250 TIP RACK','Box',' 1,032.75 ','0016A'),('1627439','250 UNIV SAMPLE TRAY','Box',' 2,848.50 ','0016A'),('8867541','8867541 TIBC KIT','Box',' 4,932.75 ','0016A'),('Catalog','Description','Unit',' Price ','Supplier ID'),('MEDTEK2022001','INTEC - DOA-2 MET/THC Test - Urine - Card','20  per kit',' 640.50 ','R014'),('MEDTEK2022002','INTEC - Pregnancy - hCG Test - Urine - Urine - Card','40  per kit',' 1,234.80 ','R014'),('MEDTEK2022003','INTEC - Pregnancy - hCG Test - Urine - Card','40  per kit',' 1,234.80 ','R014'),('MEDTEK2022004','INTEC - Pregnancy - hCG Test - Combo - Urine/Serum - Card','40  per kit',' 1,478.40 ','R014'),('MEDTEK2022005','INTEC - Pregnancy - hCG Test - Urine/Serum - Card','40  per kit',' 1,316.70 ','R014'),('MEDTEK2022006','INTEC - Infectious Disease - HBsAb Test - Serum/Plasma - Card','40  per kit',' 2,240.70 ','R014'),('MEDTEK2022007','INTEC - Infectious Disease - HBsAb Test - Serum/Plasma - Card','40  per kit',' 2,137.80 ','R014'),('MEDTEK2022008','INTEC - Infectious Disease - HBsAg Test - Serum/Plasma - Card','40  per kit',' 1,848.00 ','R014'),('MEDTEK2022009','INTEC - Infectious Disease - HBsAg Test - Serum/Plasma - Card','40  per kit',' 1,570.80 ','R014'),('MEDTEK2022010','INTEC - Infectious Disease - HBsAg Test - Serum/Plasma - Strip','50  per kit',' 1,548.75 ','R014'),('MEDTEK2022011','INTEC - Infectious Disease - HBsAg Test - Serum/Plasma - Strip','50  per kit',' 1,317.75 ','R014'),('MEDTEK2022012','INTEC - Infectious Disease - HCV Test - Serum/Plasma - Card','40  per kit',' 3,570.00 ','R014'),('MEDTEK2022013','INTEC - Infectious Disease - HCV Test - Serum/Plasma - Card','40  per kit',' 3,141.60 ','R014'),('MEDTEK2022014','INTEC - Infectious Disease - HCV Test - Serum/Plasma - Strip','50  per kit',' 4,158.00 ','R014'),('MEDTEK2022015','INTEC - Infectious Disease - HCV Test - Serum/Plasma - Strip','50  per kit',' 3,627.75 ','R014'),('MEDTEK2022016','INTEC - Infectious Disease - HIV Test - Serum/Plasma - Card','40  per kit',' 3,326.40 ','R014'),('MEDTEK2022017','INTEC - Infectious Disease - HIV Test - Serum/Plasma - Card','40  per kit',' 2,898.00 ','R014'),('MEDTEK2022018','INTEC - Infectious Disease - HIV Test - Serum/Plasma - Strip','50  per kit',' 3,927.00 ','R014'),('MEDTEK2022019','INTEC - Infectious Disease - HIV Test - Serum/Plasma - Strip','50  per kit',' 3,396.75 ','R014'),('MEDTEK2022020','INTEC - Infectious Disease - Syphilis Test - Serum/Plasma - Card','40  per kit',' 1,570.80 ','R014'),('MEDTEK2022021','INTEC - Infectious Disease - Syphilis Test - Serum/Plasma - Card','40  per kit',' 1,478.40 ','R014'),('MEDTEK2022022','INTEC - Infectious Disease - Syphilis Test - Serum/Plasma - Strip','50  per kit',' 1,433.25 ','R014'),('MEDTEK2022024','INTEC  - Others - Malaria Pf/Pv Test - Whole Blood - Card','40  per kit',' 2,379.30 ','R014'),('MEDTEK2022025','INTEC  - Others - Troponin-I Test - Combo - Card','40  per kit',' 7,854.00 ','R014'),('MEDTEK2022026','ARIA - Tropical Disease - Chikungunya IgM Test - Combo - Card','30  per kit',' 4,573.80 ','R014'),('MEDTEK2022027','ARIA - Tropical Disease - Dengue Ag (NS1) Test - Combo - Card','30  per kit',' 7,276.50 ','R014'),('MEDTEK2022028','ARIA - Tropical Disease - Dengue Duo Ag-IgG/IgM Test - Combo - Card','30  per kit',' 13,167.00 ','R014'),('MEDTEK2022029','ARIA - Tropical Disease - Dengue IgG/IgM Test - Combo - Card','30  per kit',' 6,410.25 ','R014'),('MEDTEK2022030','ARIA - Tropical Disease - Dengue IgG/IgM-Chikungunya IgM Test - Combo - Card','30  per kit',' 7,623.00 ','R014'),('MEDTEK2022031','ARIA - Tropical Disease - Filariasis IgG/IgM Test - Combo - Card','30  per kit',' 4,573.80 ','R014'),('MEDTEK2022032','ARIA - Tropical Disease - Leptospirosis IgG/IgM Test - Combo - Card','30  per kit',' 4,573.80 ','R014'),('MEDTEK2022033','ARIA - Tropical Disease - Malaria Pf/Pan Antigen Test - Whole Blood - Card','30  per kit',' 4,158.00 ','R014'),('MEDTEK2022034','ARIA - Tropical Disease - Malaria Pf/Pv Antibody Test - Combo - Card','30  per kit',' 1,732.50 ','R014'),('MEDTEK2022035','ARIA - Tropical Disease - Malaria Pf/Pv Antigen Test - Whole Blood - Card','30  per kit',' 1,732.50 ','R014'),('MEDTEK2022036','ARIA - Tropical Disease - Typhoid IgG/IgM Test - Serum/Plasma - Card','30  per kit',' 4,331.25 ','R014'),('MEDTEK2022037','ARIA - Tropical Disease - Typhoid IgG/IgM Test - Combo - Card','30  per kit',' 5,197.50 ','R014'),('MEDTEK2022038','ARIA - STD - Chlamydia Ag Test - Swab - Card','25  per kit',' 3,118.50 ','R014'),('MEDTEK2022039','ARIA - STD - HAV IgM Test - Serum/Plasma - Card','30  per kit',' 4,158.00 ','R014'),('MEDTEK2022040','ARIA - STD - HEV IgM Test - Serum/Plasma - Card','30  per kit',' 4,158.00 ','R014'),('MEDTEK2022041','ARIA - Gastrointestinal - Fecal Occult Blood-Hi - Stool - Card','25  per kit',' 1,963.50 ','R014'),('MEDTEK2022042','ARIA - Gastrointestinal - H. pylori Antigen Test - Stool - Card','30  per kit',' 4,158.00 ','R014'),('MEDTEK2022043','ARIA - Gastrointestinal - H. pylori Antibody Test - Combo - Card','30  per kit',' 3,465.00 ','R014'),('MEDTEK2022044','ARIA - Others - PSA Semi-Quantitative Test - Serum/Plasma - Card','30  per kit',' 3,742.20 ','R014'),('MEDTEK2022045','ARIA - Others - TB IgG/IgM Test - Combo - Card','30  per kit',' 2,494.80 ','R014'),('MEDTEK2022046','IDL - Tubex - Serum','36  per kit',' 11,064.90 ','R014'),('MEDTEK2022047','MP BIO - Assure H. pylori Test - Combo - Card','20  per kit',' 8,881.95 ','R014'),('MEDTEK2022048','ERBA - Analyzers - XL-180 - Fully-automated','1 per box',' 991,000.00 ','R014'),('MEDTEK2022049','ERBA - Analyzers - XL-200 - Fully-automated','1 per box',' 1,132,000.00 ','R014'),('MEDTEK2022050','ERBA - Analyzers - Chem-7 - Semi-automated','1 per box',' 190,000.00 ','R014'),('MEDTEK2022051','ERBA - XL-SYSTEM - Routine Chemistry Reagents - Alanine Aminotransferase','R1: 44ml x 6 per box',' 5,819.00 ','R014'),('MEDTEK2022052','ERBA - XL-SYSTEM - Routine Chemistry Reagents - Alanine Aminotransferase','R2: 22ml x 3 per box',' 5,819.00 ','R014'),('MEDTEK2022053','ERBA - XL-SYSTEM - Routine Chemistry Reagents - Aspartate Aminotransferase','R1: 44ml x 6  per box',' 5,819.00 ','R014'),('MEDTEK2022054','ERBA - XL-SYSTEM - Routine Chemistry Reagents - Aspartate Aminotransferase','R2: 22ml x 3 per box',' 5,819.00 ','R014'),('MEDTEK2022055','ERBA - XL-SYSTEM - Routine Chemistry Reagents - Cholesterol - HDL','R1: 30ml x 4 per box',' 17,050.00 ','R014'),('MEDTEK2022056','ERBA - XL-SYSTEM - Routine Chemistry Reagents - Cholesterol - HDL','R2: 10ml x 4 per box',' 17,050.00 ','R014'),('MEDTEK2022057','ERBA - XL-SYSTEM - Routine Chemistry Reagents - Cholesterol - Total','44ml  x 10 per box',' 3,812.00 ','R014'),('MEDTEK2022058','ERBA - XL-SYSTEM - Routine Chemistry Reagents - Creatinine','R1: 44ml x 5 per box',' 4,015.00 ','R014'),('MEDTEK2022059','ERBA - XL-SYSTEM - Routine Chemistry Reagents - Creatinine','R2: 11ml x 5 per box',' 4,015.00 ','R014'),('MEDTEK2022060','ERBA - XL-SYSTEM - Routine Chemistry Reagents - Glucose','44ml  x 10 per box',' 2,973.00 ','R014'),('MEDTEK2022061','ERBA - XL-SYSTEM - Routine Chemistry Reagents - Triglycerides','44ml  x 10 per box',' 6,416.00 ','R014'),('MEDTEK2022062','ERBA - XL-SYSTEM - Routine Chemistry Reagents - Urea','R1: 44ml x 5 per box',' 8,004.00 ','R014'),('MEDTEK2022063','ERBA - XL-SYSTEM - Routine Chemistry Reagents - Urea','R2: 11ml x 5 per box',' 8,004.00 ','R014'),('MEDTEK2022064','ERBA - XL-SYSTEM - Routine Chemistry Reagents - Uric Acid','44ml  x 10 per box',' 5,590.00 ','R014'),('MEDTEK2022065','ERBA - XL-SYSTEM - Special Chemistry Reagents - Albumin','44ml x 10 per box',' 2,884.00 ','R014'),('MEDTEK2022066','ERBA - XL-SYSTEM - Special Chemistry Reagents - Alkaline Phosphatase','R1: 44ml x 2 per box',' 1,525.00 ','R014'),('MEDTEK2022067','ERBA - XL-SYSTEM - Special Chemistry Reagents - Alkaline Phosphatase','R2: 11ml x 2 per box',' 1,525.00 ','R014'),('MEDTEK2022068','ERBA - XL-SYSTEM - Special Chemistry Reagents - Amylase','22ml x 5 per box',' 4,587.00 ','R014'),('MEDTEK2022069','ERBA - XL-SYSTEM - Special Chemistry Reagents - Bilirubin - Direct','R1: 44ml x 6 per box',' 2,973.00 ','R014'),('MEDTEK2022070','ERBA - XL-SYSTEM - Special Chemistry Reagents - Bilirubin - Direct','R2: 11ml x 2 per box',' 2,973.00 ','R014'),('MEDTEK2022071','ERBA - XL-SYSTEM - Special Chemistry Reagents - Bilirubin - Total','R1: 44ml x 6 per box',' 3,672.00 ','R014'),('MEDTEK2022072','ERBA - XL-SYSTEM - Special Chemistry Reagents - Bilirubin - Total','R2: 11ml x 2 per box',' 3,672.00 ','R014'),('MEDTEK2022073','ERBA - XL-SYSTEM - Special Chemistry Reagents - Calcium','12ml x 10 per box',' 1,537.00 ','R014'),('MEDTEK2022074','ERBA - XL-SYSTEM - Special Chemistry Reagents - Chloride','12ml x 10 per box',' 1,398.00 ','R014'),('MEDTEK2022075','ERBA - XL-SYSTEM - Special Chemistry Reagents - Cholesterol - LDL','R1: 30ml x 2 per box',' 10,609.00 ','R014'),('MEDTEK2022076','ERBA - XL-SYSTEM - Special Chemistry Reagents - Cholesterol - LDL','R2: 10ml x 2 per box',' 10,609.00 ','R014'),('MEDTEK2022077','ERBA - XL-SYSTEM - Special Chemistry Reagents - Creatine Kinase','R1: 44ml x 2 per box',' 5,971.00 ','R014'),('MEDTEK2022078','ERBA - XL-SYSTEM - Special Chemistry Reagents - Creatine Kinase','R2: 11ml x 2 per box',' 5,971.00 ','R014'),('MEDTEK2022079','ERBA - XL-SYSTEM - Special Chemistry Reagents - Creatine Kinase MB','R1: 44ml x 2 per box',' 7,280.00 ','R014'),('MEDTEK2022080','ERBA - XL-SYSTEM - Special Chemistry Reagents - Creatine Kinase MB','R2: 11ml x 2',' 7,280.00 ','R014'),('MEDTEK2022081','ERBA - XL-SYSTEM - Special Chemistry Reagents - Creatinine Enzymatic','R1: 30ml x 5 per box',' 17,495.00 ','R014'),('MEDTEK2022082','ERBA - XL-SYSTEM - Special Chemistry Reagents - Creatinine Enzymatic','R2: 10ml x 5 per box',' 17,495.00 ','R014'),('MEDTEK2022083','ERBA - XL-SYSTEM - Special Chemistry Reagents - Gamma Glutamyl Transferase','R1: 44ml x 2 per box',' 2,452.00 ','R014'),('MEDTEK2022084','ERBA - XL-SYSTEM - Special Chemistry Reagents - Gamma Glutamyl Transferase','R2: 11ml x 2 per box',' 2,452.00 ','R014'),('MEDTEK2022085','ERBA - XL-SYSTEM - Special Chemistry Reagents - Iron','R1: 25ml x 4 per box',' 3,189.00 ','R014'),('MEDTEK2022086','ERBA - XL-SYSTEM - Special Chemistry Reagents - Iron','R2: 12.5ml x 2 per box',' 3,189.00 ','R014'),('MEDTEK2022087','ERBA - XL-SYSTEM - Special Chemistry Reagents - Lactate Dehydrogenase','R1: 44ml x 2 per box',' 2,859.00 ','R014'),('MEDTEK2022088','ERBA - XL-SYSTEM - Special Chemistry Reagents - Lactate Dehydrogenase','R2: 11ml x 2 per box',' 2,859.00 ','R014'),('MEDTEK2022089','ERBA - XL-SYSTEM - Special Chemistry Reagents - Lipase','R1: 44ml x 2 per box',' 25,385.00 ','R014'),('MEDTEK2022090','ERBA - XL-SYSTEM - Special Chemistry Reagents - Lipase','R2: 11ml x 2 per box',' 25,385.00 ','R014'),('MEDTEK2022091','ERBA - XL-SYSTEM - Special Chemistry Reagents - Magnesium','44ml x 2 per box',' 3,329.00 ','R014'),('MEDTEK2022092','ERBA - XL-SYSTEM - Special Chemistry Reagents - Phosphorus','12ml x 10 per box',' 2,884.00 ','R014'),('MEDTEK2022093','ERBA - XL-SYSTEM - Special Chemistry Reagents - Total Protein','44ml x 10 per box',' 8,663.00 ','R014'),('MEDTEK2022094','ERBA - XL-SYSTEM - Calibrator, Controls and Others - Rotor','120 Cuvettes per piece',' 1,728.00 ','R014'),('MEDTEK2022095','ERBA - XL-SYSTEM - Calibrator, Controls and Others - Erba Norm','R1: 5ml x 4 per box',' 4,078.00 ','R014'),('MEDTEK2022096','ERBA - XL-SYSTEM - Calibrator, Controls and Others - Erba Norm','R:2 20ml x 1 per box',' 4,078.00 ','R014'),('MEDTEK2022097','ERBA - XL-SYSTEM - Calibrator, Controls and Others - Erba Path','R1: 5ml x 4 per box',' 4,078.00 ','R014'),('MEDTEK2022098','ERBA - XL-SYSTEM - Calibrator, Controls and Others - Erba Path','R:2 20ml x 1 per box',' 4,078.00 ','R014'),('MEDTEK2022099','ERBA - XL-SYSTEM - Calibrator, Controls and Others - XL Multical','3ml x 4 per box',' 5,438.00 ','R014'),('MEDTEK2022100','ERBA - XL-SYSTEM - Calibrator, Controls and Others - XL Wash','100ml x 4 per box',' 3,176.00 ','R014'),('MEDTEK2022101','ERBA - XL-SYSTEM - Calibrator, Controls and Others - HDL/LDL Calibrator','1ml x 2 per box',' 5,984.00 ','R014'),('MEDTEK2022102','ERBA - Routine Chemistry Reagents - Alanine Aminotransferase','R1: 50ml x 4 per box',' 1,827.00 ','R014'),('MEDTEK2022103','ERBA - Routine Chemistry Reagents - Alanine Aminotransferase','R2: 50ml x 1 per box',' 1,827.00 ','R014'),('MEDTEK2022104','ERBA - Routine Chemistry Reagents - Aspartate Aminotransferase','R1: 50ml x 4 per box',' 1,827.00 ','R014'),('MEDTEK2022105','ERBA - Routine Chemistry Reagents - Aspartate Aminotransferase','R2: 50ml x 1 per box',' 1,827.00 ','R014'),('MEDTEK2022106','ERBA - Routine Chemistry Reagents - Cholesterol - HDL','R1: 30ml x 2 per box',' 10,332.00 ','R014'),('MEDTEK2022107','ERBA - Routine Chemistry Reagents - Cholesterol - HDL','R2: 10ml x 2 per box',' 10,332.00 ','R014'),('MEDTEK2022108','ERBA - Routine Chemistry Reagents - Cholesterol - Total','250ml x 1 per box',' 2,503.00 ','R014'),('MEDTEK2022109','ERBA - Routine Chemistry Reagents - Creatinine','R1: 50ml x 2 per box',' 1,631.00 ','R014'),('MEDTEK2022110','ERBA - Routine Chemistry Reagents - Creatinine','R2: 50ml x 2 per box',' 1,631.00 ','R014'),('MEDTEK2022111','ERBA - Routine Chemistry Reagents - Glucose','250ml x 2 per box',' 2,991.00 ','R014'),('MEDTEK2022112','ERBA - Routine Chemistry Reagents - Triglycerides','50ml x 2 per box',' 2,855.00 ','R014'),('MEDTEK2022113','ERBA - Routine Chemistry Reagents - Urea','R1: 50ml x 4 per box',' 1,794.00 ','R014'),('MEDTEK2022114','ERBA - Routine Chemistry Reagents - Urea','R2: 50ml x 1 per box',' 1,794.00 ','R014'),('MEDTEK2022115','ERBA - Routine Chemistry Reagents - Uric Acid','50ml x 4 per box',' 2,352.00 ','R014'),('MEDTEK2022116','ERBA - Special Chemistry Reagents - Albumin','50ml x 5 per box',' 1,645.00 ','R014'),('MEDTEK2022117','ERBA - Special Chemistry Reagents - Alkaline Phosphatase','R1: 30ml x 4 per box',' 2,936.00 ','R014'),('MEDTEK2022118','ERBA - Special Chemistry Reagents - Alkaline Phosphatase','R2: 30ml x 1 per box',' 2,936.00 ','R014'),('MEDTEK2022119','ERBA - Special Chemistry Reagents - Amylase','20ml x 5 per box',' 6,696.00 ','R014'),('MEDTEK2022120','ERBA - Special Chemistry Reagents - Bilirubin - Total and Direct','0ml x 2per box',' 1,359.00 ','R014'),('MEDTEK2022121','ERBA - Special Chemistry Reagents - Bilirubin - Total and Direct','R2: 50ml x 2 per box',' 1,359.00 ','R014'),('MEDTEK2022122','ERBA - Special Chemistry Reagents - Bilirubin - Total and Direct','R3: 6ml x 1 per box',' 1,359.00 ','R014'),('MEDTEK2022123','ERBA - Special Chemistry Reagents - Calcium','50ml x 2 per box',' 1,631.00 ','R014'),('MEDTEK2022124','ERBA - Special Chemistry Reagents - Chloride','250ml x 1 per box',' 1,675.00 ','R014'),('MEDTEK2022125','ERBA - Special Chemistry Reagents - Cholesterol - LDL','R1: 30ml x 2 per box',' 7,819.00 ','R014'),('MEDTEK2022126','ERBA - Special Chemistry Reagents - Cholesterol - LDL','R2: 10ml x 2 per box',' 7,819.00 ','R014'),('MEDTEK2022127','ERBA - Special Chemistry Reagents - Cholesterol - HDL Precipitating','50ml x 2 per box',' 2,795.00 ','R014'),('MEDTEK2022128','ERBA - Special Chemistry Reagents - Creatine Kinase','R1: 40ml x 2 per box',' 6,661.00 ','R014'),('MEDTEK2022129','ERBA - Special Chemistry Reagents - Creatine Kinase','R2: 20ml x 1 per box',' 6,661.00 ','R014'),('MEDTEK2022130','ERBA - Special Chemistry Reagents - Creatine Kinase - MB','R1: 40ml x 2 per box',' 8,919.00 ','R014'),('MEDTEK2022131','ERBA - Special Chemistry Reagents - Creatine Kinase - MB','R2: 20ml x 1 per box',' 8,919.00 ','R014'),('MEDTEK2022132','ERBA - Special Chemistry Reagents - Gamma Glutamyl Transferase','R1: 20ml x 4 per box',' 2,732.00 ','R014'),('MEDTEK2022133','ERBA - Special Chemistry Reagents - Gamma Glutamyl Transferase','R2: 20ml x 1 per box',' 2,732.00 ','R014'),('MEDTEK2022134','ERBA - Special Chemistry Reagents - Lactate Dehydrogenase','R1: 20ml x 4  per box',' 3,468.00 ','R014'),('MEDTEK2022135','ERBA - Special Chemistry Reagents - Lactate Dehydrogenase','R2: 20ml x 1 per box',' 3,468.00 ','R014'),('MEDTEK2022136','ERBA - Special Chemistry Reagents - Magnesium','250ml x 1 per box',' 11,409.00 ','R014'),('MEDTEK2022137','ERBA - Special Chemistry Reagents - Phosphorus','250ml x 1 per box',' 1,741.00 ','R014'),('MEDTEK2022138','ERBA - Special Chemistry Reagents - Total Protein','50ml x 5 per box',' 6,353.00 ','R014'),('MEDTEK2022139','ERBA - Calibrators, Controls and Others - Erba Norm','R1: 5ml x 4 per box',' 4,078.00 ','R014'),('MEDTEK2022140','ERBA - Calibrators, Controls and Others - Erba Norm','R2: 20ml x 1 per box',' 4,078.00 ','R014'),('MEDTEK2022141','ERBA - Calibrators, Controls and Others - Erba Path','R1: 5ml x 4 per box',' 4,078.00 ','R014'),('MEDTEK2022142','ERBA - Calibrators, Controls and Others - Erba Path','R2: 20ml x 1 per box',' 4,078.00 ','R014'),('MEDTEK2022143','ERBA - Calibrators, Controls and Others - HDL/LDL Calibrator','1ml  x 2 per box',' 5,984.00 ','R014'),('MEDTEK2022144','HEMALINE 300','',' 323,000.00 ','R014'),('MEDTEK2022145','HEMALINE 300 - Reagents & Controls -   Diluent','10L per pack',' 2,310.00 ','R014'),('MEDTEK2022146','HEMALINE 300 - Reagents & Controls -   Detergent','5L per pack',' 1,271.00 ','R014'),('MEDTEK2022147','HEMALINE 300 - Reagents & Controls -   Lytic Reagent','1L per pack',' 5,313.00 ','R014'),('MEDTEK2022148','HEMALINE 300 - Reagents & Controls -   Probe Cleaner','100ml per pack',' 2,195.00 ','R014'),('MEDTEK2022149','HEMALINE 300 - Reagents & Controls -   Control, CBC-3D - L/N/H','3ml x 3 per set',' 10,799.00 ','R014'),('MEDTEK2022150','HEMALINE 300 - Reagents & Controls -   Control, CBC-3D TRI Pack - L/N/H','3ml x 6 per box',' 16,199.00 ','R014'),('MEDTEK2022151','HEMALINE 500','',' 1,098,000.00 ','R014'),('MEDTEK2022152','HEMALINE 500 - Reagents & Controls -   Diluent','20L per pack',' 5,660.00 ','R014'),('MEDTEK2022153','HEMALINE 500 - Reagents & Controls -   Detergent','20L per pack',' 5,660.00 ','R014'),('MEDTEK2022154','HEMALINE 500 - Reagents & Controls -   Lyse','1L per pack',' 7,508.00 ','R014'),('MEDTEK2022155','HEMALINE 500 - Reagents & Controls -   Sheath','20L per pack',' 9,933.00 ','R014'),('MEDTEK2022156','HEMALINE 500 - Reagents & Controls -   Staining Solution','1ml x 50 per box',' 13,283.00 ','R014'),('MEDTEK2022157','HEMALINE 500 - Reagents & Controls -   Control, CBC-3K - L/N/H','3ml x 3 per set',' 14,103.00 ','R014'),('MEDTEK2022158','HEMALINE 500 - Reagents & Controls -   Control, CBC-3K TRI Pack - L/N/H','3ml x 6 per box',' 21,154.00 ','R014'),('MEDTEK2022159','URIT-3000+','',' 444,000.00 ','R014'),('MEDTEK2022160','URIT-3000+ - Reagents - Diluent','5L per pack',' 858.00 ','R014'),('MEDTEK2022161','URIT-3000+ - Reagents - Detergent','5L per pack',' 1,029.00 ','R014'),('MEDTEK2022162','URIT-3000+ - Reagents - Lytic Reagent','1L per pack',' 5,946.00 ','R014'),('MEDTEK2022163','URIT-3000+ - Reagents - Probe Cleaner','100ml per pack',' 1,841.00 ','R014'),('MEDTEK2022164','URIT-3000+ - Reagents - Control, HQ-3Diff - L/N/H','3ml x 3 per pouch',' 9,818.00 ','R014'),('MEDTEK2022165','URIT-3000+ - Reagents - Control, HQ-3Diff KIT - L/N/H','3ml x 6 per box',' 14,726.00 ','R014'),('MEDTEK2022166','URIT-5250','',' 1,016,000.00 ','R014'),('MEDTEK2022167','URIT-5250 - Reagents & Comtrols - Diluent','20L per pack',' 3,430.00 ','R014'),('MEDTEK2022168','URIT-5250 - Reagents & Comtrols - Detergent','20L per pack',' 4,116.00 ','R014'),('MEDTEK2022169','URIT-5250 - Reagents & Comtrols - Lyse','1L per pack',' 5,946.00 ','R014'),('MEDTEK2022170','URIT-5250 - Reagents & Comtrols - Sheath','20L per pack',' 12,451.00 ','R014'),('MEDTEK2022171','URIT-5250 - Reagents & Comtrols - Control, HQ-5Diff - L/N/H','3ml x 3 per pouch',' 12,821.00 ','R014'),('MEDTEK2022172','URIT-5250 - Reagents & Comtrols - Control, HQ-5Diff KIT - L/N/H','3ml x 6 per box',' 18,596.00 ','R014'),('MEDTEK2022173','URIT-12 Hemoglobin Meter','',' 19,693.00 ','R014'),('MEDTEK2022174','URIT-12 Hemoglobin Strips','25 strips x 2 per kit',' 3,070.00 ','R014'),('MEDTEK2022175','URIT-12 Control, HQ-A - L/M/H','1ml x 3 per box',' 2,795.00 ','R014'),('MEDTEK2022176','DREW-3','',' 508,000.00 ','R014'),('MEDTEK2022177','DREW-3 - Reagents & Controls - DREW 3 Pack','360T per pack',' 7,233.00 ','R014'),('MEDTEK2022178','DREW-3 - Reagents & Controls - EX-TROL Tri-level - L/N/H','3ml x 3 per box',' 7,623.00 ','R014'),('MEDTEK2022179','NORMA - ICON-3 - Reagents & Controls - Reagent Pack','500 Tests',' 7,623.00 ','R014'),('MEDTEK2022180','NORMA - ICON-3 - Reagents & Controls - Diluent','5L per pack',' 3,465.00 ','R014'),('MEDTEK2022181','NORMA - ICON-3 - Reagents & Controls - Lyse','1L per pack',' 4,620.00 ','R014'),('MEDTEK2022182','NORMA - ICON-3 - Reagents & Controls - System Solution','1L per pack',' 3,812.00 ','R014'),('MEDTEK2022183','NORMA - ICON-3 - Reagents & Controls - Norma Clean','1L per pack',' 3,812.00 ','R014'),('MEDTEK2022184','NORMA - ICON-3 - Reagents & Controls - NormaCont3+ - L/N/H','2.5ml x 3 per pouch',' 7,623.00 ','R014'),('MEDTEK2022185','NORMA - ICON-3 - Reagents & Controls - NormaCont3+ KIT K1 - L/N/H','2.5ml x 6 per box',' 11,550.00 ','R014'),('MEDTEK2022186','NORMA - ICON-5 - Reagents & Controls - Reagent Pack','400 Tests',' 18,018.00 ','R014'),('MEDTEK2022187','NORMA - ICON-5 - Reagents & Controls - Diluent','10L per pack',' 4,851.00 ','R014'),('MEDTEK2022188','NORMA - ICON-5 - Reagents & Controls - Lyse','1L per pack',' 10,395.00 ','R014'),('MEDTEK2022189','NORMA - ICON-5 - Reagents & Controls - Norma Clean','500ml per pack',' 2,310.00 ','R014'),('MEDTEK2022190','NORMA - ICON-5 - Reagents & Controls - NormaCont5+ - L/N/H','3ml x 3 per pouch',' 8,894.00 ','R014'),('MEDTEK2022191','NORMA - ICON-5 - Reagents & Controls - NormaCont5+ KIT K1 - L/N/H','3ml x 6 per box',' 12,821.00 ','R014'),('MEDTEK2022192','ERBA - LisaScan EM - ELISA Reader','1 per box',' 235,000.00 ','R014'),('MEDTEK2022193','ERBA - LisaWash - ELISA Washer','1 per box',' 204,000.00 ','R014'),('MEDTEK2022194','ADALTIS - Personal Lab','1 per box',' 1,733,000.00 ','R014'),('MEDTEK2022195','ADALTIS - Autotips 25-100ul, Old P-LAB','250 per set',' 2,414.00 ','R014'),('MEDTEK2022196','ADALTIS - Autotips 200ul, New P-LAB','10 x 96 per set',' 12,012.00 ','R014'),('MEDTEK2022197','ADALTIS - Autotips 1,000ul, New P-LAB','10 x 96 per set',' 13,052.00 ','R014'),('MEDTEK2022198','ADALTIS - Plastic Container 35ml','50 per box',' 9,910.00 ','R014'),('MEDTEK2022199','ADALTIS - Plastic Container 75ml','50 per box',' 10,799.00 ','R014'),('MEDTEK2022200','MDX - Analyzers -    MDX Electroline 100 Analyzer','1 per pack',' 174,000.00 ','R014'),('MEDTEK2022201','MDX - Analyzers -    MDX Electroline 100 Ca+ Analyzer','1 per pack',' 220,000.00 ','R014'),('MEDTEK2022202','MDX - Analyzers -    MDX Electroline 100 Li+ Analyzer','1 per pack',' 243,000.00 ','R014'),('MEDTEK2022203','MDX - Analyzers -    Auto Sampler','1 per pack',' 52,000.00 ','R014'),('MEDTEK2022204','MDX - Reagents & Consumables -    Electroline 100 Reagent Pack','1 per pack',' 8,663.00 ','R014'),('MEDTEK2022205','MDX - Reagents & Consumables -    Electroline 100 Ca+ Reagent Pack','1 per pack',' 10,395.00 ','R014'),('MEDTEK2022206','MDX - Reagents & Consumables -    Electroline 100 Li+ Reagent Pack','1 per pack',' 21,945.00 ','R014'),('MEDTEK2022207','MDX - Reagents & Consumables -    Cleaning Solution - Daily/Weekly','100ml per bottle',' 4,043.00 ','R014'),('MEDTEK2022208','MDX - Reagents & Consumables -    QC Solution, QC-3','100ml per bottle',' 4,043.00 ','R014'),('MEDTEK2022209','MDX - Reagents & Consumables -    Ca+ QC Solution','100ml per bottle',' 4,043.00 ','R014'),('MEDTEK2022210','MDX - Reagents & Consumables -    Na+, Cl-, pH Electrode Filling Solution','15ml per bottle',' 2,310.00 ','R014'),('MEDTEK2022211','MDX - Reagents & Consumables -    Ca+ Electrode Filling Solution','15ml per bottle',' 2,310.00 ','R014'),('MEDTEK2022212','MDX - Reagents & Consumables -    K+ Electrode Filling Solution','15ml per bottle',' 2,310.00 ','R014'),('MEDTEK2022213','MDX - Reagents & Consumables -    Li+ Electrode Filling Solution','15ml per bottle',' 4,043.00 ','R014'),('MEDTEK2022214','MDX - Reagents & Consumables -    Reference Electrode Filling Solution','15ml per bottle',' 2,310.00 ','R014'),('MEDTEK2022215','MDX - Reagents & Consumables -    Na+ Conditioner','100ml per bottle',' 4,043.00 ','R014'),('MEDTEK2022216','MDX - Reagents & Consumables -    Urine Dilute Solution','100ml per bottle',' 4,043.00 ','R014'),('MEDTEK2022217','ERBA - Analyzers - LAURA Smart','1 per box',' 50,800.00 ','R014'),('MEDTEK2022218','ERBA - Analyzers - LAURA M','1 per box',' 140,000.00 ','R014'),('MEDTEK2022219','ERBA - Urine Strips & Controls - TetraPHAN Laura (4 Parameters)','100 per canister',' 318.00 ','R014'),('MEDTEK2022220','ERBA - Urine Strips & Controls - DekaPHAN Laura (10 Parameters)','100 per canister',' 731.00 ','R014'),('MEDTEK2022221','ERBA - Urine Strips & Controls - MicroalbuPHAN (Creatinine/Albumin)','50 per canister',' 2,859.00 ','R014'),('MEDTEK2022222','ERBA - Urine Strips & Controls - Urinorm PN','15ml x 6 per box',' 5,717.00 ','R014'),('MEDTEK2022223','ERBA - Urine Strips & Controls - Check Strips','1 piece',' 2,859.00 ','R014'),('IDDL2022001','Blood Agar Plate with 5% Sheeps Blood','10 pcs/pack',' 468.20 ','R004'),('IDDL2022002','MaC Conkey Agar Plate','10 pcs/pack',' 431.20 ','R004'),('IDDL2022003','Sabouraud Dextrose Agar','10 pcs/pack',' 431.20 ','R004'),('IDDL2022004','Gentamicin Blood Agar Plate','10 pcs/pack',' 504.00 ','R004'),('IDDL2022005','Bacitracin Chocolate Agar Plate','10 pcs/pack',' 554.40 ','R004'),('IDDL2022006','Thiosulfate Citrate Bile Salt Sucrose','10 pcs/pack',' 526.40 ','R004'),('IDDL2022007','Salmonella Shigella Agar Plate','10 pcs/pack',' 504.00 ','R004'),('IDDL2022008','Chocolate Agar Plate with Supplement','10 pcs/pack',' 560.00 ','R004'),('IDDL2022009','Modified Thayer Martin Medium','10 pcs/pack',' 616.00 ','R004'),('IDDL2022010','Mannitol Salt Agar','10 pcs/pack',' 554.40 ','R004'),('IDDL2022011','Tryptic Soy Agar Plate','10 pcs/pack',' 468.20 ','R004'),('IDDL2022012','Tryptic sSoy Agar Plate with Horse Blood','10 pcs/pack',' 470.00 ','R004'),('IDDL2022013','Mueller Hinton with 5% Sheep\'s Blood Agar Plate (small)','10 pcs/pack',' 468.20 ','R004'),('IDDL2022014','Mueller Hinton with 5% Sheep\'s Blood Agar Plate (big)','10 pcs/pack',' 1,000.00 ','R004'),('IDDL2022015','Mueller Hinton Agar Plate (Big)','10 pcs/pack',' 948.60 ','R004'),('IDDL2022016','Mueller Hinton Agar Plate (small)','10 pcs/pack',' 431.20 ','R004'),('IDDL2022017','Mueller Hinton with 4% NaCl (for MRSA)','10 pcs/pack',' 468.20 ','R004'),('IDDL2022018','Haemophilus Test Medium (Small)','10 pcs/pack',' 554.40 ','R004'),('IDDL2022019','Haemophilus Test Medium (Big)','10 pcs/pack',' 924.00 ','R004'),('IDDL2022020','Nutrient Agar','10 pcs/pack',' 431.20 ','R004'),('IDDL2022021','GC Agar','10 pcs/pack',' 504.00 ','R004'),('IDDL2022022','Sheeps Blood Agar/McConkey Agar Plate','10 pcs/pack',' 504.00 ','R004'),('IDDL2022023','Gentamicin Blood/Bacitracin Chocolate Agar Plate','10 pcs/pack',' 616.00 ','R004'),('IDDL2022024','Modified Thayer Martin/Chocolate Agar Plate','10 pcs/pack',' 616.00 ','R004'),('IDDL2022025','Thiosulfate Citrate Bile Salts/Salmonella Shigella Agar','10 pcs/pack',' 560.00 ','R004'),('IDDL2022026','Sheeps Blood Agar/Chocolate Agar Plate','10 pcs/pack',' 560.00 ','R004'),('IDDL2022027','Chocolate Agar Plate/ Chocolate Agar Plate','10 pcs/pack',' 575.00 ','R004'),('IDDL2022028','MaC Conkey Agar Plate/MaC Conkey Agar Plate','10 pcs/pack',' 446.00 ','R004'),('IDDL2022029','Sheep\'s Blood Agar/Sheep\'s Blood Agar','10 pcs/pack',' 483.20 ','R004'),('IDDL2022030','Amies','10 pcs/pack',' 369.60 ','R004'),('IDDL2022031','Amies with Charcoal','10 pcs/pack',' 369.60 ','R004'),('IDDL2022032','Triple Sugar Iron Agar','10 pcs/pack',' 369.60 ','R004'),('IDDL2022033','Lysine Iron Agar','10 pcs/pack',' 369.60 ','R004'),('IDDL2022034','Sulfide Indole Motility Agar','10 pcs/pack',' 369.60 ','R004'),('IDDL2022035','Simmon Citrate','10 pcs/pack',' 369.60 ','R004'),('IDDL2022036','Urea Agar','10 pcs/pack',' 369.60 ','R004'),('IDDL2022037','Bile Esculin Agar','10 pcs/pack',' 369.60 ','R004'),('IDDL2022038','Sabouraud Dextrose Agar (tube)','10 pcs/pack',' 369.60 ','R004'),('IDDL2022039','Sorbitol','10 pcs/pack',' 448.00 ','R004'),('IDDL2022040','Arabinose','10 pcs/pack',' 616.00 ','R004'),('IDDL2022041','Mannitol','10 pcs/pack',' 560.00 ','R004'),('IDDL2022042','Thioglycolate Broth','10 pcs/pack',' 369.60 ','R004'),('IDDL2022043','Tryptic Soy Broth','10 pcs/pack',' 369.60 ','R004'),('IDDL2022044','Brain Heart Infusion Broth with 6.5% NaCl','10 pcs/pack',' 369.60 ','R004'),('IDDL2022045','Brain Heart Infusion Broth','10 pcs/pack',' 369.60 ','R004'),('IDDL2022046','Selnite F Broth','10 pcs/pack',' 369.60 ','R004'),('IDDL2022047','Alkaline Peptone Water','10 pcs/pack',' 369.60 ','R004'),('IDDL2022048','Tryptic Soy Broth w/ Glycerol','10 pcs/pack',' 616.00 ','R004'),('IDDL2022049','Erlich\'s Reagent','10 pcs/pack',' 224.00 ','R004'),('IDDL2022050','KOH 10%','10 pcs/pack',' 124.00 ','R004'),('IDDL2022051','KOH 4%','10 pcs/pack',' 124.00 ','R004'),('IDDL2022052','NSS 0.45%','10 pcs/pack',' 124.00 ','R004'),('IDDL2022053','NSS 0.85%','10 pcs/pack',' 124.00 ','R004'),('IDDL2022054','Glucose ','10 pcs/pack',' 369.60 ','R004'),('IDDL2022055','Lactose','10 pcs/pack',' 369.60 ','R004'),('IDDL2022056','Maltose','10 pcs/pack',' 369.60 ','R004'),('IDDL2022057','Sucrose','10 pcs/pack',' 369.60 ','R004'),('IDDL2022058','Ogawa Medium','10 pcs/tube',' 83.00 ','R004'),('IDDL2022059','LJ','10 pcs/tube',' 80.00 ','R004'),('IDDL2022060','Blood Culture Broth','10 pcs/bottle',' 123.00 ','R004'),('IDDL2022061','Simmon Citrate','10/packs',' 369.36 ','R004'),('GOLDQUEST2022001','AMIKACIN - 30 mcg','50 DISC/CART',' 240.00 ','R006'),('GOLDQUEST2022002','AMOXICILLIN - 25mcg','50 DISC/CART',' 240.00 ','R006'),('GOLDQUEST2022003','AMPICILLIN - 10 mcg ','50 DISC/CART',' 240.00 ','R006'),('GOLDQUEST2022004','AMOXICILLIN+CLAVULANIC - 20+10 mcg','50 DISC/CART',' 240.00 ','R006'),('GOLDQUEST2022005','AZITHROMYCIN - 15 mcg','50 DISC/CART',' 240.00 ','R006'),('GOLDQUEST2022006','AZTREONAM - 30 mcg','50 DISC/CART',' 240.00 ','R006'),('GOLDQUEST2022007','BACITRACIN - 10 U','50 DISC/CART',' 240.00 ','R006'),('GOLDQUEST2022008','CEFACLOR - 30 mcg','50 DISC/CART',' 240.00 ','R006'),('GOLDQUEST2022009','CEFAZOLIN - 30 mcg','50 DISC/CART',' 240.00 ','R006'),('GOLDQUEST2022010','CEFOPERAZONE - 7 mcg','50 DISC/CART',' 240.00 ','R006'),('GOLDQUEST2022011','CEFIXIME - 5 mcg','50 DISC/CART',' 240.00 ','R006'),('GOLDQUEST2022012','CEFEPIME - 30 mcg','50 DISC/CART',' 240.00 ','R006'),('GOLDQUEST2022013','CEFOTAXIME - 30 mcg','50 DISC/CART',' 240.00 ','R006'),('GOLDQUEST2022014','CEFOXITIN - 30 mcg','50 DISC/CART',' 240.00 ','R006'),('GOLDQUEST2022015','CEFTAZIDIME - 30 mcg','50 DISC/CART',' 240.00 ','R006'),('GOLDQUEST2022016','CEFUROXIME - 30 mcg','50 DISC/CART',' 240.00 ','R006'),('GOLDQUEST2022017','CEFTRIAXONE - 30 mcg','50 DISC/CART',' 240.00 ','R006'),('GOLDQUEST2022018','CEPHALEXIN - 30 mcg','50 DISC/CART',' 240.00 ','R006'),('GOLDQUEST2022019','CEPHALOTIN - 30 mcg','50 DISC/CART',' 240.00 ','R006'),('GOLDQUEST2022020','CHLORAMPENICOL - 30 mcg','50 DISC/CART',' 240.00 ','R006'),('GOLDQUEST2022021','CIPROFLOXACIN - 5 mcg','50 DISC/CART',' 240.00 ','R006'),('GOLDQUEST2022022','CLARITHROMYCIN - 15 mcg','50 DISC/CART',' 240.00 ','R006'),('GOLDQUEST2022023','CLINDAMYCIN - 2 mcg','50 DISC/CART',' 240.00 ','R006'),('GOLDQUEST2022024','CLOXACILLIN - 1 mcg','50 DISC/CART',' 240.00 ','R006'),('GOLDQUEST2022025','DOXYCYCLINE - 30 mcg','50 DISC/CART',' 240.00 ','R006'),('GOLDQUEST2022026','ERYTHROMYCIN - 15 mcg','50 DISC/CART',' 240.00 ','R006'),('GOLDQUEST2022027','GENTAMICIN - 10 mcg ','50 DISC/CART',' 290.00 ','R006'),('GOLDQUEST2022028','IMIPENEM - 10 mcg ','50 DISC/CART',' 240.00 ','R006'),('GOLDQUEST2022029','KANAMYCIN - 30 mcg','50 DISC/CART',' 240.00 ','R006'),('GOLDQUEST2022030','LINEZOLID - 30 mcg','50 DISC/CART',' 240.00 ','R006'),('GOLDQUEST2022031','LEVOFLOXACIN - 5 mcg','50 DISC/CART',' 240.00 ','R006'),('GOLDQUEST2022032','MEROPENEM - 10 mcg ','50 DISC/CART',' 240.00 ','R006'),('GOLDQUEST2022033','METRONIDAZOLE - 5 mcg','50 DISC/CART',' 240.00 ','R006'),('GOLDQUEST2022034','MOXIFLOXACIN - 5 mcg','50 DISC/CART',' 240.00 ','R006'),('GOLDQUEST2022035','NALIDIXIC ACID - 30 mcg','50 DISC/CART',' 240.00 ','R006'),('GOLDQUEST2022036','NETILMICIN - 30 mcg','50 DISC/CART',' 240.00 ','R006'),('GOLDQUEST2022037','NITROFURANTOIN - 300 mcg','50 DISC/CART',' 240.00 ','R006'),('GOLDQUEST2022038','NORFLOXACIN - 10 mcg ','50 DISC/CART',' 240.00 ','R006'),('GOLDQUEST2022039','NOVOBIOCIN - 30 mcg','50 DISC/CART',' 240.00 ','R006'),('GOLDQUEST2022040','OFLOXACIN - 5 mcg','50 DISC/CART',' 240.00 ','R006'),('GOLDQUEST2022041','OXACILLIN - 1 mcg','50 DISC/CART',' 240.00 ','R006'),('GOLDQUEST2022042','PENICILLIN G - 10 U','50 DISC/CART',' 240.00 ','R006'),('GOLDQUEST2022043','PIPERACILLIN - 100 mcg','50 DISC/CART',' 240.00 ','R006'),('GOLDQUEST2022044','POLYMIXIN B - 50 U','50DISC/CART',' 430.00 ','R006'),('GOLDQUEST2022045','RIFAMPICIN - 5 mcg','50 DISC/CART',' 240.00 ','R006'),('GOLDQUEST2022046','STREPTOMYCIN - 10 mcg ','50 DISC/CART',' 240.00 ','R006'),('GOLDQUEST2022047','SULBACTAM+AMPICILLIN - 10+10 mcg','50 DISC/CART',' 240.00 ','R006'),('GOLDQUEST2022048','TAZOBACTAM+PIPERACILLIN - 10+100 mcg','50 DISC/CART',' 240.00 ','R006'),('GOLDQUEST2022049','TETRACYCLINE - 30 mcg','50 DISC/CART',' 240.00 ','R006'),('GOLDQUEST2022050','TICARCILLIN - 75 mcg','50 DISC/CART',' 240.00 ','R006'),('GOLDQUEST2022051','TICARCILLIN+CLAVUNALIC ACID - 75+10 mcg','50 DISC/CART',' 240.00 ','R006'),('GOLDQUEST2022052','TRIMETHROPRIM+SXT - 1.25+23.75 mcg','50 DISC/CART',' 240.00 ','R006'),('GOLDQUEST2022053','TOBRAMYCIN - 10 mcg ','50 DISC/CART',' 240.00 ','R006'),('GOLDQUEST2022054','VANCOMYCIN - 30 mcg','50 DISC/CART',' 240.00 ','R006'),('GOLDQUEST2022055','X FACTOR','50 DISC/CART',' 660.00 ','R006'),('GOLDQUEST2022056','X+V FACTOR','50 DISC/CART',' 660.00 ','R006'),('GOLDQUEST2022057','V FACTOR','50 DISC/CART',' 660.00 ','R006'),('GOLDQUEST2022060','DIFFERENTIATION DISCS - BACITRACIN (TAXO A) - 0.04 U','50 DISC/CART',' 510.00 ','R006'),('GOLDQUEST2022061','DIFFERENTIATION DISCS - ERTAPENEM - 10 mcg','50 DISC/CART',' 385.00 ','R006'),('GOLDQUEST2022062','DIFFERENTIATION DISCS - NOVOBICIN - 5 mcg','50 DISC/CART',' 510.00 ','R006'),('GOLDQUEST2022063','DIFFERENTIATION DISCS - OPTOCHIN (TAXO P) - 5 mcg','50 DISC/CART',' 510.00 ','R006'),('GOLDQUEST2022064','DIFFERENTIATION DISCS - OXIDASE STRIP','',' 4,900.00 ','R006'),('UCBIOSCIENCE2022001','ADVIN - hCG test - Strips - Urine','50 test/box',' 502.57 ','R017'),('UCBIOSCIENCE2022002','ADVIN - hCG test - Cassette - Urine','25 test/box',' 552.83 ','R017'),('UCBIOSCIENCE2022003','ADVIN - hCG test - Cassette - S/P/U','25 test/box',' 766.42 ','R017'),('UCBIOSCIENCE2022004','ADVIN - Dengue IgG/IgM - Cassette - WB/S/P','25 test/box',' 2,931.66 ','R017'),('UCBIOSCIENCE2022005','ADVIN - Dengue NS1 - Cassette - WB/S/P','25 test/box',' 3,978.68 ','R017'),('UCBIOSCIENCE2022006','ADVIN - Dengue Ag/Ab Combo - Cassette - WB/S/P','25 test/box',' 5,863.32 ','R017'),('UCBIOSCIENCE2022007','ADVIN - H.Pylori test - Cassette - Serum/Plasma','25 test/box',' 2,010.28 ','R017'),('UCBIOSCIENCE2022008','ADVIN - HAV IgG/IgM test - Cassette - Serum/Plasma','25 test/box',' 2,219.68 ','R017'),('UCBIOSCIENCE2022009','ADVIN - HBsAg test - Strip - Serum/Plasma','50 test/box',' 921.38 ','R017'),('UCBIOSCIENCE2022010','ADVIN - HBsAg test - Strip - WB/S/P','50 test/box',' 921.38 ','R017'),('UCBIOSCIENCE2022011','ADVIN - HBsAg test - Cassette - Serum/Plasma','25 test/box',' 795.74 ','R017'),('UCBIOSCIENCE2022012','ADVIN - HBsAg test - Cassette - WB/S/P','25 test/box',' 795.74 ','R017'),('UCBIOSCIENCE2022013','ADVIN - HBsAb test - Cassette - Serum/Plasma','25 test/box',' 2,094.04 ','R017'),('UCBIOSCIENCE2022014','ADVIN - HBcAb Test - Cassette - Serum/Plasma','25 test/box',' 2,094.04 ','R017'),('UCBIOSCIENCE2022015','ADVIN - HCV test - Strip - Serum/Plasma','50 test/box',' 1,842.76 ','R017'),('UCBIOSCIENCE2022016','ADVIN - HCV test - Cassette - Serum/Plasma','25 test/box',' 1,172.66 ','R017'),('UCBIOSCIENCE2022017','ADVIN - HIV 1/2 Test - Strip - WB/S/P','50 test/box',' 2,680.37 ','R017'),('UCBIOSCIENCE2022018','ADVIN - HIV 1/2 Test - Cassette - WB/S/P','25 test/box',' 1,465.83 ','R017'),('UCBIOSCIENCE2022019','ADVIN - Syphilis Test - Strip - WB/S/P','50 test/box',' 921.38 ','R017'),('UCBIOSCIENCE2022020','ADVIN - Syphilis Test - Cassette - WB/S/P','25 test/box',' 858.56 ','R017'),('UCBIOSCIENCE2022021','ADVIN - Typhoid Test - Cassette - WB/S/P','25 test/box',' 2,303.45 ','R017'),('UCBIOSCIENCE2022022','ADVIN - Malaria Pf/pv - Cassette - Whole Blood','25 test/box',' 2,303.45 ','R017'),('UCBIOSCIENCE2022023','ADVIN - Malaria Pf/pan - Cassette - Whole Blood','25 test/box',' 2,345.33 ','R017'),('UCBIOSCIENCE2022024','ADVIN - H.Pylori Antigen test - Cassette - Feces','25 test/box',' 4,397.49 ','R017'),('UCBIOSCIENCE2022025','ADVIN - FOB test - Cassette - Feces','25 test/box','2,400.00','R017'),('UCBIOSCIENCE2022026','ADVIN - FOB test - Strip - Feces','20 test/box',' 1,675.23 ','R017'),('UCBIOSCIENCE2022027','GENBODY - Arbo-DZC Ab Combo','10 Test/Kit',' 9,824.68 ','R017'),('UCBIOSCIENCE2022028','GENBODY - Zika IgG/IgM','10 Test/Kit',' 5,731.06 ','R017'),('UCBIOSCIENCE2022029','GENBODY - Zika IgG','10 Test/Kit',' 4,093.62 ','R017'),('UCBIOSCIENCE2022030','GENBODY - Zika IgM','10 Test/Kit',' 4,093.62 ','R017'),('UCBIOSCIENCE2022031','GENBODY - Zika NS1','10 Test/Kit',' 3,274.89 ','R017'),('UCBIOSCIENCE2022032','GENBODY - Zika IgM/Chikungunya IgM','10 Test/Kit',' 5,731.06 ','R017'),('UCBIOSCIENCE2022033','GENBODY - Chikungunya IgM','10 Test/Kit',' 1,637.45 ','R017'),('UCBIOSCIENCE2022034','GENBODY - Syphilis','10 Test/Kit',' 573.11 ','R017'),('UCBIOSCIENCE2022035','GENBODY - Chikungunya IgM/IgG','10 Test/Kit',' 2,456.17 ','R017'),('UCBIOSCIENCE2022036','GENBODY - Dengue IgG/IgM','10 Test/Kit',' 1,637.45 ','R017'),('UCBIOSCIENCE2022037','GENBODY - Dengue NS1 Antigen','10 Test/Kit',' 2,456.17 ','R017'),('UCBIOSCIENCE2022038','GENBODY - Dengue Ag/Ab Combo','10 Test/Kit',' 3,274.89 ','R017'),('UCBIOSCIENCE2022039','GENBODY - Dengue/YFV Ag Combo','10 Test/Kit',' 9,005.96 ','R017'),('UCBIOSCIENCE2022040','GENBODY - YFV IgG/IgM(3lines)','10 Test/Kit',' 6,549.79 ','R017'),('UCBIOSCIENCE2022041','GENBODY - YFV NS1 Antigen','10 Test/Kit',' 6,549.79 ','R017'),('UCBIOSCIENCE2022042','GENBODY - YFV Ag/Ab Combo','10 Test/Kit',' 9,824.68 ','R017'),('UCBIOSCIENCE2022043','GENBODY - Malaria Pf/Pv Ab','10 Test/Kit',' 573.11 ','R017'),('UCBIOSCIENCE2022044','GENBODY - Malaria Pf(HRP-2) / Pan(pLDH) Ag','10 Test/Kit',' 818.72 ','R017'),('UCBIOSCIENCE2022045','GENBODY - Malaria Pf(LDH) / Pan(pLDH) Ag II','10 Test/Kit',' 818.72 ','R017'),('UCBIOSCIENCE2022046','GENBODY - Malaria Pf Ag','10 Test/Kit',' 573.11 ','R017'),('UCBIOSCIENCE2022047','GENBODY - Malaria Pan Ag','10 Test/Kit',' 573.11 ','R017'),('UCBIOSCIENCE2022048','GENBODY - Malaria Pf/Pv Ag','10 Test/Kit',' 818.72 ','R017'),('UCBIOSCIENCE2022049','GENBODY - Leptospira IgG/IgM','10 Test/Kit',' 1,637.45 ','R017'),('UCBIOSCIENCE2022050','GENBODY - Leptospira Ab','10 Test/Kit',' 1,309.96 ','R017'),('UCBIOSCIENCE2022051','GENBODY - Leishmania Ab','10 Test/Kit',' 2,456.17 ','R017'),('UCBIOSCIENCE2022052','GENBODY - HIV/Syphilis Combo','10 Test/Kit',' 1,309.96 ','R017'),('UCBIOSCIENCE2022053','GENBODY - HIV 1/2 (2lines)','10 Test/Kit',' 1,064.34 ','R017'),('UCBIOSCIENCE2022054','GENBODY - Chlamydia','25 Test/Kit',' 3,274.89 ','R017'),('UCBIOSCIENCE2022055','GENBODY - RSV Ag','25 Test/Kit',' 6,140.42 ','R017'),('UCBIOSCIENCE2022056','GENBODY - Typhoid IgM/IgG','10 Test/Kit',' 818.72 ','R017'),('UCBIOSCIENCE2022057','GENBODY - Typhoid Ag','10 Test/Kit',' 1,064.34 ','R017'),('UCBIOSCIENCE2022058','GENBODY - Rotavirus Ag','10 Test/Kit',' 1,309.96 ','R017'),('UCBIOSCIENCE2022059','GENBODY - Adenovirus Ag','25 Test/Kit',' 3,274.89 ','R017'),('UCBIOSCIENCE2022060','GENBODY - FOB','10 Test/Kit',' 1,146.21 ','R017'),('UCBIOSCIENCE2022061','NANODITECH - Nanochecker - TROPONIN I','20 tests/ kit',' 8,000.00 ','R017'),('UCBIOSCIENCE2022062','NANODITECH - Nanochecker - D DIMER','20 tests/ kit',' 8,000.00 ','R017'),('UCBIOSCIENCE2022063','NANODITECH - Nanochecker - CRP','20 tests/ kit',' 8,000.00 ','R017'),('UCBIOSCIENCE2022064','NANODITECH - Nanochecker - HSCRP','20 tests/ kit',' 8,000.00 ','R017'),('UCBIOSCIENCE2022065','NANODITECH - Nanochecker - PSA','20 tests/ kit',' 8,000.00 ','R017'),('UCBIOSCIENCE2022066','NANODITECH - Nanochecker - 2 IN 1','20 tests/ kit',' 13,000.00 ','R017'),('UCBIOSCIENCE2022067','NANODITECH - Nanochecker - PCT','20 tests/ kit',' 13,000.00 ','R017'),('UCBIOSCIENCE2022068','NANODITECH - Nanochecker - NT Pro BNP','20 tests/ kit',' 15,250.00 ','R017'),('UCBIOSCIENCE2022069','NANODITECH - Nanochecker - 3 in 1','20 tests/ kit',' 16,000.00 ','R017'),('UCBIOSCIENCE2022070','NANODITECH - Nanochecker - Nicotine','20 tests/ kit',' 6,000.00 ','R017'),('UCBIOSCIENCE2022071','NANODITECH - Fluorochecker - HS-TROPONIN I','20 tests/ kit',' 9,800.00 ','R017'),('UCBIOSCIENCE2022072','NANODITECH - Fluorochecker - D DIMER','20 tests/ kit',' 9,800.00 ','R017'),('UCBIOSCIENCE2022073','NANODITECH - Fluorochecker - CRP','20 tests/ kit',' 9,800.00 ','R017'),('UCBIOSCIENCE2022074','NANODITECH - Fluorochecker - PCT','20 tests/ kit',' 15,600.00 ','R017'),('UCBIOSCIENCE2022075','NANODITECH - Fluorochecker - NT Pro BNP','20 tests/ kit',' 15,600.00 ','R017'),('UCBIOSCIENCE2022076','NANODITECH - Fluorochecker - 3 in 1','20 tests/ kit',' 17,900.00 ','R017'),('UCBIOSCIENCE2022077','NANODITECH - Fluorochecker - Beta hCG','20 tests/ kit',' 9,000.00 ','R017'),('UCBIOSCIENCE2022078','NANODITECH - Fluorochecker - Influenza A+B','20 tests/ kit',' 17,900.00 ','R017'),('UCBIOSCIENCE2022079','ORIGHT COVID AG CASSETTE - 25\'S','BOX',' 2,500.00 ','R017'),('FINECARE2022001','HbA1C','BOX',' 4,186.00 ','R018'),('FINECARE2022002','CTN1','BOX',' 5,980.00 ','R018'),('FINECARE2022003','CTNT','BOX',' 5,980.00 ','R018'),('FINECARE2022004','PSA','BOX',' 5,681.00 ','R018'),('FINECARE2022005','PCT','BOX',' 8,970.00 ','R018'),('FINECARE2022006','PROGESTERONE','BOX',' 4,784.00 ','R018'),('FINECARE2022007','T3','BOX',' 5,233.00 ','R018'),('FINECARE2022008','T4','BOX',' 5,233.00 ','R018'),('FINECARE2022009','FT3','BOX',' 5,233.00 ','R018'),('FINECARE2022010','FT4','BOX',' 5,233.00 ','R018'),('FINECARE2022011','TSH','BOX',' 5,233.00 ','R018'),('FINECARE2022012','CKMB','BOX',' 5,980.00 ','R018'),('FINECARE2022013','3 IN 1','BOX',' 11,213.00 ','R018'),('FINECARE2022014','2 IN 1 (CRP/PCT)','BOX',' 11,213.00 ','R018'),('FINECARE2022015','BETAHCG','BOX',' 5,233.00 ','R018'),('FINECARE2022016','MAU','BOX',' 5,233.00 ','R018'),('FINECARE2022017','CRP','BOX',' 3,513.00 ','R018'),('FINECARE2022018','NtProbnp','BOX',' 11,960.00 ','R018'),('FINECARE2022019','AFP','BOX',' 4,784.00 ','R018'),('FINECARE2022020','Ddimer','BOX',' 4,784.00 ','R018'),('FINECARE2022021','Cortisol','BOX',' 4,784.00 ','R018'),('FINECARE2022022','Vitamin D','BOX',' 5,233.00 ','R018'),('FINECARE2022023','Testosterone','BOX',' 4,784.00 ','R018'),('FINECARE2022024','CEA','BOX',' 7,475.00 ','R018'),('FINECARE2022025','FSH','BOX',' 4,784.00 ','R018'),('FINECARE2022026','BETA2 MG','BOX',' 5,233.00 ','R018'),('FINECARE2022027','LH','BOX',' 4,784.00 ','R018'),('FINECARE2022028','PRL','BOX',' 4,784.00 ','R018'),('FINECARE2022029','ESTRADIAL','BOX',' 4,784.00 ','R018'),('FINECARE2022030','MYO','BOX',' 6,727.00 ','R018'),('FINECARE2022031','Ferritin','BOX',' 5,233.00 ','R018'),('FINECARE2022032','AMH','BOX',' 5,233.00 ','R018'),('FINECARE2022033','NGAL','BOX',' 11,213.00 ','R018'),('FINECARE2022034','FPSA','BOX',' 5,233.00 ','R018'),('FINECARE2022035','COVID IGG/IGM','BOX',' 5,233.00 ','R018'),('FINECARE2022036','ASO','BOX',' 5,233.00 ','R018'),('FINECARE2022037','DENGUE NS1','BOX',' 5,233.00 ','R018'),('FINECARE2022038','IGE','BOX',' 5,233.00 ','R018'),('FINECARE2022039','FOB','BOX',' 5,233.00 ','R018'),('FINECARE2022040','COVID ANTIGEN','BOX',' 5,233.00 ','R018'),('FINECARE2022041','2 IN 1 (TTROP I/NT-probnp)','BOX',' 11,213.00 ','R018'),('ELITE2022001','ELITE DENGUE DUO','BOX',' 5,500.00 ','R020'),('ELITE2022002','ELITE NS1','BOX',' 4,500.00 ','R020'),('ELITE2022003','DENGUE IgG/IgM','BOX',' 4,000.00 ','R020'),('LABASIA2022001','Wondfo Prothrombin Time 24\'s','BOX',' 2,606.00 ','R007'),('LABASIA2022002','Wondfo APTT Activated Partial Thromboplastin Time 24\'s','BOX',' 2,606.00 ','R007'),('LABASIA2022003','Wondfo ACT Activated Clotting Time 24\'s','BOX',' 2,606.00 ','R007'),('LABASIA2022004','Wondfo TT Thrombin Time 24\'s','BOX',' 2,606.00 ','R007'),('LABASIA2022005','Wondfo Dengue Duo 25\'s','BOX',' 5,040.00 ','R007'),('LABASIA2022006','Wondfo Dengue NS1 25\'s','BOX',' 3,920.00 ','R007'),('LABASIA2022007','Wondfo Dengue IaG/IgM 25\'s','BOX',' 3,025.00 ','R007'),('LABASIA2022008','SURGITECH HIV Kit','BOX',' 1,707.75 ','R007'),('LABASIA2022009','M30 DILLUENT','BOX',' 2,553.00 ','R007'),('LABASIA2022010','CONTROL N-H','BOX',' 4,804.80 ','R007'),('LABASIA2022011','Advin FOBT 25\'s','BOX',' 2,400.00 ','R007'),('TRULAB2022001','PARAFILM M(USA) - PARAFILM M-(4INX125FT)','ROLL',' 2,530.00 ','R003'),('TRULAB2022002','200UL PCR TUBES - MICROCENTRIFUGE 0.2ML 1000\'S','PACK',' 1,150.00 ','R003'),('TRULAB2022003','200UL PCR TUBES - MICROCENTRIFUGE 0.2ML 100\'S -STERILE','PACK',' 1,725.00 ','R003'),('TRULAB2022004','50ML CONICAL TUB-SELF STANDING CONICAL BOTTOM','PIECE',' 24.50 ','R003'),('TRULAB2022005','TSUSERA - A & B SET','VIAL',' 530.00 ','R003'),('TRULAB2022006','TSUSERA - AHG','VIAL',' 747.50 ','R003'),('TRULAB2022007','TRULAB - ALCOHOL LAMP 100ML','PIECE',' 207.00 ','R003'),('TRULAB2022008','TRULAB - ALCOHOL THERMOMETER','PIECE',' 196.00 ','R003'),('TRULAB2022009','TRULAB - ANALOG REF THERMOMETER','PIECE',' 420.00 ','R003'),('TRULAB2022010','TSUSERA - ANTI D','VIAL',' 530.00 ','R003'),('TRULAB2022011',' ASO LATEX TEST KIT','100T',' 3,795.00 ','R003'),('TRULAB2022012','TRULAB - BEAKER 250ML - GLASS','PIECE',' 98.00 ','R003'),('TRULAB2022013','TRULAB - BEAKER 500ML - GLASS','PIECE',' 207.00 ','R003'),('TRULAB2022014','TRULAB - BEAKER 50ML - GLASS','PIECE',' 79.00 ','R003'),('TRULAB2022015','BIO HAZARD BAG - 24IN X16IN - AUTOCLAVABLE','PIECE',' 40.00 ','R003'),('TRULAB2022016','BLACK TOP 3ML - GLASS','TRAY',' 532.00 ','R003'),('TRULAB2022017','TRULAB - BLUE TIPS - W/O CROWN -1000UL','PACK',' 311.00 ','R003'),('TRULAB2022018','TRULAB - BLUE TIPS - EPPENDORF WITH CROWN - 200UL ','PACK',' 311.00 ','R003'),('TRULAB2022019','BLUE TOP - 1.8ML - GLASS','TRAY',' 472.00 ','R003'),('TRULAB2022020','BOILING FLASK  - 150ML','PIECE',' 90.00 ','R003'),('TRULAB2022021','BOILING FLASK - 250ML','PIECE',' 98.00 ','R003'),('TRULAB2022022','CENTRIFUGE TUBE - 15ML - CONICAL TUBE','PIECE',' 16.80 ','R003'),('TRULAB2022023','TRULAB - COVER GLASS - 22X22 - 200\'S','BOX',' 127.00 ','R003'),('TRULAB2022024','CRP LATEX TEST KIT','BOX',' 3,220.00 ','R003'),('TRULAB2022025','TRULAB - CRUCIBLE - PORCELAIN - 50ML','PIECE',' 207.00 ','R003'),('TRULAB2022026','TRULAB - CULTURE TUBE - 10ML','PIECE',' 24.50 ','R003'),('TRULAB2022027','TRULAB - CULTURE TUBE - 15ML','PIECE',' 32.00 ','R003'),('TRULAB2022028','DIGITAL REF THERMOMETER','PIECE',' 3,220.00 ','R003'),('TRULAB2022029','TRULAB - DIGITAL TIMER - MEMORY 1','PIECE',' 547.00 ','R003'),('TRULAB2022030','TRULAB - DIGITAL TIMER - MEMORY 2','PIECE',' 2,070.00 ','R003'),('TRULAB2022031','TRULAB - ERLENMEYER FLASK - 1000ML','PIECE',' 322.00 ','R003'),('TRULAB2022032','TRULAB - ERLENMEYER FLASK  - 100ML','PIECE',' 115.00 ','R003'),('TRULAB2022033','TRULAB - ERLENMEYER FLASK  - 250ML','PIECE',' 161.00 ','R003'),('TRULAB2022034','TRULAB - ERLENMEYER FLASK - 500ML','PIECE',' 207.00 ','R003'),('TRULAB2022035','ESR PIPETTE - WESTERGREN DISPOSABLE - CHINA','PIECE',' 22.00 ','R003'),('TRULAB2022036','ESR PIPETTE - WINTHROBE','PIECE',' 600.00 ','R003'),('TRULAB2022037','TRULAB - FILTER PAPER - 600MMX600MM','PIECE',' 39.20 ','R003'),('TRULAB2022038','TRULAB - FLASKBACK NEEDLE G21 - 100\'S','BOX',' 1,265.00 ','R003'),('TRULAB2022039','TRULAB - FLASKBACK NEEDLE G22 - 100\'S','BOX',' 1,265.00 ','R003'),('TRULAB2022040','TRULAB - FUNNEL GLASS - 90MM','PIECE',' 121.00 ','R003'),('TRULAB2022041','GLUCO PLUS  - 75GRAMS','BOTTLE',' 105.00 ','R003'),('TRULAB2022042','BRANDEN - GREEN TOP - 4ML - GLASS','TRAY',' 532.00 ','R003'),('TRULAB2022043','DIGISYSTEM - HEMATOCRIT CENTRIFUGE - DIGISYSTEM - ANALOG 24 PLACER','PIECE',' 33,971.00 ','R003'),('TRULAB2022044','HEMATOCRIT PERCENTAGE READER','PIECE',' 2,898.00 ','R003'),('TRULAB2022045','HISTOLOGY BASE MOLDS PLASTIC - 15X15X7MM','',' 23.00 ','R003'),('TRULAB2022046','HISTOLOGY BASE MOLDS PLASTIC - 24X24X7MM','',' 23.00 ','R003'),('TRULAB2022047','HISTOLOGY BASE MOLDS PLASTIC - 37X24X7MM','',' 23.00 ','R003'),('TRULAB2022048','HISTOLOGY BASE MOLDS PLASTIC - 7X7X7MM','',' 23.00 ','R003'),('TRULAB2022049','HISTOLOGY BASE MOLDS STAINLESS - 15X15X7MM','',' 740.00 ','R003'),('TRULAB2022050','HISTOLOGY BASE MOLDS STAINLESS - 24X24X7MM','',' 740.00 ','R003'),('TRULAB2022051','HISTOLOGY BASE MOLDS STAINLESS - 37X24X7MM','',' 740.00 ','R003'),('TRULAB2022052','HISTOLOGY BASE MOLDS STAINLESS - 7X7X7MM','',' 740.00 ','R003'),('TRULAB2022053','TRULAB - INOCULATION LOOP 1UL & 10UL - 100','BOX',' 520.00 ','R003'),('TRULAB2022054','TSUSERA - LISS','VIAL',' 747.50 ','R003'),('TRULAB2022055','TRULAB - MEASURING CYLINDER 1000ML','PIECE',' 485.00 ','R003'),('TRULAB2022056','TRULAB - MEASURING CYLINDER 100ML','PIECE',' 196.00 ','R003'),('TRULAB2022057','TRULAB - MEASURING CYLINDER 10ML','PIECE',' 135.00 ','R003'),('TRULAB2022058','TRULAB - MEASURING CYLINDER 250ML','PIECE',' 250.00 ','R003'),('TRULAB2022059','TRULAB - MEASURING CYLINDER 500ML','PIECE',' 325.00 ','R003'),('TRULAB2022060','TRULAB - MEASURING CYLINDER 50ML','PIECE',' 145.00 ','R003'),('TRULAB2022061','DLAB - MICROPETTE - 100-1000UL - ADJUSTABLE','PIECE',' 4,270.00 ','R003'),('TRULAB2022062','DLAB - MICROPETTE - 10-100UL','PIECE',' 4,270.00 ','R003'),('TRULAB2022063','DLAB - MICROPLUS - 1000-5000UL - ADJUSTABLE - AUTOCLAVABLE','PIECE',' 5,750.00 ','R003'),('TRULAB2022064','DLAB - MICROPLUS - 10-100UL - ADJUSTABLE - AUTOCLAVABLE','PIECE',' 5,750.00 ','R003'),('TRULAB2022065','DLAB - MICROPLUS 100-1000UL - ADJUSTABLE - AUTOCLAVABLE','PIECE',' 5,750.00 ','R003'),('TRULAB2022066','TRULAB - MICROTAINER YELLOW - 0.5ML','TRAY',' 385.00 ','R003'),('TRULAB2022067','MICROTOME BLADE R35','BOX',' 8,050.00 ','R003'),('TRULAB2022068','MICROTOME BLADE S35','BOX',' 8,050.00 ','R003'),('TRULAB2022069','TRULAB - MORTAR AND PESTLE - GLASS - 150MM','PIECE',' 440.00 ','R003'),('TRULAB2022070','TRULAB - MORTAR AND PESTLE - PORCELAIN - 100MM','PIECE',' 255.00 ','R003'),('TRULAB2022071','MOUNTIN MEDIUM EUKIT - GERMANY - 1000ML','PIECE',' 11,500.00 ','R003'),('TRULAB2022072','MOUNTIN MEDIUM EUKIT - GERMANY - 500ML','PIECE',' 8,050.00 ','R003'),('TRULAB2022073','TRULAB - MULTISAMPLE NEEDLE G21','100PCS/BOX',' 715.00 ','R003'),('TRULAB2022074','TRULAB - MULTISAMPLE NEEDLE G23','100PCS/BOX',' 715.00 ','R003'),('TRULAB2022075','TRULAB - NEEDLE ADAPTOR','PIECE',' 18.00 ','R003'),('TRULAB2022076','DLAB - PIPETTOR STAND LINEAR','PIECE',' 3,220.00 ','R003'),('TRULAB2022077','PARAFIN WAX CHINA - 1KG','PACK',' 575.00 ','R003'),('TRULAB2022078','TRULAB - PASTEUR PIPETTE','PIECE',' 18.00 ','R003'),('TRULAB2022079','TRULAB - PETRI DISH 90MM - 1 ROOM','PACK',' 161.00 ','R003'),('TRULAB2022080','TRULAB - PETRI DISH GLASS 90MM','PACK',' 127.00 ','R003'),('TRULAB2022081','DLAB - PIPETTOR STAND - ROUND','PIECE',' 4,270.00 ','R003'),('TRULAB2022082','EDTA - TOP 0.5ML - RUBBER AND PP CAP','TRAY',' 575.00 ','R003'),('TRULAB2022083',' EDTA -  TOP 2ML - GLASS','TRAY',' 455.00 ','R003'),('TRULAB2022084',' EDTA - TOP 5ML - GLASS','TRAY',' 455.00 ','R003'),('TRULAB2022085','TRULAB - EDTA MICROTAINER - K2 - PP - 0.5ML','TRAY',' 385.00 ','R003'),('TRULAB2022086','RA LATEX KIT','BOX',' 4,400.00 ','R003'),('TRULAB2022087','TRULAB - RBC PIPPETE - CHINA','PIECE',' 145.00 ','R003'),('TRULAB2022088','BRANDEN - RED TOP 5ML - GLASS','TRAY',' 455.00 ','R003'),('TRULAB2022089','TRULAB - RED TOP - PLAIN - PP - 0.5ML','TRAY',' 385.00 ','R003'),('TRULAB2022090','TRULAB - REF THERMOMETER - ANALOG','PIECE',' 420.00 ','R003'),('TRULAB2022091','ASSISTANT - GERMANY - ROOM THERMOMETER - WOOD - CELCIUS - RANGE: - 30C TO 50C','PIECE',' 1,582.00 ','R003'),('TRULAB2022092','SEALING WAX','PIECE',' 207.00 ','R003'),('TRULAB2022093','SEROLOGICAL PIPETTE 10ML','PIECE',' 200.00 ','R003'),('TRULAB2022094','SEROLOGICAL PIPETTE 5ML','PIECE',' 180.00 ','R003'),('TRULAB2022095','TRULAB - SHARP DISPOSAL CONTAINER - VOL. 15LITERS','PIECE',' 980.00 ','R003'),('TRULAB2022096','TRULAB - SHARP DISPOSAL CONTAINER - VOL. 5LITERS','PIECE',' 750.00 ','R003'),('TRULAB2022097','TRULAB - STAINING JAR FOR 20 SLIDE RACK - GLASS - HOLDS A 20 SLIDE RACK','PIECE',' 644.00 ','R003'),('TRULAB2022098','TRULAB - STIRRING ROD','PIECE',' 80.50 ','R003'),('TRULAB2022099','TRULAB - STOOL CONTAINER 60ML - STERILE - RED','PIECE',' 7.85 ','R003'),('TRULAB2022100','TRULAB - TEST TUBE BRUSH -  L-35MMX102MM','PIECE',' 125.00 ','R003'),('TRULAB2022101','TRULAB - TEST TUBE BRUSH - M-19MMX89MM','PIECE',' 105.00 ','R003'),('TRULAB2022102','TRULAB - TEST TUBE BRUSH - S-13MMX76MM','PIECE',' 96.00 ','R003'),('TRULAB2022103','TRULAB - TEST TUBE GLASS  - 15ML','PIECE',' 11.50 ','R003'),('TRULAB2022104','TRULAB - TEST TUBE HOLDER - STAINLESS','PIECE',' 173.00 ','R003'),('TRULAB2022105','TRULAB - TEST TUBE PLAIN - 10ML - GLASS','PIECE',' 6.70 ','R003'),('TRULAB2022106','TRULAB - TEST TUBE PLAIN - 3ML - GLASS - 10X75','PIECE',' 4.10 ','R003'),('TRULAB2022107','TRULAB - TEST TUBE PLAIN - 5ML - GLASS AND PLASTIC','PIECE',' 4.10 ','R003'),('TRULAB2022108','TRULAB - TEST TUBE RACK - 40 PLACER FOR 20-21MM DIAMETER - PLASTIC - BLUE','PIECE',' 455.00 ','R003'),('TRULAB2022109','TRULAB - TEST TUBE RACK - 40PLACER FOR 20-21MM DIAMETER - PLASTIC - RED','PIECE',' 455.00 ','R003'),('TRULAB2022110',' TRULAB - SPECIMEN COLLECTION AND TRANSPORT SET 100\'S','BOX',' 21.00 ','R003'),('TRULAB2022111','INSIGHT - URINE STRIPS 10 PARA','BOTTLE',' 747.50 ','R003'),('TRULAB2022112','INSIGHT - URINE STRIPS 4 PARA','BOTTLE',' 310.00 ','R003'),('TRULAB2022113','TRULAB - WASH BOTTLE - 250ML','PIECE',' 161.00 ','R003'),('TRULAB2022114','TRULAB - WATCH GLASS','PIECE',' 63.00 ','R003'),('TRULAB2022115','TRULAB - WBC PIPETTE - CHINA','PIECE',' 145.00 ','R003'),('TRULAB2022116','TRULAB - WHITE PIPETTE TIPS 10UL - FILTER 1000\'S/BAG','PACK',' 480.00 ','R003'),('TRULAB2022117','TRULAB - WOODEN APPLICATOR STICK - 1000\'S','BOX',' 265.00 ','R003'),('TRULAB2022118','BASO - WRIGHT-GIEMSA STAIN - RAPID METHOD - 4X250ML','PACK',' 3,444.00 ','R003'),('TRULAB2022119','TRULAB - YELLOW TIPS W/O CROWN','PACK',' 311.00 ','R003'),('TRULAB2022120','TRULAB - YELLOW TIPS WITH CROWN - 200UL','PACK',' 311.00 ','R003'),('TRULAB2022121','TRULAB - YELLOW TIPS - EPPENDORF - 200UL WITH CROWN','PACK',' 311.00 ','R003'),('TRULAB2022122','TRULAB - YELLOW TIPS - GILSON - 200UL - WITHOUT CROWN','PACK',' 311.00 ','R003'),('TRULAB2022123','YELLOW TOP 0.5ML - RUBBER AND PP CAP - 100\'S','TRAY',' 385.00 ','R003'),('TRULAB2022124','YELLOW TOP 4ML - GLASS','TRAY',' 644.00 ','R003'),('TRULAB2022125','TRULAB - APPLICATOR STICK - 1000S','BOX',' 265.00 ','R003'),('TRULAB2022126','GLASS SLIDES -72\'S','PACK',' 45.00 ','R003'),('TRULAB2022127','INSIGHT - MICRAL TEST','BOX',' 2,821.00 ','R003'),('TRULAB2022128','TRULAB - INNOCULATION LOOP  - 1ul-10-ul 100\'S','BOX',' 520.00 ','R003'),('TRULAB2022129','DLAB - ADJUSTABLE: 0.1 - 2.5 ul','UNIT',' 5,220.00 ','R003'),('TRULAB2022130','DLAB - ADJUSTABLE: 0.5 - 10ul','UNIT',' 5,220.00 ','R003'),('TRULAB2022132','DLAB - MICROPETTE - PIPETTE - ADJUSTABLE: 2 - 10 ul','UNIT',' 5,220.00 ','R003'),('TRULAB2022133','DLAB - MICROPETTE - PIPETTE - ADJUSTABLE: 2 - 20 ul','UNIT',' 5,220.00 ','R003'),('TRULAB2022134','DLAB - MICROPETTE - PIPETTE - ADJUSTABLE: 2 - 20 ul -  Autoclavable','UNIT',' 5,720.00 ','R003'),('TRULAB2022135','DLAB - MICROPETTE - PIPETTE - ADJUSTABLE:5  - 50 ul','UNIT',' 5,220.00 ','R003'),('TRULAB2022136','DLAB - MICROPETTE - PIPETTE - ADJUSTABLE:5  - 50 ul - Autoclavable','UNIT',' 5,720.00 ','R003'),('TRULAB2022137','DLAB - MICROPETTE - PIPETTE - ADJUSTABLE: 20 - 200 ul','UNIT',' 5,220.00 ','R003'),('TRULAB2022138','DLAB - MICROPETTE - PIPETTE - ADJUSTABLE: 20 - 200 ul -  Autoclavable','UNIT',' 5,720.00 ','R003'),('TRULAB2022139','DLAB - MICROPETTE - PIPETTE - ADJUSTABLE: 50 - 200 ul','UNIT',' 5,220.00 ','R003'),('TRULAB2022140','DLAB - MICROPETTE - PIPETTE - ADJUSTABLE: 10-100 ul','UNIT',' 5,220.00 ','R003'),('TRULAB2022141','DLAB - MICROPETTE - PIPETTE- ADJUSTABLE: 10-100 ul - Autoclavable','UNIT',' 5,720.00 ','R003'),('TRULAB2022142','DLAB - MICROPETTE - PIPETTE - ADJUSTABLE: 100-1000 ul','UNIT',' 5,220.00 ','R003'),('TRULAB2022143','DLAB - MICROPETTE - PIPETTE - ADJUSTABLE: 100-1000 ul - Autoclavable','UNIT',' 5,720.00 ','R003'),('TRULAB2022144','DLAB - MICROPETTE - PIPETTE - ADJUSTABLE: 1000-5000 ul','UNIT',' 5,220.00 ','R003'),('TRULAB2022145','DLAB - MICROPETTE - PIPETTE - ADJUSTABLE: 1000-5000 ul - Autoclavable','UNIT',' 5,720.00 ','R003'),('TRULAB2022146','DLAB - MICROPETTE - PIPETTE - ADJUSTABLE: 2000 - 10000 ul','UNIT',' 5,220.00 ','R003'),('TRULAB2022147','DLAB - MICROPETTE - PIPETTE - FIXED: 5 ul','UNIT',' 4,270.00 ','R003'),('TRULAB2022148','DLAB - MICROPETTE - PIPETTE - FIXED: 10 ul','UNIT',' 4,270.00 ','R003'),('TRULAB2022149','DLAB - MICROPETTE - PIPETTE - FIXED: 20 ul','UNIT',' 4,270.00 ','R003'),('TRULAB2022150','DLAB - MICROPETTE - PIPETTE - FIXED:  50 ul','UNIT',' 4,270.00 ','R003'),('TRULAB2022151','DLAB - MICROPETTE - PIPETTE - FIXED: 100 ul','UNIT',' 4,270.00 ','R003'),('TRULAB2022152','DLAB - MICROPETTE - PIPETTE - FIXED: 500 ul','UNIT',' 4,270.00 ','R003'),('TRULAB2022153','DLAB - MICROPETTE - PIPETTE - FIXED: 1000 ul','UNIT',' 4,270.00 ','R003'),('TRULAB2022154','COPLIN JAR','PIECE',' 437.00 ','R003'),('TRULAB2022155','DIGITAL TIMER MEMORY 1','UNIT',' 547.00 ','R003'),('TRULAB2022156','DIGITAL TIMER MEMORY 2','UNIT',' 1,890.00 ','R003'),('TRULAB2022157','SHARP CONTAINER - 5L','PIECE',' 750.00 ','R003'),('TRULAB2022158','SHARP CONTAINER - 15ML','PIECE',' 980.00 ','R003'),('TRULAB2022159','SHARP CONTAINER - 23L','PIECE',' 1,350.00 ','R003'),('TRULAB2022160','TRULAB - RED TOP PLASTIC 100\'S - 5ML','PIECE',' 472.00 ','R003'),('TRULAB2022161','TRANSFER PIPETTE - 3ML','BOX',' 1,070.00 ','R003'),('TRULAB2022162','TRANSFER PIPETTE - 3ML - STERILE','BOX',' 1,325.00 ','R003'),('MCTC2022001','HEMA QUICK STAIN','BOTTLE',' 2,848.00 ','R005'),('MCTC2022002','RBC DILUTING FLUID - 500ML','BOTTLE',' 226.00 ','R005'),('MCTC2022003','WBC DILUTING LIQUID - 500ML','BOTTLE',' 153.60 ','R005'),('MCTC2022004','LUGOL\'S IODINE 250ML','BOTTLE',' 720.00 ','R005'),('MCTC2022005','BENEDICTS\'S SOLUTION 500ML','BOTTLE',' 176.00 ','R005'),('MCTC2022006','ANTI HUMAN GLOBULIN 5ML','VIAL',' 648.80 ','R005'),('MCTC2022007','22% BOVINE ALBUMIN LISS','VIAL',' 600.00 ','R005'),('MCTC2022008','Anti Sera A','VIAL',' 464.00 ','R005'),('MCTC2022009','Anti Sera B','VIAL',' 464.00 ','R005'),('MCTC2022010','Anti Sera D','VIAL',' 536.00 ','R005'),('MCTC2022011','GRAM STAIN','BOX',' 1,744.00 ','R005'),('MCTC2022012','FORMALIN 10%','GALLON',' 440.00 ','R005'),('MCTC2022013','ANTI HUMAN GLOBULIN - 5ML ','VIAL',' 648.80 ','R005'),('MCTC2022014','LISS - 10ML','VIAL',' 600.00 ','R005'),('MCTC2022015','LUGOLS IODINE BROTH','VIAL',' 720.00 ','R005'),('MCTC2022016','HAYEM SOLUTION - 500ML','BOTTLE',' 226.40 ','R005'),('MCTC2022017','HEMOGLUBIN REAGENT - 500ML','BOTTLE',' 720.00 ','R005'),('MCTC2022018','NSS 85% - 500 ML','BOTTLE',' 158.40 ','R005'),('MCTC2022019','ETHANOL ABSOLUTE 95%','GALLON','1064.00','R005'),('MCTC2022020','DENATURED ALCOHOL','GALLON',' 1,610.00 ','R005'),('ASYA2022001','PRICECHECK GLUCOSE - STRIPS','PACK',' 950.00 ','R002'),('ASYA2022002','GLUCOMETER','UNIT',' 950.00 ','R002'),('ELEVATE2023001','WONDFO - MET/THC URINE TEST','BOX',' 680.00 ','R021'),('ELEVATE2023002','WONDFO - COVID AG TEST KIT','BOX',' 670.00 ','R021'),('ELEVATE2023003','WONDFO - HCG U/S TEST KIT','BOX',' 750.00 ','R021'),('ELEVATE2023004','WONDFO - SYPHILIS KIT','BOX',' 1,000.00 ','R021'),('ELEVATE2023005','WONDFO - HBSAG KIT','BOX',' 950.00 ','R021'),('ELEVATE2023006','WONDFO - HIV','BOX',' 1,000.00 ','R021'),('ELEVATE2023007','WONDFO - MALARIA','BOX',' 3,000.00 ','R021'),('ELEVATE2023008','WONDFO - DENGUE NS1/IGG/IGM','BOX',' 3,500.00 ','R021'),('ELEVATE2023009','WONDFO - HAV KIT','BOX',' 1,800.00 ','R021'),('EXCELLMARK2022001','CARBONIZED COLLECTION RECEIPTS','BOOKLET',' 350.00 ','R023'),('EXCELLMARK2022002','CARBONIZED SALES INVOICE','BOOKLET',' 450.00 ','R023'),('EXCELLMARK2022003','CASH SALES INVOICE FOR VERA CROSSING','BOOKLET',' 230.00 ','R023'),('SV2023001','AGGLUTINATION VIEWER','UNIT',' 25,000.00 ','R009'),('SV2023002','CENTRIFUGE - (DSCT-156T)','UNIT',' 11,400.00 ','R009'),('SV2023003','COLONY METER - (MODEL J-3)','UNIT',' 14,400.00 ','R009'),('SV2023004','DIGISYSTEM DRY OVEN - 30L','UNIT',' 33,300.00 ','R009'),('SV2023005','DIFFERENTIAL COUNTER - (9 WINDOWS)','UNIT',' 9,000.00 ','R009'),('NL2023001','BLOOD LANCET - 72\'S','BOX',' 117.00 ','R024'),('NL2023002','GLASS SLIDES - 72\'S','PACK','50.00','R024'),('OPTIUM2023001','KELLY CURVE','PIECE','80.00','R022'),('OPTIUM2023002','IRIS SCISSOR','PIECE','80.00','R022'),('OPTIUM2023003','TERUMO INSULIN SYRINGE 1CC - 100\'S','BOX',' 700.00 ','R022'),('OPTIUM2023004','TERUMO SYRINGE  - 1CC - 100\'S','BOX',' 800.00 ','R022'),('OPTIUM2023005','TERUMO SYRINGE - 3CC - 100\'S','BOX',' 600.00 ','R022'),('OPTIUM2023006','TERUMO SYRINGE - 5CC - 100\'S','BOX',' 700.00 ','R022'),('OPTIUM2023007','TERUMO SYRINGE - 10CC - 100\'S','BOX',' 830.00 ','R022'),('1213115','MICRO SAMPLE CUPS BOX/4000','Box','3,425.25','0016A'),('1247873','HUMIDITY CONTROL PKS BX/2 SETS','Box','1,653.75','0016A'),('1250232','DESICCANT PACKS BX/2 SETS','Box','1,239.75','0016A'),('1451392','SAMPLE CUP PIERCE CAP BX/1000','Box','759.75','0016A'),('1474030','MICRO TIPS BOX/250','Box','452.25','0016A'),('6801715','Vitros VersaTip Box/1000','Box','1,633.80','0016A'),('1250315','DISP AIR FILTERS BOX/6','Box','1,016.25','0016A'),('1122423','950 SLD DISP BOX LINER/PIC','Box','5,718.75','0016A'),('1331560','250 AIR FILTER','Box','3,507.75','0016A'),('1158294','250 HEIGHT ADAPTER','Box','2,050.50','0016A'),('1338953','250 MICROTUBE ADAPTER','Box','886.5','0016A'),('1631779','250 MIXING CUP ARRAY','Box','1,956.75','0016A'),('1412204','250 SAMPLE CUP ADAPTER','Box','1,758.00','0016A'),('1204791','250 SLIDE DISP BOX LINERS','Box','5,718.75','0016A'),('1561976','250 TIP RACK','Box','1,032.75','0016A'),('1627439','250 UNIV SAMPLE TRAY','Box','2,848.50','0016A'),('8867541','8867541 TIBC KIT','Box','4,932.75','0016A'),('1925551','AFP REAGENT 100 WELLS','100',' 5,560.00 ','0016A'),('8577413','A-HBC IGM  REAGENT 52WELLS','52',' 4,680.00 ','0016A'),('8496812','A-HBC REAGENT 100 WELLS','52',' 4,320.00 ','0016A'),('1787753','A-HBS REAGENT 100 WELLS','100',' 5,460.80 ','0016A'),('1318450','A-HCV REAGENT 100 WELLS','100',' 12,350.00 ','0016A'),('6842779','HIV COMBO REAGENT (1241850 A-HIV 1+2 REAGENT)','100',' 9,000.00 ','0016A'),('8450124','ANTI-HAV IGM RGNT 100 WELL','100',' 7,900.00 ','0016A'),('8864860','ANTI-HBE REAGENT 52 WELLS','52',' 10,777.68 ','0016A'),('1453489','B12 REAGENT 100 WELLS','100',' 12,948.00 ','0016A'),('1142561','B12/FOLATE RGT PK3/200TEST','200','','0016A'),('6800038','CA125II REAGENT 100 WELLS','100',' 12,800.00 ','0016A'),('6800039','CA15-3 REAGENT 100 WELLS','100',' 13,786.00 ','0016A'),('6800040','CA19-9 REAGENT 100 WELLS','100',' 10,387.20 ','0016A'),('1920115','CEA REAGENT 100 WELLS','100',' 12,800.00 ','0016A'),('1896836','CKMB REAGENT 100 WELLS','100',' 6,263.20 ','0016A'),('6801827','CMV IGG 100 WL','100',' 10,800.00 ','0016A'),('6801830','CMV IGM REAGENT 100T','1',' 10,800.00 ','0016A'),('1074053','CORTISOL REAGENT 100 WELLS','100',' 10,862.50 ','0016A'),('8552630','ESTRADIOL RGT 100 WELLS','100',' 9,230.80 ','0016A'),('8356636','FERRITIN REAGENT 100 WELLS','100',' 7,407.60 ','0016A'),('1513266','FOLATE REAGENT 100 WELLS','100',' 15,886.40 ','0016A'),('1315589','FREE T3 REAGENT 100 WELLS','100',' 6,249.20 ','0016A'),('1387000','FREE T4 REAGENT 100 WELLS','100',' 7,600.00 ','0016A'),('1931922','FSH REAGENT 100 WELLS','100',' 5,096.40 ','0016A'),('6801461','HAV TOTAL RGT 100 WELLS','100',' 8,880.00 ','0016A'),('8211880','HBE AG  REAGENT 52 WELLS','52',' 3,300.00 ','0016A'),('8435307','HBS AG REAGENT 100 WELLS','100',' 2,600.00 ','0016A'),('8228595','HBSAG CONFIRMATORY REAGENT','1',' 6,480.00 ','0016A'),('1350198','LH REAGENT 100 WELLS','100',' 5,096.40 ','0016A'),('6801042','MYOGLOBIN 100 WELLS','100',' 59,400.00 ','0016A'),('6802156','NT pro BNP Reagent 100t','100',' 57,600.00 ','0016A'),('6800030','NTx RGT 100 WELLS','100',' 21,600.00 ','0016A'),('1938570','PROGESTERONE RGT 100 WELLS','100',' 7,193.60 ','0016A'),('1849793','PROLACTIN REAGENT 100 WELL','100',' 5,394.00 ','0016A'),('6842844','PSA REAGENT 100 WELLS (1886704)','100',' 23,196.00 ','0016A'),('1107804','RED CELL FOLATE TEST PACK','50','','0016A'),('8536195','RUBELLA IGG REAGENT PACK','100',' 10,800.00 ','0016A'),('1484427','RUBELLA IGM 100 WELLS','100',' 10,800.00 ','0016A'),('6842803','SYPHILIS Reagent Pack','100',' 5,243.70 ','0016A'),('1471481','T3U','100',' 3,600.00 ','0016A'),('1435205','TESTOSTERONE RGT 100 WELLS','100',' 8,994.80 ','0016A'),('6802220','TOT B HCG II 100 WELLS','100',' 3,950.40 ','0016A'),('1322528','TOTAL T3 REAGENT 100 WELLS','100',' 6,228.80 ','0016A'),('8744468','TOTAL T4 REAGENT 100 WELLS','100',' 6,228.80 ','0016A'),('8091399','Toxoplasma IgG Reagent Pack','100',' 10,800.00 ','0016A'),('8669335','TOXOPLASMA IGM 100 WELLS','100',' 10,800.00 ','0016A'),('6802301','TROPONIN I ES 100 WELLS','100',' 13,355.20 ','0016A'),('1912997','TSH 3RD REAGENT 100 WELLS','100',' 5,917.60 ','0016A'),('1515154','AFP CALIBRATORS 1X/3','1',' 7,228.00 ','0016A'),('1256494','A-HBC CALIBRATORS 1X1','1',' 2,550.00 ','0016A'),('1100387','AHBC IGM CALIBRATORS 3X2','1',' 3,600.00 ','0016A'),('1524693','A-HBS CALIBRATORS 3X2','1',' 4,180.40 ','0016A'),('1940667','A-HCV CALIBRATORS 1X1','1',' 2,723.00 ','0016A'),('6842780','HIV COMBO CALIBRATOR (1700863 A-HIV 1+2 CAL)','1',' 2,492.50 ','0016A'),('1372101','ANTI-HAV IGM CALIBRATOR','1',' 7,920.00 ','0016A'),('6801462','Anti-HAV Total Calibrator','1',' 5,760.00 ','0016A'),('1523984','ANTI-HBE CALIBRATORS 1X1','1',' 2,700.00 ','0016A'),('1540525','B12 CALIBRATOR','1',' 3,413.00 ','0016A'),('6800034','CA125II CALIBRATORS 1X3','1',' 2,939.50 ','0016A'),('6800033','CA15-3 CALIBRATORS 1X3','1',' 2,939.50 ','0016A'),('6800035','CA19-9 CALIBRATORS 3X3','1',' 2,939.50 ','0016A'),('1062306','CEA CALIBRATORS 3X3','1',' 7,164.50 ','0016A'),('1286293','CKMB CALIBRATOR BX/3 SETS','1',' 6,650.00 ','0016A'),('6801828','CMV IGG CALIBRATOR','1',' 7,200.00 ','0016A'),('6801831','CMV IGM CALIBRATOR, VITROS','1',' 7,200.00 ','0016A'),('1681543','CORTISOL CAL BX/3 SETS','1',' 4,039.20 ','0016A'),('1318930','ESTRADIOL CALIBRATORS 1X3','1',' 4,158.00 ','0016A'),('1158864','FERRITIN CALIBRATORS 3X3','1',' 3,242.50 ','0016A'),('1311075','FOLATE CAL BX/1 SET','1',' 4,082.40 ','0016A'),('1112820','FREE T3 CALIBRATORS 3X3','1',' 3,997.50 ','0016A'),('1728872','FREE T4 CALIBRATORS 3X3','1',' 3,997.50 ','0016A'),('1901263','FSH CALIBRATORS 1X2','1',' 4,158.00 ','0016A'),('1914498','HBE AG CALIBRATORS 1X1','1',' 2,700.00 ','0016A'),('1421932','HBSAG CALIBRATORS 1X1','1',' 2,623.50 ','0016A'),('1090133','LH CALIBRATORS 1X2','1',' 4,158.00 ','0016A'),('6801043','MYOGLOBIN CALIBRATORS','1',' 5,400.00 ','0016A'),('6802157','NT-PROBNP CALIBRATOR, VITROS','1',' 5,400.00 ','0016A'),('6800031','NTx / CALIBRATOR','1',' 5,400.00 ','0016A'),('8254898','PROGESTERONE CALI 1X2','1',' 4,158.00 ','0016A'),('1113596','PROLACTIN CALIBRATORS 3X2','1',' 4,158.00 ','0016A'),('1933027','PSA CALIBRATORS 1X1','1',' 3,712.80 ','0016A'),('8209074','RUBELLA IGG CALIBRATOR','1',' 7,200.00 ','0016A'),('8017600','RUBELLA IGM CALIBRATOR','1',' 7,200.00 ','0016A'),('6842804','SYPHILIS Calibrators, VITROS','1',' 6,421.80 ','0016A'),('1209733','T3U CALIBRATORS','1',' 3,960.00 ','0016A'),('1306026','TESTOSTERONE CALI 1X3','1',' 4,158.00 ','0016A'),('6802221','TOT B HCG CAL II BX/3 SETS','1',' 5,421.20 ','0016A'),('1614965','TOTAL T3 CALIBRATORS 1X3','1',' 3,910.50 ','0016A'),('1393396','TOTAL T4 CALIBRATORS 1X3','1',' 5,560.00 ','0016A'),('1893312','TOXOPLASMA IGG CALIBT SET2','1',' 7,200.00 ','0016A'),('1120492','TOXOPLASMA IGM CALIBRATOR','1',' 7,200.00 ','0016A'),('6802302','TROPONIN I ES CAL BX 2SETS','1',' 7,448.00 ','0016A'),('1487289','TSH CALIBRATORS 1X3','1',' 3,997.50 ','0016A'),('6800836','A-HBC CONTROLS 3X2','1',' 6,300.00 ','0016A'),('6800834','A-HBC IGM CONTROLS 3X2','1',' 15,000.00 ','0016A'),('6800837','A-HBE CONTROL(4X1,2X2,2X3)','1',' 11,197.50 ','0016A'),('6800731','A-HCV CONTROLS 3X2','1',' 2,586.50 ','0016A'),('1619360','ANEMIA CONTROLS 3X3','1',' 3,267.50 ','0016A'),('6800835','ANTI-HAV IGM CONTROLS 3X2','1',' 5,742.00 ','0016A'),('6801463','Anti-HAV Total Controls','1',' 17,550.00 ','0016A'),('6800389','ANTI-HBS CONTROLS BX/3X2','1',' 2,985.60 ','0016A'),('6800586','ANTI-HIV 1/2 CONTROLS 3X3','1',' 2,351.50 ','0016A'),('8650939','CARDIOLOGY CONTROLS 3X3','1','','0016A'),('91474','CLINIQA LIQ QC CARDIAC MKR CNT','1',' 14,000.00 ','0016A'),('6800281','FREE B-HCG CONTROLS 3X2','1','','0016A'),('1315654','FREE THYROID CONTROLS 3X3','1',' 3,326.40 ','0016A'),('6800598','HBSAG CONTROLS 3/X2','1',' 2,722.50 ','0016A'),('1420025','METABOLISM CONTROLS 3X3','1',' 7,200.00 ','0016A'),('6800336','NTx CONTROLS 3X3','1',' 7,200.00 ','0016A'),('1935543','ONCOLOGY CONTROLS 3X3','1',' 7,447.44 ','0016A'),('1009406','REP ENDO CONTROLS /3X3','1',' 3,931.00 ','0016A'),('6842805','SYPHILIS Controls, Vitros','1',' 11,000.00 ','0016A'),('6800660','TESTOSTERONE CONTROLS 3X3','1',' 6,724.00 ','0016A'),('1410646','TOTAL THYROID CONTROLS 3X3','1',' 3,326.40 ','0016A'),('8642712','HGH SAMP DIL A OFF 4X27ML','1',' 2,520.00 ','0016A'),('8642712','HGH SAMP DIL A OFF 4X27ML','1',' 2,520.00 ','0016A'),('1435866','HGH SAMP DIL B OFF 4X27ML','1',' 2,520.00 ','0016A'),('8430373','HGH SAMPLE DIL A ON PK/100','1',' 4,248.00 ','0016A'),('8321200','HGH SAMPLE DIL B ON PK/100','1',' 4,248.00 ','0016A'),('1329135','LIQUID WASTE BOTTLE','1','','0016A'),('1093517','M/C CONTAINR ADPTRS BX/10','1','','0016A'),('1831312','MAINTENANCE PACK/2','1',' 5,346.00 ','0016A'),('1213115','MICRO SAMPLE CUPS BX/4000','1','','0016A'),('1838853','PERFORMANCE TEST PK/1','1','','0016A'),('8231722','REAGENT STORAGE BOX/1','1','','0016A'),('1072693','SIGNAL REAGENT PK/2','1',' 2,445.60 ','0016A'),('8389793','UNIVERSAL WASH RGT PK/2','1',' 3,686.80 ','0016A'),('6801715','VERSA TIPS','1',' 933.60 ','0016A'),('6800100','VAPOR ABSORPTION CARTRIDGE','1','2,838.00','0016A'),('MCTC2022021','37% FORMALIN','GALLON','1,720.00','R005'),('MCTC2022022','PAPANICOLLUA STAIN COMPLETE SET','BOX','3984.00','R005'),('MCTC2022023','PAPANICOLLUA STAIN SET','BOX','2,832.00','R005'),('1925551','AFP REAGENT 100 WELLS','100 Tests','7,235.99','0016SPCMC'),('6801461','HAV TOTAL RGT 100 WELLS','100 Tests','14,604.56','0016SPCMC'),('8450124','ANTI-HAV IGM RGNT 100 WELL','100 Tests','11,013.83','0016SPCMC'),('8496812','A-HBC REAGENT 100 WELLS','100 Tests','6,346.21','0016SPCMC'),('8577413','A-HBC IGM  REAGENT 52WELLS','100 Tests','3,925.00','0016SPCMC'),('8864860','ANTI-HBE REAGENT 52 WELLS','52 Tests','4,544.25','0016SPCMC'),('1787753','A-HBS REAGENT 100 WELLS','100 Tests','3,739.58','0016SPCMC'),('1318450','A-HCV REAGENT 100 WELLS','100 Tests','19,979.52','0016SPCMC'),('6800038','CA125II REAGENT 100 WELLS','100 Tests','18,430.72','0016SPCMC'),('6800039','CA15-3 REAGENT 100 WELLS','100 Tests','19,576.83','0016SPCMC'),('6800040','CA19-9 REAGENT 100 WELLS','100 Tests','10,939.17','0016SPCMC'),('1920115','CEA REAGENT 100 WELLS','100 Tests','7,235.99','0016SPCMC'),('1931922','FSH REAGENT 100 WELLS','100 Tests','12,006.30','0016SPCMC'),('1315589','FREE T3 REAGENT 100 WELLS','100 Tests','6,775.38','0016SPCMC'),('1387000','FREE T4 REAGENT 100 WELLS','100 Tests','6,775.38','0016SPCMC'),('8211880','HBE AG  REAGENT 52 WELLS','52 Tests','3,822.31','0016SPCMC'),('8435307','HBS AG REAGENT 100 WELLS','100 Tests','3,122.38','0016SPCMC'),('6842779','VITROS HIV COMBO REAGENT','100 Tests','7,587.39','0016SPCMC'),('1849793','PROLACTIN REAGENT 100 WELL','100 Tests','7,227.48','0016SPCMC'),('1886704','PSA REAGENT 100 WELLS','100 Tests','13,551.69','0016SPCMC'),('6842803','SYPHILIS REAGENT PACK','100 Tests','18,120.96','0016SPCMC'),('1322528','TOTAL T3 REAGENT 100 WELLS','100 Tests','5,018.89','0016SPCMC'),('8744468','TOTAL T4 REAGENT 100 WELLS','100 Tests','5,018.89','0016SPCMC'),('1912997','TSH 3RD REAGENT 100 WELLS','100 Tests','6,775.38','0016SPCMC'),('8356636','FERRITIN REAGENT 100 WELLS','100 Tests','17,152.19','0016SPCMC'),('6905558','BRAHMS PROCALCITONIN REAGENT PACK','100 Tests','32,426.24','0016SPCMC'),('6844436','HS Trop I REAGENT PACK','100 Tests','31,046.40','0016SPCMC'),('6844452','NT-PROBNP II REAGENT 100 WELL','100 Tests','34,496.00','0016SPCMC'),('1515154','AFP CALIBRATOR','1 Set x 3 Levels','4,963.71','0016SPCMC'),('6801462','ANTI-HAV TOTAL CALIBRATOR','1 Set x 1 Level','13,246.46','0016SPCMC'),('1372101','ANTI-HAV IGM CALIBRATOR','1 Set x 1 Level','7,070.61','0016SPCMC'),('1256494','A-HBC CALIBRATOR','1 Set x 1 Level','7,037.18','0016SPCMC'),('1100387','AHBC IGM CALIBRATOR','3 Sets x 2 Levels','9,934.85','0016SPCMC'),('1523984','ANTI-HBE CALIBRATOR','1 Set x 1 Level','13,246.46','0016SPCMC'),('1524693','A-HBS CALIBRATOR','3 Sets x 2 Levels','9,106.94','0016SPCMC'),('1940667','A-HCV CALIBRATOR','1 Set x 1 Level','3,606.01','0016SPCMC'),('6800034','CA125II CALIBRATOR','1 Set x 3 Levels','2,209.74','0016SPCMC'),('6800033','CA15-3 CALIBRATOR','1 Set x 3 Levels','2,209.74','0016SPCMC'),('6800035','CA19-9 CALIBRATOR','3 Sets x 3 Levels','2,209.74','0016SPCMC'),('1062306','CEA CALIBRATOR','3 Sets x 3 Levels','5,386.16','0016SPCMC'),('1901263','FSH CALIBRATOR','1 Set x 2 Levels','3,712.07','0016SPCMC'),('1112820','FREE T3 CALIBRATOR','3 Sets x 3 Levels','3,606.01','0016SPCMC'),('1728872','FREE T4 CALIBRATOR','3 Sets x 3 Levels','3,606.01','0016SPCMC'),('1914498','HBE AG CALIBRATOR','1 Set x 1 Level','9,106.94','0016SPCMC'),('1421932','HBSAG CALIBRATOR','1 Set x 1 Level','2,248.45','0016SPCMC'),('6842780','VITROS HIV COMBO CALIBRATOR','1 Set x 1 Level','2,248.45','0016SPCMC'),('1113596','PROLACTIN CALIBRATOR','3 Sets x 2 Levels','3,712.07','0016SPCMC'),('1933027','PSA CALIBRATOR','1 Set x 1 Level','2,651.69','0016SPCMC'),('6842804','VITROS SYPHILIS CALIBRATOR','1 Set x 1 Level','4,857.03','0016SPCMC'),('1614965','TOTAL T3 CALIBRATOR','1 Set x 3 Levels','2,792.89','0016SPCMC'),('1393396','TOTAL T4 CALIBRATOR','1 Set x 3 Levels','4,963.71','0016SPCMC'),('1487289','TSH CALIBRATOR','1 Set x 3 Levels','3,606.01','0016SPCMC'),('1158864','FERRITIN CALIBRATOR','3 Sets x 3 Levels','4,793.49','0016SPCMC'),('6905559','BRAHMS PROCALCITONIN CALIBRATOR','3 Sets x 2 Levels','14,833.28','0016SPCMC'),('6844437','HS Trop I CALIBRATOR','1 Set x 3 Levels','26,995.19','0016SPCMC'),('6844453','NT-PROBNP II CALIBRATOR','1 Set x 3 Levels','2,414.72','0016SPCMC'),('6801463','ANTI-HAV TOTAL CONTROL','3 Sets x 2 Levels','21,644.72','0016SPCMC'),('6800835','ANTI-HAV IGM CONTROL','3 Sets x 2 Levels','7,030.21','0016SPCMC'),('6800836','A-HBC CONTROL','3 Sets x 2 Levels','10,166.46','0016SPCMC'),('6800834','A-HBC IGM CONTROL','3 Sets x 2 Levels','16,397.52','0016SPCMC'),('6800837','A-HBE CONTROL','3 Sets x 3 Levels','13,314.78','0016SPCMC'),('6800389','ANTI-HBS CONTROL','3 Sets x 2 Levels','9,461.76','0016SPCMC'),('6800731','A-HCV CONTROL','3 Sets x 2 Levels','2,666.63','0016SPCMC'),('10820','FUJIREBIO TUMOR MARKER CONTROL','3 Sets x 2 Levels','6,078.84','0016SPCMC'),('1009406','REP ENDO CONTROL','3 Sets x 3 Levels','4,052.59','0016SPCMC'),('1315654','FREE THYROID CONTROL','3 Sets x 3 Levels','4,072.67','0016SPCMC'),('6800598','HBsAG CONTROL','3 Sets x 2 Levels','2,666.63','0016SPCMC'),('6800586','ANTI-HIV 1/2 CONTROL','3 Sets x 3 Levels','2,424.21','0016SPCMC'),('6842805','SYPHILIS CONTROL','3 Sets x 2 Levels','9,287.55','0016SPCMC'),('1410646','TOTAL THYROID CONTROL','3 Sets x 3 Levels','3,393.89','0016SPCMC'),('1619360','ANEMIA CONTROL','3 Sets x 3 Levels','2,807.02','0016SPCMC'),('6905560','BRAHMS PROCALCITONIN CONTROL','3 Sets x 3 Levels','13,325.31','0016SPCMC'),('91474','CLINIQA LIQ QC CARDIAC MKR CNT','2 Sets x 3 Levels','15,769.60','0016SPCMC'),('1072693','SIGNAL REAGENT','2 Packs','3,151.47','0016SPCMC'),('8389793','UNIVERSAL WASH REAGENT','2 Packs','3,393.89','0016SPCMC'),('1213115','MICRO SAMPLE CUPS','4000 Cups','4,305.98','0016SPCMC'),('1831312','MAINTENANCE','2 Packs','6,545.36','0016SPCMC'),('6801715','VERSA TIPS','1000 Tips','2,200.20','0016SPCMC'),('8196057','ALBUMIN','250 Tests','1,386.00','0016SPCMC'),('1053180','ALKALINE PHOSPHATASE','300 Tests','1,276.70','0016SPCMC'),('6844288','ALTV/SGPT','300 Tests','2,014.85','0016SPCMC'),('8433815','AST/SGOT','300 Tests','2,021.18','0016SPCMC'),('8112724','AMYLASE','90 Tests','3,061.24','0016SPCMC'),('1612365','BILIRUBIN (TOTAL/INDIRECT/DIRECT)','90 Tests','491.42','0016SPCMC'),('8159931','TOTAL BILIRUBIN','300 Tests','2,749.82','0016SPCMC'),('1943927','URIC ACID','300 Tests','4,729.82','0016SPCMC'),('8102204','BUN','300 Tests','1,783.58','0016SPCMC'),('1450261','CALCIUM','300 Tests','2,936.74','0016SPCMC'),('6844471','URINE CHLORIDE','250 Tests','6,768.97','0016SPCMC'),('1669829','CHOLESTEROL','300 Tests','4,333.82','0016SPCMC'),('8478034','CK','90 Tests','1,530.14','0016SPCMC'),('8001133','CK-MB','90 Tests','5,509.47','0016SPCMC'),('6802584','CREATININE','300 Tests','2,166.91','0016SPCMC'),('8208431','CSF PROTEIN','90 Tests','2,639.03','0016SPCMC'),('1707801','GLUCOSE','300 Tests','1,403.42','0016SPCMC'),('8257289','GGTP','250 Tests','1,687.40','0016SPCMC'),('6801895','dHDL','300 Tests','15,665.76','0016SPCMC'),('8168122','ACID PHOS 5 PK/90 SLIDES','90 Tests','2,343.10','0016SPCMC'),('1924547','IRON','90 Tests','1,329.77','0016SPCMC'),('6844430','LACTATE DEHYDROGENASE (LDHI)','90 Tests','1,379.98','0016SPCMC'),('8297749','LIPASE','90 Tests','1,115.93','0016SPCMC'),('1921204','MAGNESIUM','90 Tests','1,813.36','0016SPCMC'),('1513209','PHOSPHORUS','300 Tests','8,785.86','0016SPCMC'),('8157596','POTASSIUM','250 Tests','6,508.63','0016SPCMC'),('6800120','URINE PROTEIN','90 Tests','2,645.34','0016SPCMC'),('8379034','SODIUM','250 Tests','6,508.63','0016SPCMC'),('6802001','TOTAL IRON BONDING CAPACITY (dTIBC)','300 Tests','35,481.60','0016SPCMC'),('8392292','TOTAL PROTEIN','250 Tests','1,597.20','0016SPCMC'),('1336544','TRIGLYCERIDES','300 Tests','5,607.36','0016SPCMC'),('6801739','HsCRP','300 Tests','31,046.40','0016SPCMC'),('6802218','ANTI-Streptolysin Reagent (ASO)','300 Tests','26,611.20','0016SPCMC'),('6801735','C3 Reagent','300 Tests','26,611.20','0016SPCMC'),('6801729','RF Reagent','300 Tests','26,611.20','0016SPCMC'),('1632660','LITHIUM 5 PK/90 SLIDES','90 Tests','19,800.00','0016SPCMC'),('8262396','ENZYMATIC CO2  5 PK/300 SLIDES','300 Tests','6,870.38','0016SPCMC'),('1726926','AMMONIA 5 PK/90 SLIDES','90 Tests','4,443.12','0016SPCMC'),('8046872','ALCOHOL 5 PK/90 SLIDES','90 Tests','6,935.54','0016SPCMC'),('8097990','CRP/ 5PACKS 90SLDS','90 Tests','4,252.25','0016SPCMC'),('8150112','LACTATE 5 PK/90 SLIDES','90 Tests','4,591.22','0016SPCMC'),('1037274','ACETAMINOPHEN / 5PACK / 90 SLD','90 Tests','15,309.36','0016SPCMC'),('1307164','THEOPHYLLINE 5 PK/90 SLIDES','90 Tests','11,483.21','0016SPCMC'),('1314343','SALICYLATE/5 PACK/90 SLDS','90 Tests','17,224.42','0016SPCMC'),('8298671','PHENYTOIN/5 PACK/90SLDS','90 Tests','11,482.42','0016SPCMC'),('8343386','DIGOXIN/5 PACK/90 SLDS','90 Tests','15,310.94','0016SPCMC'),('8892382','CRBM 5 PACKS/90 SLIDES','90 Tests','11,482.42','0016SPCMC'),('6842905','HBA1C REAGENT','300 Tests','29,568.00','0016SPCMC'),('1882208','CALIBRATOR KIT 1 BX/4/12 BTL','4 Sets x 3 Levels','3,933.42','0016SPCMC'),('1662659','CALIBRATOR KIT 2 BX/4/16 BTL','4 Sets x 4 Levels','3,933.42','0016SPCMC'),('1290709','CALIBRATOR KIT 3 BX/4/12 BTL','4 Sets x 3 Levels','2,721.86','0016SPCMC'),('1204668','CALIBRATOR KIT 4 BX/4/16 BTL','4 Sets x 4 Levels','2,722.40','0016SPCMC'),('1149764','CALIBRATOR KIT 5 BX/4/12 BTL','4 Sets x 3 Levels','3,277.85','0016SPCMC'),('1204247','CALIBRATOR KIT 6 BX/4/12 BTL','4 Sets x 3 Levels','4,372.58','0016SPCMC'),('1320498','CALIBRATOR KIT 7 BX/2/6 BTL','2 Sets x 3 Levels','3,277.85','0016SPCMC'),('8578163','CALIBRATOR KIT 8 BX/2/6 BTL','2 Sets x 3 Levels','3,277.85','0016SPCMC'),('8568040','CALIBRATOR KIT 9 BX/2/6 BTL','2 Sets x 3 Levels','3,277.85','0016SPCMC'),('6800189','CALIBRATOR KIT 10 BX/2/6 BTL','2 Sets x 3 Levels','3,277.85','0016SPCMC'),('6801701','Calibrator Kit 17 (HsCRP)','5 Sets x 1 Level','8,870.40','0016SPCMC'),('6801702','Cal Kit 18 FOR %A1c','3 Sets x 4 Levels','5,580.31','0016SPCMC'),('6802323','Calibrator Kit 28 (ASO)','1 Set x 1 Level','9,629.31','0016SPCMC'),('6802344','Calibrator Kit 29 (dTIBC)','2 Sets x 2 Level','5,125.12','0016SPCMC'),('6801896','VITROS CALIBRATOR KIT 25','2 Sets x 3 Levels','7,022.40','0016SPCMC'),('8067324','PERFORM VERIFIER I BX/12 BTL','12 Sets x 2 Level','4,144.75','0016SPCMC'),('8231474','PERFORM VERIFIER II BX/12 BTL','12 Sets x 2 Level','4,144.75','0016SPCMC'),('8466492','LIQ PERFORM VERIFIER I BX/6BTL','6 Sets x 2 Levels','3,305.23','0016SPCMC'),('1384007','LIQ PERF VERIFIER II BX/6 BTL','6 Sets x 2 Levels','3,305.23','0016SPCMC'),('8721508','ISO PERF VERIFIER I BX/6 BTL','6 Sets x 2 Levels','3,305.23','0016SPCMC'),('8748220','ISO PERF VERIFIER II BX/6 BTL','6 Sets x 2 Levels','3,305.23','0016SPCMC'),('6800190','URINE PROTEIN PERF VERI I BX/6','6 Sets x 2 Levels','3,305.23','0016SPCMC'),('6800191','URINE PROTEIN PERF VERI II BX/6','6 Sets x 2 Levels','3,305.23','0016SPCMC'),('6801744','PROTEIN PERF VERIF I BX/6VIALS','6 Sets x 2 Levels','8,360.00','0016SPCMC'),('6801745','PROTEIN PERF VER II BX6BT','6 Sets x 2 Levels','8,360.00','0016SPCMC'),('6801768','PROTEIN PERF VER III BX6BT','6 Sets x 2 Levels','8,360.00','0016SPCMC'),('6801742','hsCRP PERF VER I','6 Sets x 3 Levels','6,831.89','0016SPCMC'),('6801888','hsCRP PERF VER II','6 Sets x 3 Levels','6,831.89','0016SPCMC'),('6802049','hsCRP PERF VER III','6 Sets x 3 Levels','6,831.89','0016SPCMC'),('6801750','%A1c PV I','3 Sets x 2 Levels','4,380.05','0016SPCMC'),('6801751','%A1c PV II','3 Sets x 2 Levels','4,380.05','0016SPCMC'),('6802348','dTIBC PERF VER I','6 Sets x 2 Levels','3,150.81','0016SPCMC'),('6802349','dTIBC PERF VER II','6 Sets x 2 Levels','3,150.81','0016SPCMC'),('6802411','ASO/RF PERF VER I','5 Sets x 2 Levels','8,870.40','0016SPCMC'),('6802412','ASO/RF PERF VER II','5 Sets x 2 Levels','8,870.40','0016SPCMC'),('6844463','Vitros 800 Reference Fluid BX/30 BTL','30 Bottles','6,028.47','0016SPCMC'),('1213115','MICRO SAMPLE CUPS BX/4000','4,000 Cups','4,305.98','0016SPCMC'),('1250232','DESICCANT PKS BX/2 SET','2 Packs','1,557.92','0016SPCMC'),('6801715','VERSA TIPS','1000 Tips','2,200.20','0016SPCMC'),('6801752','DILUENT PACK 1 BOX/3 PACKS','3 Packs','6,243.26','0016SPCMC'),('6801753','DILUENT PACK 2 BOX/3 PACKS','4 Packs','9,856.00','0016SPCMC'),('6801754','DILUENT PACK 3 BOX/3 PACKS','5 Packs','9,856.00','0016SPCMC'),('6801422','FS CUVETTES BOX/6000','6,000 Cuvettes','17,740.80','0016SPCMC'),('6801423','FS MICROTIPS BOX/4096','4,096 Microtips','8,100.05','0016SPCMC'),('6801892','FS HUMIDIFICATION PACKS BOX/6','6 Boxes','9,856.00','0016SPCMC'),('6801873','FS CALIBRATOR 1','12x1','1,502.40','0016SPCMC'),('6801874','RECONSTITUTION DILUENT','12 Bottles','1,502.40','0016SPCMC'),('1830033','IMMUNO WASH FLUID','30 Bottles','5,356.38','0016SPCMC'),('8936049','CRP PERF VERIFIER I BX/6 BTL','Box','2,928.86','0016SPCMC'),('8597452','CRP PERF VERIFIER II BX/6 BTL','Box','2,928.86','0016SPCMC'),('8321200','ECI HGH SAMPLE DIL B ON PK/100','Box','5,417.43','0016SPCMC'),('8430373','ECI HGH SAMPLE DIL A ON PK/100','Box','5,417.43','0016SPCMC'),('1988211','ALBUMIN 5 PK/90 SLIDES','Box','498.96','0016SPCMC'),('OPTIUM2023008','SURGICAL SCISSORS CURVE','PIECE','80.00','R022'),('OPTIUM2023009','SURGICAL SCISSORS STRAIGHT','PIECE','80.00','R022'),('OPTIUM2023010','MOSQUITO FORCEP','PIECE','80.00','R022'),('OPTIUM2023011','KELLY STRAIGHT','PIECE','80.00','R022'),('SV2023006','LABORATORY DRYING OVEN MODEL: OV-50:50L','UNIT','36,000.00','R009'),('SV2023007','DIGISYSTEM (TAIWAN) DIGITAL LABORATORY INCUBATOR MODEL: DSI-500D:50L','UNIT','42,300.00','R009'),('SV2023008','DIGISYSTEM (TAIWAN) MODEL: DSC-100MH-2:24 PLACER','UNIT','22,950.00','R009'),('SV2023009','PERLONG/JIBIMED VERTICAL STEAM STERILIZER PTS-B50L:50L','UNIT','107,415.00','R009'),('ELEVATE2023010','RAPIQUICK - (THC/MET/MDMA/COC/MOP) DRUG OF ABUSE RAPID TEST','BOX','6,132.00','R021'),('TRULAB2022163','TOURNIQUET','PIECE','105.00','R003'),('TRULAB2022164','TEST TUBE RACK 90s','PIECE','455.00','R003'),('TRULAB2022165','RED TOP PRO COAG','TRAY','575.00','R003'),('GOLDQUEST2022065','IMMUNOSTIC.INC. - HEMA-SCREEN','BOX','4,180.00','R006'),('SV2023010','LIGHT BULB HALOGRN DISPLAY/OPTIC LAMP 64250 HLX 20W.6V.G4','PIECE','600.00','R009'),('MEDASIA2022001','PURPLE TOP EDTA K3 GLASS 2ML','TRAY','380.00','R008'),('MEDASIA2022002','URINE STERILE CUPS 60ML','PIECE','6.00','R008'),('MEDASIA2022003','YELLOW TIP WITHOUT CROWN','PACK','250.00','R008'),('MEDASIA2022004','BLUE TIP WITHOUT CROWN','PACK','250.00','R008'),('MEDASIA2022005','GREEN TOP 5ML','TRAY','380.00','R008');
/*!40000 ALTER TABLE `tbl_supplier_products` ENABLE KEYS */;
UNLOCK TABLES;

--
-- Table structure for table `tbl_transaction`
--

DROP TABLE IF EXISTS `tbl_transaction`;
/*!40101 SET @saved_cs_client     = @@character_set_client */;
/*!40101 SET character_set_client = utf8 */;
CREATE TABLE `tbl_transaction` (
  `transID` int(11) NOT NULL AUTO_INCREMENT,
  `transType` varchar(255) DEFAULT NULL,
  `noOfItems` varchar(255) DEFAULT NULL,
  `careTO` varchar(255) DEFAULT NULL,
  `Note` varchar(255) DEFAULT NULL,
  `Status` varchar(255) DEFAULT 'Created',
  `PONumber` varchar(255) DEFAULT NULL,
  `SINumber` varchar(255) DEFAULT NULL,
  `CustomerPO` varchar(255) DEFAULT NULL,
  `SupplierInvoice` varchar(255) DEFAULT NULL,
  `DRNumber` varchar(255) DEFAULT NULL,
  `SupplierDRNumber` varchar(255) DEFAULT NULL,
  `InvoicePrice` double DEFAULT NULL,
  `created_at` varchar(255) DEFAULT NULL,
  `updated_at` varchar(255) DEFAULT NULL,
  PRIMARY KEY (`transID`)
) ENGINE=InnoDB AUTO_INCREMENT=94 DEFAULT CHARSET=utf8mb4;
/*!40101 SET character_set_client = @saved_cs_client */;

--
-- Dumping data for table `tbl_transaction`
--

LOCK TABLES `tbl_transaction` WRITE;
/*!40000 ALTER TABLE `tbl_transaction` DISABLE KEYS */;
INSERT INTO `tbl_transaction` VALUES (1,'Stock In',NULL,'Rozellyn Yulatic',NULL,'Created',NULL,NULL,NULL,NULL,NULL,NULL,NULL,'2023-10-05 08:19:42','2023-10-05 08:19:42'),(2,'Stock In',NULL,'Janine Soriente','Stock in Current Stocks (10/19/23)','Finished',NULL,NULL,NULL,NULL,NULL,NULL,NULL,'2023-10-19 06:15:21','2023-10-26 03:10:22'),(3,'Stock In',NULL,'Janine Soriente','Stock in from Trulaboratories Corporation (10/25/23)','Finished',NULL,NULL,NULL,NULL,NULL,NULL,NULL,'2023-10-25 09:16:56','2023-10-25 09:22:02'),(4,'Stock In',NULL,'Janine Soriente','Stock in to One Agno Medical Solutions From IDDL DATE:10/26/23 - PO.NO.2023-0224 - SI.NO.2301','Finished',NULL,NULL,NULL,NULL,NULL,NULL,NULL,'2023-10-26 03:12:11','2023-10-26 03:15:04'),(5,'Stock In',NULL,NULL,'Stock in to One Agno Medical Solutions From IDDL DATE:10/26/23 - PO.NO.2023-0221 - SI.NO.2301','Finished',NULL,NULL,NULL,NULL,NULL,NULL,NULL,'2023-10-26 03:17:03','2023-10-26 03:21:19'),(6,'Stock In(Purchase Order)',NULL,'Rozellyn Yulatic',NULL,'Verified','234',NULL,NULL,'4470010887',NULL,NULL,NULL,'2023-10-26 03:20:40','2023-10-26 03:54:49'),(7,'Stock In',NULL,'Janine Soriente','Stock in to One Agno Medical Solutions From MCTC DATE:10/26/23 - PO.NO.2023-0220 - SI.NO.14648','Finished',NULL,NULL,NULL,NULL,NULL,NULL,NULL,'2023-10-26 03:25:26','2023-10-26 03:33:43'),(8,'Stock In(Purchase Order)',NULL,'Rozellyn Yulatic',NULL,'Finished','236',NULL,NULL,'4470010888',NULL,NULL,NULL,'2023-10-26 03:38:24','2023-10-26 03:44:07'),(9,'Stock In(Purchase Order)',NULL,'Rozellyn Yulatic',NULL,'Verified','238',NULL,NULL,'4470010885',NULL,NULL,NULL,'2023-10-26 03:44:29','2023-11-07 07:01:43'),(10,'Stock In',NULL,'Rozellyn Yulatic','Vitros Stock In for P.O. No. 2023-232 Back Order','Created',NULL,NULL,NULL,NULL,NULL,NULL,NULL,'2023-10-26 03:53:57','2023-10-26 03:53:57'),(11,'Stock In',NULL,'Rozellyn Yulatic','Vitros Stock In for P.O. No. 2023-233','Finished',NULL,NULL,NULL,NULL,NULL,NULL,NULL,'2023-10-26 03:56:15','2023-10-26 06:05:33'),(12,'Stock In(Purchase Order)',NULL,'Rozellyn Yulatic','Vitros Stock In for P.O. No. 2023-234','Created','234',NULL,NULL,'4470010859',NULL,NULL,NULL,'2023-10-26 04:02:39','2023-10-26 04:02:39'),(13,'Stock In',NULL,'Rozellyn Yulatic','Vitros Stock In for P.O. No. 2023-229 BATMC CHEM - Back Order','Created',NULL,NULL,NULL,NULL,NULL,NULL,NULL,'2023-10-26 04:05:15','2023-10-26 04:05:15'),(14,'Stock In',NULL,'Rozellyn Yulatic','Vitros Stock In for P.O. No. 2023-228 Back Order','Created',NULL,NULL,NULL,NULL,NULL,NULL,NULL,'2023-10-26 04:08:25','2023-10-26 04:08:25'),(15,'Stock In',NULL,'Rozellyn Yulatic','Vitros Stock In for P.O. No. 2023-223 Back Order','Created',NULL,NULL,NULL,NULL,NULL,NULL,NULL,'2023-10-26 04:09:28','2023-10-26 04:09:28'),(16,'Stock In',NULL,'Rozellyn Yulatic','Vitros Stock In for P.O. No. 2023-227 Back Order','Created',NULL,NULL,NULL,NULL,NULL,NULL,NULL,'2023-10-26 04:10:22','2023-10-26 04:10:22'),(17,'Stock In',NULL,'Rozellyn Yulatic','Vitros Stock In for P.O. No. 2023-03 BICOL','Created',NULL,NULL,NULL,NULL,NULL,NULL,NULL,'2023-10-26 04:12:35','2023-10-26 04:12:35'),(18,'Stock In',NULL,'Rozellyn Yulatic','Vitros Stock In for P.O. No. 2023-05 IMMUNO BRGHGI BICOL','Created',NULL,NULL,NULL,NULL,NULL,NULL,NULL,'2023-10-26 04:13:53','2023-10-26 04:13:53'),(19,'Stock Out(Invoice)',NULL,'SAN PABLO DOCTOR\'S HOSPITAL','Invoice for SAN PABLO DOCTOR\'S HOSPITAL','Created',NULL,'203964','6704',NULL,NULL,NULL,NULL,'2023-10-26 10:20:19','2023-10-26 10:20:19'),(20,'Stock Out(Invoice)',NULL,'EVANGELISTA MEDICAL SPECIALTY HOSPITAL, INC.','Invoice for EVANGELISTA MEDICAL SPECIALTY HOSPITAL, INC.','Created',NULL,'203965','2834',NULL,NULL,NULL,NULL,'2023-10-26 10:32:27','2023-10-26 10:32:27'),(21,'Stock Out(Invoice)',NULL,'DIVINE MERCY HOSPITAL, INC','Invoice for DIVINE MERCY HOSPITAL, INC','Created',NULL,'203966','2023090023',NULL,NULL,NULL,NULL,'2023-10-26 10:35:09','2023-10-26 10:35:09'),(22,'Stock In',NULL,'Janine Soriente','Stock in from IDDL (10/18/23)','Finished',NULL,NULL,NULL,NULL,NULL,NULL,NULL,'2023-10-31 03:00:08','2023-10-31 03:01:26'),(23,'Stock Out',NULL,'Janine Soriente','Stock out to One Agno Medical Solutions :For Loose (10/25/23) USED FOR COVID TEST','Finished',NULL,NULL,NULL,NULL,NULL,NULL,NULL,'2023-11-03 06:27:29','2023-11-03 06:29:11'),(24,'Stock In',NULL,'Janine Soriente','Stock in to One Agno Medical  Solutions :For Loose (10/25/23) USED FOR COVID TEST','Created',NULL,NULL,NULL,NULL,NULL,NULL,NULL,'2023-11-03 06:30:31','2023-11-03 06:30:31'),(25,'Stock Out(Invoice)',NULL,'STA MARIA JOSEFA HOSPITAL FOUNDATION INC.','Invoice for STA MARIA JOSEFA HOSPITAL FOUNDATION INC.','Created',NULL,'203936','20',NULL,NULL,NULL,NULL,'2023-11-07 03:49:37','2023-11-07 03:49:37'),(26,'Stock Out(Invoice)',NULL,'ACCESS HEALTH, INC.','Invoice for ACCESS HEALTH, INC.','Created',NULL,'203990',NULL,NULL,NULL,NULL,NULL,'2023-11-07 03:56:48','2023-11-07 03:56:48'),(27,'Stock Out(Invoice)',NULL,'ACCESS HEALTH, INC.','Invoice for ACCESS HEALTH, INC.','Created',NULL,'203991','2023090141',NULL,NULL,NULL,NULL,'2023-11-07 04:25:52','2023-11-07 04:25:52'),(28,'Stock In',NULL,'Janine Soriente','Stock in from Trulaboratories Corporation SI.NO. 072812/ DR.NO. 072812/ PO.NO. 2023-0231 (11/07/23)','Finished',NULL,NULL,NULL,NULL,NULL,NULL,NULL,'2023-11-07 06:34:47','2023-11-07 06:35:50'),(29,'Stock In(Purchase Order)',NULL,'Rose','Stock in from DKSH SI NO. 4470010879','Created','234',NULL,NULL,'4470010879',NULL,'0',0,'2023-11-07 07:04:47','2023-11-07 07:04:47'),(30,'Stock In',NULL,'Janine Soriente','Stock in from GOLDQUEST BIOTHECNOLOGIES INC. PO.NO. 2023-010/SI.NO. 41670 (11/08/23)','Finished',NULL,NULL,NULL,NULL,NULL,NULL,NULL,'2023-11-08 02:41:21','2023-11-08 02:43:09'),(31,'Stock In',NULL,'Janine Soriente','Stock from GOLDQUEST BIOTECHNOLOGIES INC. PO.NO. 2023-011/ SI.NO. 41669 (11/08/23)','Finished',NULL,NULL,NULL,NULL,NULL,NULL,NULL,'2023-11-08 02:44:25','2023-11-08 02:46:29'),(32,'Stock In',NULL,'Janine Soriente','Stock in from GOLDQUEST BIOTHECNOLOGIES INC. PO.NO. 2023-012/SI.NO. 41661 (11/08/23)','Finished',NULL,NULL,NULL,NULL,NULL,NULL,NULL,'2023-11-08 02:47:07','2023-11-08 02:48:45'),(33,'Stock In',NULL,'Janine Soriente','Stock from GOLDQUEST BIOTECHNOLOGIES INC. PO.NO. 2023-0222/ SI.NO. 41660 (11/08/23)','Finished',NULL,NULL,NULL,NULL,NULL,NULL,NULL,'2023-11-08 02:49:18','2023-11-08 02:52:21'),(34,'Stock Out(Invoice)',NULL,'JOSE PANGANIBAN HOSPITAL','Invoice for JOSE PANGANIBAN HOSPITAL','Created',NULL,'203996',NULL,NULL,NULL,NULL,NULL,'2023-11-08 03:50:40','2023-11-08 03:50:40'),(35,'Stock Out(Invoice)',NULL,'DR. MOISES V. CACAWA MEMORIAL HOSPITAL','Invoice for DR. MOISES V. CACAWA MEMORIAL HOSPITAL','Created',NULL,'203997',NULL,NULL,NULL,NULL,NULL,'2023-11-08 04:02:40','2023-11-08 04:02:40'),(36,'Stock Out(Invoice)',NULL,'OUR LADY OF THE PILLAR MEDICAL CENTER','Invoice for OUR LADY OF THE PILLAR MEDICAL CENTER','Created',NULL,'203998','7090',NULL,NULL,NULL,NULL,'2023-11-08 06:57:53','2023-11-08 06:57:53'),(37,'Stock Out(Invoice)',NULL,'LAGUNA DOCTORS HOSPITAL, INC.','Invoice for LAGUNA DOCTORS HOSPITAL, INC.','Created',NULL,'203999','7053',NULL,NULL,NULL,NULL,'2023-11-08 07:08:58','2023-11-08 07:08:58'),(38,'Stock In',NULL,'Janine Soriente','Stock from GOLDQUEST BIOTECHNOLOGIES INC. PO.NO. 2023-0222/ SI.NO. 41660 (11/08/23) NOTE: DELETED ON TRANSACTION 36','Finished',NULL,NULL,NULL,NULL,NULL,NULL,NULL,'2023-11-08 07:27:32','2023-11-08 07:33:55'),(39,'Stock Out(Invoice)',NULL,'LAGUNA DOCTORS HOSPITAL, INC.','Invoice for LAGUNA DOCTORS HOSPITAL, INC.','Created',NULL,'203998','7090',NULL,NULL,NULL,NULL,'2023-11-08 07:35:21','2023-11-08 07:35:21'),(40,'Stock Out(Invoice)',NULL,'ST. JAMES HOSPITAL, INC','Invoice for ST. JAMES HOSPITAL, INC','Created',NULL,'204009','202300161',NULL,NULL,NULL,NULL,'2023-11-09 06:02:47','2023-11-09 06:02:47'),(41,'Stock In',NULL,'Janine Soriente','Stock in to : on hand stocks','Finished',NULL,NULL,NULL,NULL,NULL,NULL,NULL,'2023-11-09 06:08:06','2023-11-09 06:13:05'),(42,'Stock Out(Invoice)',NULL,'DIVINE MERCY HOSPITAL, INC','Invoice for DIVINE MERCY HOSPITAL, INC','Created',NULL,'204010','2023100133',NULL,NULL,NULL,NULL,'2023-11-09 06:13:59','2023-11-09 06:13:59'),(43,'Stock Out(Invoice)',NULL,'MERCADO GENERAL HOSPITAL STA. ROSA, INC','Invoice for MERCADO GENERAL HOSPITAL STA. ROSA, INC','Created',NULL,'204011','231002619',NULL,NULL,NULL,NULL,'2023-11-09 06:35:38','2023-11-09 06:35:38'),(44,'Stock Out(Invoice)',NULL,'MERCADO GENERAL HOSPITAL STA. ROSA, INC','Invoice for MERCADO GENERAL HOSPITAL STA. ROSA, INC','Created',NULL,'204012','231003278',NULL,NULL,NULL,NULL,'2023-11-09 06:37:12','2023-11-09 06:37:12'),(45,'Stock Out(Invoice)',NULL,'MERCADO GENERAL HOSPITAL STA. ROSA, INC','Invoice for MERCADO GENERAL HOSPITAL STA. ROSA, INC','Created',NULL,'204012','231003278',NULL,NULL,NULL,NULL,'2023-11-09 06:55:53','2023-11-09 06:55:53'),(46,'Stock Out(Invoice)',NULL,'DIVINE MERCY HOSPITAL, INC','Invoice for DIVINE MERCY HOSPITAL, INC','Created',NULL,'204062','2023090088',NULL,NULL,NULL,NULL,'2023-11-10 00:35:17','2023-11-10 00:35:17'),(47,'Stock Out(Invoice)',NULL,'MEDICAL MISSION GROUP','Invoice for MEDICAL MISSION GROUP','Created',NULL,'204071',NULL,NULL,NULL,NULL,NULL,'2023-11-14 07:24:27','2023-11-14 07:24:27'),(48,'Stock Out(Invoice)',NULL,'TANCHULING GENERAL HOSPITAL','Invoice for TANCHULING GENERAL HOSPITAL','Created',NULL,'204072',NULL,NULL,NULL,NULL,NULL,'2023-11-14 07:28:27','2023-11-14 07:28:27'),(49,'Stock In(Purchase Order)',NULL,'Janine Soriente','Stock in from Trulaboratories Corporation SI.NO. 073100/DR.NO. 073100/PO.NO. 2023-0240 (11/14/23)','Created','240',NULL,NULL,'073100',NULL,'073100',3150,'2023-11-14 07:32:47','2023-11-14 07:32:47'),(50,'Stock In',NULL,'Janine Soriente','Stock in from Trulaboratories Corporation SI.NO. 073101/DR.NO.073101/PO.NO.2023-0242 (11/14/23)','Created',NULL,NULL,NULL,NULL,NULL,NULL,NULL,'2023-11-14 07:35:05','2023-11-14 07:35:05'),(51,'Stock In(Purchase Order)',NULL,'Janine Soriente','Stock in from Trulaboratories Corporation SI.NO. 073101/DR.NO.073101/PO.NO.2023-0242 (11/14/23)','Created','242',NULL,NULL,'073101',NULL,'073101',3220,'2023-11-14 07:58:54','2023-11-14 07:58:54'),(52,'Stock Out(Invoice)',NULL,'TANCHULING GENERAL HOSPITAL','Invoice for TANCHULING GENERAL HOSPITAL','Created',NULL,'204073',NULL,NULL,NULL,NULL,NULL,'2023-11-14 08:28:14','2023-11-14 08:28:14'),(53,'Stock Out(Invoice)',NULL,'BLESCES DIAGNOSTIC LABORATORY','Invoice for BLESCES DIAGNOSTIC LABORATORY','Created',NULL,'204078',NULL,NULL,NULL,NULL,NULL,'2023-11-15 06:34:31','2023-11-15 06:34:31'),(54,'Stock In(Purchase Order)',NULL,'Janine Soriente','Stock in from IDDL SI.NO. 2360/PO.NO. 2023-0239 (11/15/23)','Created','239',NULL,NULL,'2360',NULL,NULL,11280.2,'2023-11-15 09:48:57','2023-11-15 09:48:57'),(55,'Stock In(Purchase Order)',NULL,'Janine Soriente','Stock in from MCTC SI.NO. 14812 PO.NO. 0243 (11/15/23)','Finished','243',NULL,NULL,'14812',NULL,NULL,536,'2023-11-15 09:59:38','2023-11-15 10:06:24'),(56,'Stock In',NULL,'Janine Soriente','stock in from MCTC SI.NO. 14813/ PO.NO. 2023-017 MCTC','Finished',NULL,NULL,NULL,NULL,NULL,NULL,NULL,'2023-11-15 10:04:43','2023-11-15 10:06:19'),(57,'Stock Out(Invoice)',NULL,'DR. MOISES V. CACAWA MEMORIAL HOSPITAL','Invoice for DR. MOISES V. CACAWA MEMORIAL HOSPITAL','Created',NULL,'204098',NULL,NULL,NULL,NULL,NULL,'2023-11-16 00:36:44','2023-11-16 00:36:44'),(58,'Stock Out(Invoice)',NULL,'STA MARIA JOSEFA HOSPITAL FOUNDATION INC.','Invoice for STA MARIA JOSEFA HOSPITAL FOUNDATION INC.','Created',NULL,'204099','21',NULL,NULL,NULL,NULL,'2023-11-16 00:43:27','2023-11-16 00:43:27'),(59,'Stock Out(Invoice)',NULL,'BINAN LABORATORY CLINIC','Invoice for BINAN LABORATORY CLINIC','Created',NULL,'204082','025',NULL,NULL,NULL,NULL,'2023-11-16 05:54:19','2023-11-16 05:54:19'),(60,'Stock In(Purchase Order)',NULL,'Janine Soriente','Stock in from MEDTEK SI.NO. 70508/ DR.NO.30898/ OR.NO. 54546 (11/20/23)','Created','232',NULL,NULL,'70508',NULL,'30898',14466,'2023-11-21 00:45:59','2023-11-21 00:45:59'),(61,'Stock Out(Invoice)',NULL,'ABR MULTI AND SPECIALIST CLINIC','Invoice for ABR MULTI AND SPECIALIST CLINIC','Created',NULL,'204140',NULL,NULL,NULL,NULL,NULL,'2023-11-21 07:52:48','2023-11-21 07:52:48'),(62,'Stock Out(Invoice)',NULL,'LAGUNA DOCTORS HOSPITAL, INC.','Invoice for LAGUNA DOCTORS HOSPITAL, INC.','Created',NULL,'204041','7123',NULL,NULL,NULL,NULL,'2023-11-22 02:30:48','2023-11-22 02:30:48'),(63,'Stock In',NULL,'Janine Soriente','Stock in from NewLife Pharmaceuticals, Inc. SI.NO. 9446 / PO.NO. 2023-003 NEWLIFE (11/13/23)','Finished',NULL,NULL,NULL,NULL,NULL,NULL,NULL,'2023-11-22 03:06:13','2023-11-22 03:09:03'),(64,'Stock Out(Invoice)',NULL,'PAMANA MEDICAL CENTER','Invoice for PAMANA MEDICAL CENTER','Created',NULL,'204144','4643',NULL,NULL,NULL,NULL,'2023-11-22 06:09:46','2023-11-22 06:09:46'),(65,'Stock In(Purchase Order)',NULL,'Janine Soriente','Stock in from Trulaboratories Corporation SI.NO. 073462/DR.NO.073462/PO.NO.2023-0252 (11/22/23)','Created','252',NULL,NULL,'073462',NULL,'73462',6917.5,'2023-11-23 03:28:31','2023-11-23 03:28:31'),(66,'Stock In(Purchase Order)',NULL,'Janine Soriente','Stock in from FIA Medical Supply Inc. SI.NO. 330/DR. 9246PO.NO. 2023-0249 (11/22/23)','Created','249',NULL,NULL,'330',NULL,'9246',20932,'2023-11-23 04:01:27','2023-11-23 04:01:27'),(67,'Stock In',NULL,'Janine Soriente','Stock in from MCTC SI.NO. 14893/ PO.NO. 2023-0246 (11/16/23)','Created',NULL,NULL,NULL,NULL,NULL,NULL,NULL,'2023-11-23 04:09:59','2023-11-23 04:09:59'),(68,'Stock In(Purchase Order)',NULL,'Janine Soriente','Stock in from MCTC SI.NO. 14893/ PO.NO. 2023-0246 (11/16/23)','Created','246',NULL,NULL,'14893',NULL,NULL,10008,'2023-11-23 04:11:29','2023-11-23 04:11:29'),(69,'Stock In(Purchase Order)',NULL,'Janine Soriente','Stock in from MCTC SI.NO. 14893/PO.NO.2023-0250 (11/22/23)','Created','250',NULL,NULL,'14893',NULL,NULL,5320,'2023-11-23 04:18:40','2023-11-23 04:18:40'),(70,'Stock Out(Invoice)',NULL,'ST. ANDREW HOSPITAL','Invoice for ST. ANDREW HOSPITAL','Created',NULL,'204167',NULL,NULL,NULL,NULL,NULL,'2023-11-23 07:39:42','2023-11-23 07:39:42'),(71,'Stock Out(Invoice)',NULL,'BINAN LABORATORY CLINIC','Invoice for BINAN LABORATORY CLINIC','Created',NULL,'204168','025',NULL,NULL,NULL,NULL,'2023-11-23 07:44:27','2023-11-23 07:44:27'),(72,'Stock Out(Invoice)',NULL,'DIVINE MERCY HOSPITAL, INC','Invoice for DIVINE MERCY HOSPITAL, INC','Created',NULL,'204169','202310020',NULL,NULL,NULL,NULL,'2023-11-23 07:51:57','2023-11-23 07:51:57'),(73,'Stock Out(Invoice)',NULL,'DIVINE MERCY HOSPITAL, INC','Invoice for DIVINE MERCY HOSPITAL, INC','Created',NULL,'204170','2023110051',NULL,NULL,NULL,NULL,'2023-11-23 07:57:55','2023-11-23 07:57:55'),(74,'Stock In(Purchase Order)',NULL,'Janine Soriente','Stock in from Elevate Health Ventures Co. SI.NO. 189/PO.NO.2023-0254 (11/21/23)','Created','254',NULL,NULL,'189',NULL,NULL,6132,'2023-11-24 11:18:38','2023-11-24 11:18:38'),(75,'Stock In(Purchase Order)',NULL,'Janine Soriente','Stock in from GOLDQUEST BIOTHECNOLOGIES INC. PO.NO. 2023-0245/SI.NO. 42132 (11/29/23)','Created','245',NULL,NULL,'42132',NULL,NULL,2880,'2023-11-29 01:35:00','2023-11-29 01:35:00'),(76,'Stock In(Purchase Order)',NULL,NULL,'Stock in from IDDL   PO.NO. 2023-0253/SI.NO. 2398 (2023-0253) (11/17/3','Created',NULL,NULL,NULL,NULL,NULL,NULL,NULL,'2023-11-29 03:42:11','2023-11-29 03:42:11'),(77,'Stock In(Purchase Order)',NULL,'Janine Soriente','Stock in from IDDL PO.NO. 2023-0253/SI.NO. 2398 (11/17/23)','Created','253',NULL,NULL,NULL,NULL,NULL,1747.2,'2023-11-29 03:44:38','2023-11-29 03:44:38'),(78,'Stock In(Purchase Order)',NULL,'Janine Soriente','Stock in from IDDL PO.NO. 2023-0256/SI.NO.2398 (11/29/23)','Created','256',NULL,NULL,'2398',NULL,NULL,13205.4,'2023-11-29 03:49:43','2023-11-29 03:49:43'),(79,'Stock In(Purchase Order)',NULL,'Janine Soriente','Stock in to FIA Medical Supply Inc. PO.NO.2023-0260/SI.NO.358/ DR.NO. 9288 (11/29/23)','Created','260',NULL,NULL,'358',NULL,'9288',20932,'2023-11-29 05:14:12','2023-11-29 05:14:12'),(80,'Stock In(Purchase Order)',NULL,'Janine Soriente','Stock in from Trulaboratories Corporation PO.NO. 2023-0255/SI.NO. 073728/DR.NO.073728 (11/29/23)','Created','255',NULL,NULL,'073728',NULL,'073728',5207,'2023-11-29 08:37:16','2023-11-29 08:37:16'),(81,'Stock Out(Invoice)',NULL,'ALBAY DOCTOR\'S HOSPITAL, INC.','Invoice for ALBAY DOCTOR\'S HOSPITAL, INC.','Created',NULL,'204222','3595',NULL,NULL,NULL,NULL,'2023-11-29 09:48:06','2023-11-29 09:48:06'),(82,'Stock Out(Invoice)',NULL,'LUCENA UNITED DOCTORS INCORPORATED','Invoice for LUCENA UNITED DOCTORS INCORPORATED','Created',NULL,'404232','11793',NULL,NULL,NULL,NULL,'2023-11-29 10:04:55','2023-11-29 10:04:55'),(83,'Stock In(Purchase Order)',NULL,'Janine Soriente','Stock in from Elevate Health Ventures Co. SI.NO. 190/PO.NO.2023-0241(11/07/23)','Created','241',NULL,NULL,'190',NULL,NULL,10800,'2023-11-29 10:47:51','2023-11-29 10:47:51'),(84,'Stock In(Purchase Order)',NULL,'Janine Soriente','Stock in from Elevate Health Ventures Co. SI.NO. 191/PO.NO.2023-0247(11/07/23)','Created','247',NULL,NULL,'191',NULL,NULL,1500,'2023-11-29 10:50:55','2023-11-29 10:50:55'),(85,'Stock In',NULL,'Janine Soriente','Stock in (11/29/23)','Finished',NULL,NULL,NULL,NULL,NULL,NULL,NULL,'2023-11-29 10:52:23','2023-11-29 10:52:56'),(86,'Stock Out(Invoice)',NULL,'MEDICAL MISSION GROUP','Invoice for MEDICAL MISSION GROUP','Created',NULL,'204223',NULL,NULL,NULL,NULL,NULL,'2023-11-29 10:57:51','2023-11-29 10:57:51'),(87,'Stock Out(Invoice)',NULL,'BATANGAS HEALTHCARE SPECIALIST MEDICAL CENTER','Invoice for BATANGAS HEALTHCARE SPECIALIST MEDICAL CENTER','Created',NULL,'204224','5027',NULL,NULL,NULL,NULL,'2023-11-29 10:59:42','2023-11-29 10:59:42'),(88,'Stock Out(Invoice)',NULL,'DIVINE MERCY HOSPITAL, INC','Invoice for DIVINE MERCY HOSPITAL, INC','Created',NULL,'204256','2023110051',NULL,NULL,NULL,NULL,'2023-11-30 07:37:51','2023-11-30 07:37:51'),(89,'Stock Out(Invoice)',NULL,'METRO SOUTH MEDICAL CENTER','Invoice for METRO SOUTH MEDICAL CENTER','Created',NULL,'204257','3346',NULL,NULL,NULL,NULL,'2023-11-30 08:15:55','2023-11-30 08:15:55'),(90,'Stock In',NULL,'Janine Soriente','Stock in from Goldquest','Created',NULL,NULL,NULL,NULL,NULL,NULL,NULL,'2023-12-05 04:04:03','2023-12-05 04:04:03'),(91,'Stock In(Purchase Order)',NULL,'Janine Soriente','Stock in to Goldquest Biotechnologies Inc. SI.NO. 42132/PO.NO.2023-0262 (11/29//23)','Created','262',NULL,NULL,'42132',NULL,NULL,4180,'2023-12-05 04:11:24','2023-12-05 04:11:24'),(92,'Stock In(Purchase Order)',NULL,'Janine Soriente','Stock in from Trulaboratories Corporation SI.NO. 073994/ DR.NO. 073994/ PO.NO. 2023-0261 (12/06/23)','Created','261',NULL,NULL,'073994',NULL,'073994',39035,'2023-12-06 07:53:34','2023-12-06 07:53:34'),(93,'Stock Out(Invoice)',NULL,'DIVINE MERCY HOSPITAL, INC','Invoice for DIVINE MERCY HOSPITAL, INC','Created',NULL,'204294','2023110084',NULL,NULL,NULL,NULL,'2023-12-06 10:33:56','2023-12-06 10:33:56');
/*!40000 ALTER TABLE `tbl_transaction` ENABLE KEYS */;
UNLOCK TABLES;

--
-- Table structure for table `tbl_transactionprod`
--

DROP TABLE IF EXISTS `tbl_transactionprod`;
/*!40101 SET @saved_cs_client     = @@character_set_client */;
/*!40101 SET character_set_client = utf8 */;
CREATE TABLE `tbl_transactionprod` (
  `transProdNum` int(11) NOT NULL AUTO_INCREMENT,
  `TransID` varchar(255) DEFAULT NULL,
  `transType` varchar(255) DEFAULT NULL,
  `prodDesc` varchar(255) DEFAULT NULL,
  `prodId` varchar(255) DEFAULT NULL,
  `quantity` int(11) DEFAULT NULL,
  `Unit` varchar(255) DEFAULT NULL,
  `lot` varchar(255) DEFAULT NULL,
  `Expiry` varchar(255) DEFAULT NULL,
  `Category` varchar(255) NOT NULL,
  `created_at` varchar(255) DEFAULT NULL,
  `updated_at` varchar(255) DEFAULT NULL,
  PRIMARY KEY (`transProdNum`)
) ENGINE=InnoDB AUTO_INCREMENT=320 DEFAULT CHARSET=utf8mb4;
/*!40101 SET character_set_client = @saved_cs_client */;

--
-- Dumping data for table `tbl_transactionprod`
--

LOCK TABLES `tbl_transactionprod` WRITE;
/*!40000 ALTER TABLE `tbl_transactionprod` DISABLE KEYS */;
INSERT INTO `tbl_transactionprod` VALUES (1,'2','Stock In','BRANDEN - RED TOP 5ML - GLASS','TRULAB2022088',10,'TRAY','20221130','2025-11-01','Other Products','2023-10-23 03:32:10','2023-10-23 03:32:10'),(2,'2','Stock In','BRANDEN - RED TOP 5ML - GLASS','TRULAB2022088',30,'TRAY','20230115','2026-01-01','Other Products','2023-10-23 03:32:52','2023-10-23 03:32:52'),(3,'2','Stock In','YELLOW TOP 4ML - GLASS','TRULAB2022124',15,'TRAY','20230515','2026-05-01','Other Products','2023-10-23 03:33:39','2023-10-23 03:33:39'),(4,'2','Stock In','TRULAB - MICROTAINER YELLOW - 0.5ML','TRULAB2022066',9,'TRAY','A22007','2023-12-01','Other Products','2023-10-23 03:36:04','2023-10-23 03:36:04'),(5,'2','Stock In','BLUE TOP - 1.8ML - GLASS','TRULAB2022019',6,'TRAY','20221130','2025-11-01','Other Products','2023-10-23 03:37:42','2023-10-23 03:37:42'),(6,'2','Stock In','EDTA - TOP 2ML - GLASS','TRULAB2022083',26,'TRAY','20260114','2026-01-01','Other Products','2023-10-23 03:38:38','2023-10-23 03:38:38'),(7,'2','Stock In','TRULAB - EDTA MICROTAINER - K2 - PP - 0.5ML','TRULAB2022085',7,'TRAY','A13004','2024-09-01','Other Products','2023-10-23 03:40:36','2023-10-23 03:40:36'),(8,'2','Stock In','TRULAB - SPECIMEN COLLECTION AND TRANSPORT SET 100\'S','TRULAB2022110',5,'BOX','2220784',NULL,'Other Products','2023-10-23 03:45:54','2023-10-23 03:45:54'),(10,'2','Stock In','TRANSFER PIPETTE - 3ML - STERILE','TRULAB2022162',5,'BOX','195820',NULL,'Other Products','2023-10-23 03:50:42','2023-10-23 03:50:42'),(11,'2','Stock In','TRANSFER PIPETTE - 3ML','TRULAB2022161',4,'BOX','216841',NULL,'Other Products','2023-10-23 03:51:07','2023-10-23 03:51:07'),(12,'2','Stock In','ESR PIPETTE - WESTERGREN DISPOSABLE - CHINA','TRULAB2022035',189,'PIECE','216841',NULL,'Other Products','2023-10-23 03:52:40','2023-10-23 03:52:40'),(13,'2','Stock In','DLAB - MICROPETTE - PIPETTE - ADJUSTABLE: 20 - 200 ul','TRULAB2022137',4,'UNIT','18050161',NULL,'Other Products','2023-10-23 03:54:07','2023-10-23 03:54:07'),(14,'2','Stock In','DLAB - PIPETTOR STAND LINEAR','TRULAB2022076',1,'PIECE',NULL,NULL,'Other Products','2023-10-23 03:54:31','2023-10-23 03:54:31'),(15,'2','Stock In','TRULAB - INOCULATION LOOP 1UL & 10UL - 100','TRULAB2022053',5,'BOX','222080',NULL,'Other Products','2023-10-23 03:58:25','2023-10-23 03:58:25'),(16,'2','Stock In','TRULAB - APPLICATOR STICK - 1000S','TRULAB2022125',5,'BOX',NULL,NULL,'Other Products','2023-10-23 03:59:53','2023-10-23 03:59:53'),(17,'2','Stock In','BLOOD LANCET - 72\'S','NL2023001',7,'BOX','20200328','2025-03-01','Other Products','2023-10-23 04:00:32','2023-10-23 04:00:32'),(18,'2','Stock In','TRULAB - COVER GLASS - 22X22 - 200\'S','TRULAB2022023',5,'BOX',NULL,NULL,'Other Products','2023-10-23 04:02:38','2023-10-23 04:02:38'),(19,'2','Stock In','GLASS SLIDES - 72\'S','NL2023002',97,'PACK',NULL,NULL,'Other Products','2023-10-23 04:08:11','2023-10-23 04:08:11'),(20,'2','Stock In','TRULAB - WHITE PIPETTE TIPS 10UL - FILTER 1000\'S/BAG','TRULAB2022116',3,'PACK',NULL,NULL,'Other Products','2023-10-23 04:09:39','2023-10-23 04:09:39'),(21,'2','Stock In','TRULAB - BLUE TIPS - W/O CROWN -1000UL','TRULAB2022017',9,'PACK','220720','2032-07-01','Other Products','2023-10-23 04:10:25','2023-10-23 04:10:25'),(22,'2','Stock In','TRULAB - YELLOW TIPS W/O CROWN','TRULAB2022119',9,'PACK','221539',NULL,'Other Products','2023-10-23 04:11:10','2023-10-23 04:11:10'),(23,'2','Stock In','TERUMO SYRINGE - 1CC - 100\'S','OPTIUM2023004',10,'BOX','202212262','2027-12-01','Other Products','2023-10-23 04:12:18','2023-10-23 04:12:18'),(24,'2','Stock In','TERUMO SYRINGE - 3CC - 100\'S','OPTIUM2023005',2,'BOX','202212182','2027-12-01','Other Products','2023-10-23 04:12:50','2023-10-23 04:12:50'),(25,'2','Stock In','TERUMO SYRINGE - 3CC - 100\'S','OPTIUM2023005',6,'BOX','202211252','2027-11-01','Other Products','2023-10-23 04:13:27','2023-10-23 04:13:27'),(26,'2','Stock In','TERUMO SYRINGE - 5CC - 100\'S','OPTIUM2023006',2,'BOX','20221225S','2027-12-01','Other Products','2023-10-23 04:14:18','2023-10-23 04:14:18'),(27,'2','Stock In','TERUMO SYRINGE - 10CC - 100\'S','OPTIUM2023007',9,'BOX','20220825Z','2027-08-01','Other Products','2023-10-23 04:15:12','2023-10-23 04:15:12'),(28,'2','Stock In','TERUMO SYRINGE - 10CC - 100\'S','OPTIUM2023007',1,'BOX','221009L','2027-09-01','Other Products','2023-10-23 04:15:47','2023-10-23 04:15:47'),(29,'2','Stock In','TERUMO INSULIN SYRINGE 1CC - 100\'S','OPTIUM2023003',5,'BOX','2L707','2027-11-01','Other Products','2023-10-23 04:16:10','2023-10-23 04:16:10'),(30,'2','Stock In','TERUMO SYRINGE - 3CC - 100\'S','OPTIUM2023005',8,'BOX','20221220Z','2027-12-01','Other Products','2023-10-23 04:18:01','2023-10-23 04:18:01'),(31,'2','Stock In','TERUMO SYRINGE - 3CC - 100\'S','OPTIUM2023005',1,'BOX','202208302','2027-08-01','Other Products','2023-10-23 04:18:35','2023-10-23 04:18:35'),(32,'2','Stock In','TERUMO SYRINGE - 5CC - 100\'S','OPTIUM2023006',15,'BOX','23081212','2028-07-01','Other Products','2023-10-23 04:19:27','2023-10-23 04:19:27'),(33,'2','Stock In','GLUCO PLUS - 75GRAMS','TRULAB2022041',30,'BOTTLE','LA751223','2025-09-01','Other Products','2023-10-23 04:20:25','2023-10-23 04:20:25'),(34,'2','Stock In','GLUCOMETER','ASYA2022002',11,'UNIT',NULL,NULL,'Other Products','2023-10-23 04:21:07','2023-10-23 04:21:07'),(35,'2','Stock In','WONDFO - COVID AG TEST KIT','ELEVATE2023002',1,'BOX','96P0010','2025-01-01','Other Products','2023-10-23 04:21:40','2023-10-23 04:21:40'),(36,'2','Stock In','WONDFO - COVID AG TEST KIT','ELEVATE2023002',20,'BOX','96P0010','2025-02-01','Other Products','2023-10-23 04:23:04','2023-10-23 04:23:04'),(37,'2','Stock In','WONDFO - MET/THC URINE TEST','ELEVATE2023001',30,'BOX','W058308003','2025-08-01','Other Products','2023-10-23 04:28:33','2023-10-23 04:28:33'),(38,'2','Stock In','WONDFO - MET/THC URINE TEST','ELEVATE2023001',1,'BOX','W0583004003','2025-04-01','Other Products','2023-10-23 04:29:19','2023-10-23 04:29:19'),(39,'2','Stock In','WONDFO - DENGUE NS1/IGG/IGM','ELEVATE2023008',2,'BOX','W111307004','2025-07-01','Other Products','2023-10-23 05:30:39','2023-10-23 05:30:39'),(40,'2','Stock In','Wondfo Prothrombin Time 24\'s','LABASIA2022001',5,'BOX','F480161310E','2024-05-01','Other Products','2023-10-23 05:31:44','2023-10-23 05:31:44'),(41,'2','Stock In','Wondfo APTT Activated Partial Thromboplastin Time 24\'s','LABASIA2022002',6,'BOX','F48116C01E','2024-06-01','Other Products','2023-10-23 05:32:21','2023-10-23 05:32:21'),(42,'2','Stock In','ORIGHT COVID AG CASSETTE - 25\'S','UCBIOSCIENCE2022079',10,'BOX','C0V62211002','2024-11-01','Other Products','2023-10-23 05:33:01','2023-10-23 05:33:01'),(43,'2','Stock In','HbA1C','FINECARE2022001',2,'BOX','F20718503AD','2024-11-01','Other Products','2023-10-23 05:34:14','2023-10-23 05:34:14'),(44,'2','Stock In','HbA1C','FINECARE2022001',8,'BOX','F2071306AD','2025-07-01','Other Products','2023-10-23 05:40:16','2023-10-23 05:40:16'),(45,'2','Stock In','INTEC - Infectious Disease - Syphilis Test - Serum/Plasma - Strip','MEDTEK2022022',3,'50 per kit','GJ22040432','2024-04-01','Other Products','2023-10-23 05:42:10','2023-10-23 05:42:10'),(46,'2','Stock In','INTEC - Infectious Disease - HBsAg Test - Serum/Plasma - Card','MEDTEK2022008',5,'40 per kit','GJ22010722','2024-12-01','Other Products','2023-10-23 05:43:17','2023-10-23 05:43:17'),(47,'2','Stock In','INTEC - Infectious Disease - HBsAg Test - Serum/Plasma - Strip','MEDTEK2022011',4,'50 per kit','GJ22121721','2024-10-01','Other Products','2023-10-23 05:44:19','2023-10-23 05:44:19'),(48,'2','Stock In','INTEC - Infectious Disease - HCV Test - Serum/Plasma - Card','MEDTEK2022012',1,'40 per kit','GJ23070787','2025-07-01','Other Products','2023-10-23 05:45:04','2023-10-23 05:45:04'),(49,'2','Stock In','INTEC - Infectious Disease - HIV Test - Serum/Plasma - Card','MEDTEK2022016',1,'40 per kit','GJ23020174','2025-02-01','Other Products','2023-10-23 05:46:00','2023-10-23 05:46:00'),(50,'2','Stock In','INTEC - DOA-2 MET/THC Test - Urine - Card','MEDTEK2022001',1,'20 per kit','GJ22121770','2024-12-01','Other Products','2023-10-23 05:46:33','2023-10-23 05:46:33'),(51,'2','Stock In','ADVIN - H.Pylori Antigen test - Cassette - Feces','UCBIOSCIENCE2022024',1,'25 test/box','HPG2112000G','2023-12-01','Other Products','2023-10-23 05:48:11','2023-10-23 05:48:11'),(52,'2','Stock In','ADVIN - Dengue Ag/Ab Combo - Cassette - WB/S/P','UCBIOSCIENCE2022006',1,'25 test/box','DGC22060005','2024-06-01','Other Products','2023-10-23 05:48:47','2023-10-23 05:48:47'),(53,'2','Stock In','ADVIN - Dengue IgG/IgM - Cassette - WB/S/P','UCBIOSCIENCE2022004',1,'25 test/box','DEN22040004','2024-04-01','Other Products','2023-10-23 05:49:24','2023-10-23 05:49:24'),(54,'2','Stock In','INSIGHT - MICRAL TEST','TRULAB2022127',3,'BOX','URS2120061','2024-09-01','Other Products','2023-10-23 05:50:17','2023-10-23 05:50:17'),(55,'2','Stock In','INSIGHT - URINE STRIPS 4 PARA','TRULAB2022112',6,'BOTTLE','URS30055','2025-09-01','Other Products','2023-10-23 05:51:12','2023-10-23 05:51:12'),(56,'2','Stock In','WONDFO - DENGUE NS1/IGG/IGM','ELEVATE2023008',2,'BOX','W111307004','2025-07-01','Other Products','2023-10-23 05:51:54','2023-10-23 05:51:54'),(57,'3','Stock In','YELLOW TOP 4ML - GLASS','TRULAB2022124',18,'TRAY','20230515','2026-05-01','Other Products','2023-10-25 09:17:52','2023-10-25 09:17:52'),(58,'3','Stock In','GLUCO PLUS - 75GRAMS','TRULAB2022041',30,'BOTTLE','LA751223','2025-09-01','Other Products','2023-10-25 09:18:46','2023-10-25 09:18:46'),(59,'3','Stock In','TRULAB - MICROTAINER YELLOW - 0.5ML','TRULAB2022066',15,'TRAY','A43008','2025-01-01','Other Products','2023-10-25 09:20:38','2023-10-25 09:20:38'),(60,'3','Stock In','TRULAB - YELLOW TIPS WITH CROWN - 200UL','TRULAB2022120',1,'PACK','36010200B',NULL,'Other Products','2023-10-25 09:21:36','2023-10-25 09:21:36'),(61,'4','Stock In','Mueller Hinton Agar Plate (Big)','IDDL2022015',6,'10 pcs/pack','10243306','2023-12-24','Other Products','2023-10-26 03:12:45','2023-10-26 03:12:45'),(62,'4','Stock In','Triple Sugar Iron Agar','IDDL2022032',4,'10 pcs/pack','10242332','2024-01-01','Other Products','2023-10-26 03:13:09','2023-10-26 03:13:09'),(63,'4','Stock In','Lysine Iron Agar','IDDL2022033',4,'10 pcs/pack','10242333','2024-01-01','Other Products','2023-10-26 03:13:38','2023-10-26 03:13:38'),(64,'4','Stock In','Sulfide Indole Motility Agar','IDDL2022034',4,'10 pcs/pack','10242334','2024-01-01','Other Products','2023-10-26 03:14:08','2023-10-26 03:14:08'),(65,'4','Stock In','Simmon Citrate','IDDL2022035',4,'10 pcs/pack','10242335','2024-01-01','Other Products','2023-10-26 03:14:36','2023-10-26 03:14:36'),(66,'5','Stock In','MaC Conkey Agar Plate','IDDL2022002',3,'10 pcs/pack','10212302','2023-12-01','Other Products','2023-10-26 03:17:36','2023-10-26 03:17:36'),(67,'5','Stock In','Mannitol Salt Agar','IDDL2022010',1,'10 pcs/pack','10212313','2023-12-01','Other Products','2023-10-26 03:18:36','2023-10-26 03:18:36'),(68,'5','Stock In','Blood Agar Plate with 5% Sheeps Blood','IDDL2022001',2,'10 pcs/pack','10212301','2023-12-23','Other Products','2023-10-26 03:19:21','2023-10-26 03:19:21'),(69,'5','Stock In','Chocolate Agar Plate with Supplement','IDDL2022008',2,'10 pcs/pack','10212308','2023-12-01','Other Products','2023-10-26 03:19:51','2023-10-26 03:19:51'),(71,'5','Stock In','Sheeps Blood Agar/McConkey Agar Plate','IDDL2022022',2,'10 pcs/pack','10212324','2023-12-01','Other Products','2023-10-26 03:20:56','2023-10-26 03:20:56'),(72,'7','Stock In','37% FORMALIN','MCTC2022021',1,'GALLON','9-23-1',NULL,'Other Products','2023-10-26 03:26:14','2023-10-26 03:26:14'),(73,'7','Stock In','PAPANICOLLUA STAIN SET','MCTC2022023',2,'BOX','5-23-1','2025-05-01','Other Products','2023-10-26 03:28:47','2023-10-26 03:28:47'),(74,'7','Stock In','Anti Sera D','MCTC2022010',1,'VIAL','2311-083-01','2025-08-01','Other Products','2023-10-26 03:30:29','2023-10-26 03:30:29'),(75,'7','Stock In','GRAM STAIN','MCTC2022011',1,'BOX','8-23-1','2025-08-01','Other Products','2023-10-26 03:31:27','2023-10-26 03:31:27'),(76,'7','Stock In','GRAM STAIN','MCTC2022011',1,'BOX','5-23-1','2025-05-01','Other Products','2023-10-26 03:32:49','2023-10-26 03:32:49'),(77,'7','Stock In','ETHANOL ABSOLUTE 95%','MCTC2022019',4,'GALLON','9-23-1',NULL,'Other Products','2023-10-26 03:33:21','2023-10-26 03:33:21'),(78,'6','Stock In(Purchase Order)','ALTV 50x5','6844288',18,'Box','560932464343','2025-02-01','Other Products','2023-10-26 03:35:56','2023-10-26 03:35:56'),(79,'6','Stock In(Purchase Order)','POTASSIUM/K+ 50x5','8157596',0,'Box',NULL,NULL,'Other Products','2023-10-26 03:35:56','2023-10-26 03:35:56'),(80,'6','Stock In(Purchase Order)','SODIUM/NA+ 50x5','8379034',4,'Box','421911049745','2024-09-01','Other Products','2023-10-26 03:35:56','2023-10-26 03:35:56'),(81,'6','Stock In(Purchase Order)','TOTAL PROTEIN 50x5','8392292',1,'Box','062232932279','2024-12-01','Other Products','2023-10-26 03:35:56','2023-10-26 03:35:56'),(82,'6','Stock In(Purchase Order)','CREATININE 60x5','6802584',18,'Box','150535384140','2025-02-01','Other Products','2023-10-26 03:35:56','2023-10-26 03:35:56'),(83,'6','Stock In(Purchase Order)','ALKP 60x5','1053180',1,'Box','652905701494','2024-11-01','Other Products','2023-10-26 03:35:56','2023-10-26 03:35:56'),(84,'6','Stock In(Purchase Order)','BUBC 60x5','8383051',1,'Box','002404556793','2024-06-01','Other Products','2023-10-26 03:35:56','2023-10-26 03:35:56'),(85,'6','Stock In(Purchase Order)','BUN 60x5','8102204',18,'Box','013134753105','2024-12-01','Other Products','2023-10-26 03:35:56','2023-10-26 03:35:56'),(86,'6','Stock In(Purchase Order)','CALCIUM 60x5','1450261',2,'Box','033906501676','2024-11-01','Other Products','2023-10-26 03:35:56','2023-10-26 03:35:56'),(87,'6','Stock In(Purchase Order)','CHOLESTEROL 60x5','1669829',12,'Box','084833910332','2024-10-01','Other Products','2023-10-26 03:35:56','2023-10-26 03:35:56'),(88,'6','Stock In(Purchase Order)','ENZYMATIC CO2 60x5','8262396',1,'Box','573135951585','2024-11-01','Other Products','2023-10-26 03:35:56','2023-10-26 03:35:56'),(89,'6','Stock In(Purchase Order)','GLUCOSE 60x5','1707801',17,'Box','002732363386','2025-01-01','Other Products','2023-10-26 03:35:56','2023-10-26 03:35:56'),(90,'6','Stock In(Purchase Order)','PHOSPHORUS 60x5','1513209',1,'Box','124803750598','2024-10-01','Other Products','2023-10-26 03:35:56','2023-10-26 03:35:56'),(91,'6','Stock In(Purchase Order)','TOT BILIRUBIN 60x5','8159931',1,'Box','141004450067','2024-09-01','Other Products','2023-10-26 03:35:56','2023-10-26 03:35:56'),(92,'6','Stock In(Purchase Order)','TRIGLYCERIDES 60x5','1336544',14,'Box','070734562119','2024-11-01','Other Products','2023-10-26 03:35:56','2023-10-26 03:35:56'),(93,'6','Stock In(Purchase Order)','URIC ACID 60x5','1943927',16,'Box','050203543776','2025-01-01','Other Products','2023-10-26 03:35:56','2023-10-26 03:35:56'),(94,'6','Stock In(Purchase Order)','AST 60x5','8433815',11,'Box','733034243664','2025-01-01','Other Products','2023-10-26 03:35:56','2023-10-26 03:35:56'),(95,'6','Stock In(Purchase Order)','ALBUMIN 18x5','1988211',9,'Box','094033947581','2024-07-01','Other Products','2023-10-26 03:35:56','2023-10-26 03:35:56'),(96,'6','Stock In(Purchase Order)','AMYLASE 18x5','8112724',1,'Box','602603889379','2024-09-01','Other Products','2023-10-26 03:35:56','2023-10-26 03:35:56'),(97,'6','Stock In(Purchase Order)','BUBC 18x5','1612365',3,'Box','022704581280','2024-11-01','Other Products','2023-10-26 03:35:56','2023-10-26 03:35:56'),(98,'6','Stock In(Purchase Order)','CKMB 18x5','8001133',3,'Box','491402583805','2025-01-01','Other Products','2023-10-26 03:35:56','2023-10-26 03:35:56'),(99,'6','Stock In(Purchase Order)','CSF PROTEIN 18x5','8208431',1,'Box','511501239268','2024-09-01','Other Products','2023-10-26 03:35:56','2023-10-26 03:35:56'),(100,'6','Stock In(Purchase Order)','IRON 18x5','1924547',3,'Box','503403372647','2024-12-01','Other Products','2023-10-26 03:35:56','2023-10-26 03:35:56'),(101,'6','Stock In(Purchase Order)','LIPASE 18x5','8297749',2,'Box','59533494547','2025-02-01','Other Products','2023-10-26 03:35:56','2023-10-26 03:35:56'),(102,'6','Stock In(Purchase Order)','MAGNESIUM 18x5','1921204',4,'Box','320633109299','2024-09-01','Other Products','2023-10-26 03:35:56','2023-10-26 03:35:56'),(103,'6','Stock In(Purchase Order)','Cal Kit 1','1882208',2,'Box','0162','2024-12-12','Other Products','2023-10-26 03:35:56','2023-10-26 03:35:56'),(104,'6','Stock In(Purchase Order)','Cal Kit 2','1662659',1,'Box','0272','2024-10-10','Other Products','2023-10-26 03:35:56','2023-10-26 03:35:56'),(105,'6','Stock In(Purchase Order)','Cal Kit 3','1290709',1,'Box','0362','2024-10-24','Other Products','2023-10-26 03:35:56','2023-10-26 03:35:56'),(106,'6','Stock In(Purchase Order)','Cal Kit 25','6801896',1,'Box','2552','2023-09-27','Other Products','2023-10-26 03:35:56','2023-10-26 03:35:56'),(107,'6','Stock In(Purchase Order)','PER VER I','8067324',1,'Box','Q1174','2025-02-01','Other Products','2023-10-26 03:35:56','2023-10-26 03:35:56'),(108,'6','Stock In(Purchase Order)','PER VER II','8231474',1,'Box','R1176','2025-02-01','Other Products','2023-10-26 03:35:56','2023-10-26 03:35:56'),(109,'6','Stock In(Purchase Order)','ISO PER VER I','8721508',1,'Box','R9818','2024-09-12','Other Products','2023-10-26 03:35:56','2023-10-26 03:35:56'),(110,'6','Stock In(Purchase Order)','UPRO PER VER I','6800190',1,'Box','W9461','2024-07-30','Other Products','2023-10-26 03:35:56','2023-10-26 03:35:56'),(111,'6','Stock In(Purchase Order)','MICRO SAMPLE CUPS BOX/4000','1213115',5,'Box','1094737','2047-11-02','Other Products','2023-10-26 03:35:56','2023-10-26 03:35:56'),(112,'6','Stock In(Purchase Order)','Vitros VersaTip Box/1000','6801715',9,'Box','572615','2049-02-26','Other Products','2023-10-26 03:35:56','2023-10-26 03:35:56'),(113,'6','Stock In(Purchase Order)','8867541 TIBC KIT','8867541',1,'Box','591','2024-02-21','Other Products','2023-10-26 03:35:56','2023-10-26 03:35:56'),(114,'8','Stock In(Purchase Order)','LDH 50x5','6844430',2,'Box','635603081698','2024-11-01','VITROS','2023-10-26 03:43:23','2023-10-26 03:43:23'),(115,'8','Stock In(Purchase Order)','CREATININE 60x5','6802584',2,'Box','150535384140','2025-02-01','VITROS','2023-10-26 03:43:23','2023-10-26 03:43:23'),(116,'8','Stock In(Purchase Order)','BUBC 60x5','8383051',1,'Box','022404556793','2024-06-01','VITROS','2023-10-26 03:43:23','2023-10-26 03:43:23'),(117,'8','Stock In(Purchase Order)','BUN 60x5','8102204',1,'Box','013234720772','2024-10-01','VITROS','2023-10-26 03:43:23','2023-10-26 03:43:23'),(118,'8','Stock In(Purchase Order)','CHOLESTEROL 60x5','1669829',1,'Box','084833910332','2024-10-01','VITROS','2023-10-26 03:43:23','2023-10-26 03:43:23'),(119,'8','Stock In(Purchase Order)','PHOSPHORUS 60x5','1513209',2,'Box','124803750598','2024-10-01','VITROS','2023-10-26 03:43:23','2023-10-26 03:43:23'),(120,'8','Stock In(Purchase Order)','TOT BILIRUBIN 60x5','8159931',3,'Box','141004450067','2024-09-01','VITROS','2023-10-26 03:43:23','2023-10-26 03:43:23'),(121,'8','Stock In(Purchase Order)','TRIGLYCERIDES 60x5','1336544',1,'Box','070734562119','2024-11-01','VITROS','2023-10-26 03:43:23','2023-10-26 03:43:23'),(122,'8','Stock In(Purchase Order)','URIC ACID 60x5','1943927',1,'Box','050203543776','2025-01-01','VITROS','2023-10-26 03:43:23','2023-10-26 03:43:23'),(123,'8','Stock In(Purchase Order)','CRP 18x5','8097990',0,'Box',NULL,NULL,'VITROS','2023-10-26 03:43:23','2023-10-26 03:43:23'),(124,'8','Stock In(Purchase Order)','MAGNESIUM 18x5','1921204',2,'Box','320633109299','2024-09-01','VITROS','2023-10-26 03:43:23','2023-10-26 03:43:23'),(125,'8','Stock In(Purchase Order)','Cal Kit 1','1882208',1,'Box','0162','2024-12-12','VITROS','2023-10-26 03:43:23','2023-10-26 03:43:23'),(126,'8','Stock In(Purchase Order)','Cal Kit 2','1662659',1,'Box','0272','2024-10-10','VITROS','2023-10-26 03:43:23','2023-10-26 03:43:23'),(127,'8','Stock In(Purchase Order)','Cal Kit 3','1290709',2,'Box','0362','2024-10-24','VITROS','2023-10-26 03:43:23','2023-10-26 03:43:23'),(128,'8','Stock In(Purchase Order)','Cal Kit 7','1320498',0,'Box',NULL,NULL,'VITROS','2023-10-26 03:43:23','2023-10-26 03:43:23'),(129,'8','Stock In(Purchase Order)','Cal Kit 25','6801896',2,'Box','2552','2024-03-21','VITROS','2023-10-26 03:43:23','2023-10-26 03:43:23'),(130,'8','Stock In(Purchase Order)','PER VER I','8067324',1,'Box','Q1174','2025-02-01','VITROS','2023-10-26 03:43:23','2023-10-26 03:43:23'),(131,'8','Stock In(Purchase Order)','PER VER II','8231474',1,'Box','R1176','2025-02-01','VITROS','2023-10-26 03:43:23','2023-10-26 03:43:23'),(132,'8','Stock In(Purchase Order)','IMMUNO WASH FLUID','1830033',1,'Box','F1768','2024-05-21','VITROS','2023-10-26 03:43:23','2023-10-26 03:43:23'),(133,'8','Stock In(Purchase Order)','300 Reference Fluid','6844464',1,'Box','U1219','2025-01-06','VITROS','2023-10-26 03:43:23','2023-10-26 03:43:23'),(134,'9','Stock In(Purchase Order)','LACTATE DEHYDROGENASE (LDHI)','6844430',1,'90 Tests','635603081698','2024-11-01','VITROS','2023-10-26 03:47:31','2023-10-26 03:47:31'),(135,'9','Stock In(Purchase Order)','TOTAL PROTEIN','8392292',4,'250 Tests','06223292279','2024-12-01','VITROS','2023-10-26 03:47:31','2023-10-26 03:47:31'),(136,'9','Stock In(Purchase Order)','ALKALINE PHOSPHATASE','1053180',2,'300 Tests','652905701494','2024-11-01','VITROS','2023-10-26 03:47:31','2023-10-26 03:47:31'),(137,'9','Stock In(Purchase Order)','BUN','8102204',3,'300 Tests','01323470772','2024-10-01','VITROS','2023-10-26 03:47:31','2023-10-26 03:47:31'),(138,'9','Stock In(Purchase Order)','dHDL','6801895',0,'300 Tests',NULL,NULL,'VITROS','2023-10-26 03:47:31','2023-10-26 03:47:31'),(139,'9','Stock In(Purchase Order)','CRP/ 5PACKS 90SLDS','8097990',0,'90 Tests',NULL,NULL,'VITROS','2023-10-26 03:47:31','2023-10-26 03:47:31'),(140,'9','Stock In(Purchase Order)','LIPASE','8297749',2,'90 Tests','590233470629','2024-10-01','VITROS','2023-10-26 03:47:31','2023-10-26 03:47:31'),(141,'9','Stock In(Purchase Order)','URINE PROTEIN','6800120',2,'90 Tests','542601081388','2024-11-01','VITROS','2023-10-26 03:47:31','2023-10-26 03:47:31'),(142,'9','Stock In(Purchase Order)','URINE PROTEIN PERF VERI I BX/6','6800190',1,'6 Sets x 2 Levels','W9461','2024-07-30','VITROS','2023-10-26 03:47:31','2023-10-26 03:47:31'),(143,'9','Stock In(Purchase Order)','SIGNAL REAGENT','1072693',5,'2 Packs','1070','2024-02-07','VITROS','2023-10-26 03:47:31','2023-10-26 03:47:31'),(144,'9','Stock In(Purchase Order)','ALBUMIN 5 PK/90 SLIDES','1988211',3,'Box','093833914526','2024-04-01','VITROS','2023-10-26 03:47:31','2023-10-26 03:47:31'),(145,'10','Stock In','Direct HDL Slides 60x5','6801895',2,'Box','114133044742','2024-08-01','VITROS','2023-10-26 03:54:56','2023-10-26 03:54:56'),(146,'11','Stock In','ANTI-HAV IGM CALIBRATOR','1372101',1,'Box','5870','2024-07-09','VITROS','2023-10-26 03:56:43','2023-10-26 03:56:43'),(147,'13','Stock In','Direct HDL Slides 60x5','6801895',4,'Box','114533033520','2024-07-01','VITROS','2023-10-26 04:05:42','2023-10-26 04:05:42'),(148,'14','Stock In','Direct HDL Slides 60x5','6801895',17,'Box','114133044742','2024-08-01','VITROS','2023-10-26 04:08:59','2023-10-26 04:08:59'),(149,'15','Stock In','Direct HDL Slides 60x5','6801895',13,'Box','114133044742','2024-08-01','VITROS','2023-10-26 04:09:53','2023-10-26 04:09:53'),(150,'16','Stock In','POTASSIUM/K+ 50x5','8157596',7,'Box','410211104669','2025-02-01','VITROS','2023-10-26 04:11:04','2023-10-26 04:11:04'),(151,'17','Stock In','Direct HDL Slides 60x5','6801895',2,'Box','114133044742','2024-08-01','VITROS','2023-10-26 04:12:57','2023-10-26 04:12:57'),(152,'18','Stock In','A-HBS REAGENT 100 WELLS','1787753',2,'Box','5081','2024-04-06','VITROS','2023-10-26 04:14:17','2023-10-26 04:14:17'),(153,'11','Stock In','AHBC IGM CALIBRATORS 3X2','1100387',1,'Box','2080','2024-04-03','VITROS','2023-10-26 06:05:22','2023-10-26 06:05:22'),(154,'19','Stock Out(Invoice)','Blood Agar Plate with 5% Sheeps Blood','IDDL2022001',2,'10 pcs/pack','10212301','2023-12-23','Other Products','2023-10-26 10:20:19','2023-10-26 10:20:19'),(155,'19','Stock Out(Invoice)','Chocolate Agar Plate with Supplement','IDDL2022008',2,'10 pcs/pack','10212308','2023-12-01','Other Products','2023-10-26 10:20:19','2023-10-26 10:20:19'),(156,'19','Stock Out(Invoice)','MaC Conkey Agar Plate','IDDL2022002',2,'10 pcs/pack','10212302','2023-12-01','Other Products','2023-10-26 10:20:19','2023-10-26 10:20:19'),(157,'19','Stock Out(Invoice)','Sheeps Blood Agar/McConkey Agar Plate','IDDL2022022',2,'10 pcs/pack','10212324','2023-12-01','Other Products','2023-10-26 10:20:19','2023-10-26 10:20:19'),(158,'20','Stock Out(Invoice)','Wondfo APTT Activated Partial Thromboplastin Time 24\'s','LABASIA2022002',1,'BOX','F48116C01E','2024-06-01','Other Products','2023-10-26 10:32:27','2023-10-26 10:32:27'),(159,'20','Stock Out(Invoice)','Wondfo Prothrombin Time 24\'s','LABASIA2022001',2,'BOX','F480161310E','2024-05-01','Other Products','2023-10-26 10:32:27','2023-10-26 10:32:27'),(160,'21','Stock Out(Invoice)','37% FORMALIN','MCTC2022021',1,'GALLON','9-23-1',NULL,'Other Products','2023-10-26 10:35:09','2023-10-26 10:35:09'),(161,'22','Stock In','Brain Heart Infusion Broth with 6.5% NaCl','IDDL2022044',5,'10 pcs/pack','10092348','2024-10-09','Other Products','2023-10-31 03:01:05','2023-10-31 03:01:05'),(162,'23','Stock Out','WONDFO - COVID AG TEST KIT','ELEVATE2023002',1,'BOX','96P0010','2025-01-01','Other Products','2023-11-03 06:29:03','2023-11-03 06:29:03'),(163,'25','Stock Out(Invoice)','Mueller Hinton Agar Plate (Big)','IDDL2022015',6,'Box','10243306','2023-12-24','Other Products','2023-11-07 03:49:37','2023-11-07 03:49:37'),(164,'25','Stock Out(Invoice)','Triple Sugar Iron Agar','IDDL2022032',4,'10 pcs/pack','10242332','2024-01-01','Other Products','2023-11-07 03:49:37','2023-11-07 03:49:37'),(165,'25','Stock Out(Invoice)','Lysine Iron Agar','IDDL2022033',4,'10 pcs/pack','10242333','2024-01-01','Other Products','2023-11-07 03:49:37','2023-11-07 03:49:37'),(166,'25','Stock Out(Invoice)','Sulfide Indole Motility Agar','IDDL2022034',4,'10 pcs/pack','10242334','2024-01-01','Other Products','2023-11-07 03:49:37','2023-11-07 03:49:37'),(167,'25','Stock Out(Invoice)','Simmon Citrate','IDDL2022035',4,'10 pcs/pack','10242335','2024-01-01','Other Products','2023-11-07 03:49:37','2023-11-07 03:49:37'),(168,'26','Stock Out(Invoice)','MaC Conkey Agar Plate','IDDL2022002',1,'10 pcs/pack','10212302','2023-12-01','Other Products','2023-11-07 03:56:48','2023-11-07 03:56:48'),(169,'26','Stock Out(Invoice)','Mannitol Salt Agar','IDDL2022010',1,'10 pcs/pack','10212313','2023-12-01','Other Products','2023-11-07 03:56:48','2023-11-07 03:56:48'),(170,'27','Stock Out(Invoice)','TRULAB - YELLOW TIPS WITH CROWN - 200UL','TRULAB2022120',1,'PACK','36010200B',NULL,'Other Products','2023-11-07 04:25:52','2023-11-07 04:25:52'),(171,'28','Stock In','CRP LATEX TEST KIT','TRULAB2022024',1,'BOX','LO16182','2025-06-01','Other Products','2023-11-07 06:35:42','2023-11-07 06:35:42'),(172,'30','Stock In','AMPICILLIN - 10 mcg','GOLDQUEST2022003',2,'50 DISC/CART','231005D','2025-04-30','Other Products','2023-11-08 02:41:54','2023-11-08 02:41:54'),(173,'30','Stock In','CEFOTAXIME - 30 mcg','GOLDQUEST2022013',2,'50 DISC/CART','230925A','2025-09-30','Other Products','2023-11-08 02:42:31','2023-11-08 02:42:31'),(174,'30','Stock In','CEFTAZIDIME - 30 mcg','GOLDQUEST2022015',2,'50 DISC/CART','230601I','2025-02-28','Other Products','2023-11-08 02:43:03','2023-11-08 02:43:03'),(175,'31','Stock In','KANAMYCIN - 30 mcg','GOLDQUEST2022029',1,'50 DISC/CART','230829F','2026-02-28','Other Products','2023-11-08 02:44:51','2023-11-08 02:44:51'),(176,'31','Stock In','CEFTAZIDIME - 30 mcg','GOLDQUEST2022015',1,'50 DISC/CART','230601I','2025-02-28','Other Products','2023-11-08 02:45:29','2023-11-08 02:45:29'),(177,'31','Stock In','CEFOTAXIME - 30 mcg','GOLDQUEST2022013',1,'50 DISC/CART','230925A','2025-09-30','Other Products','2023-11-08 02:46:24','2023-11-08 02:46:24'),(178,'32','Stock In','AMPICILLIN - 10 mcg','GOLDQUEST2022003',1,'50 DISC/CART','231005D','2025-04-30','Other Products','2023-11-08 02:47:40','2023-11-08 02:47:40'),(179,'32','Stock In','CEFOTAXIME - 30 mcg','GOLDQUEST2022013',2,'50 DISC/CART','230925A','2025-09-30','Other Products','2023-11-08 02:48:07','2023-11-08 02:48:07'),(180,'32','Stock In','CEFTAZIDIME - 30 mcg','GOLDQUEST2022015',2,'50 DISC/CART','230601I','2025-02-28','Other Products','2023-11-08 02:48:38','2023-11-08 02:48:38'),(181,'33','Stock In','X FACTOR','GOLDQUEST2022055',1,'50 DISC/CART','230606I','2024-12-31','Other Products','2023-11-08 02:49:41','2023-11-08 02:49:41'),(182,'33','Stock In','V FACTOR','GOLDQUEST2022057',1,'50 DISC/CART','231003K','2025-04-30','Other Products','2023-11-08 02:50:19','2023-11-08 02:50:19'),(183,'33','Stock In','X+V FACTOR','GOLDQUEST2022056',1,'50 DISC/CART','230606K','2024-12-31','Other Products','2023-11-08 02:52:16','2023-11-08 02:52:16'),(184,'34','Stock Out(Invoice)','WONDFO - COVID AG TEST KIT','ELEVATE2023002',5,'BOX','96P0010','2025-02-01','Other Products','2023-11-08 03:50:40','2023-11-08 03:50:40'),(185,'35','Stock Out(Invoice)','GRAM STAIN','MCTC2022011',1,'BOX','5-23-1','2025-05-01','Other Products','2023-11-08 04:02:40','2023-11-08 04:02:40'),(186,'35','Stock Out(Invoice)','GRAM STAIN','MCTC2022011',1,'BOX','8-23-1','2025-08-01','Other Products','2023-11-08 04:02:40','2023-11-08 04:02:40'),(187,'35','Stock Out(Invoice)','PAPANICOLLUA STAIN SET','MCTC2022023',2,'BOX','5-23-1','2025-05-01','Other Products','2023-11-08 04:02:40','2023-11-08 04:02:40'),(188,'35','Stock Out(Invoice)','Anti Sera D','MCTC2022010',1,'VIAL','2311-083-01','2025-08-01','Other Products','2023-11-08 04:02:40','2023-11-08 04:02:40'),(192,'37','Stock Out(Invoice)','KANAMYCIN - 30 mcg','GOLDQUEST2022029',1,'50 DISC/CART','230829F','2026-02-28','Other Products','2023-11-08 07:08:58','2023-11-08 07:08:58'),(193,'37','Stock Out(Invoice)','CEFTAZIDIME - 30 mcg','GOLDQUEST2022015',1,'50 DISC/CART','230601I','2025-02-28','Other Products','2023-11-08 07:08:58','2023-11-08 07:08:58'),(194,'37','Stock Out(Invoice)','CEFOTAXIME - 30 mcg','GOLDQUEST2022013',1,'50 DISC/CART','230925A','2025-09-30','Other Products','2023-11-08 07:08:58','2023-11-08 07:08:58'),(196,'38','Stock In','V FACTOR','GOLDQUEST2022057',1,'50 DISC/CART','231003K','2025-03-04','Other Products','2023-11-08 07:31:15','2023-11-08 07:31:15'),(197,'38','Stock In','X FACTOR','GOLDQUEST2022055',1,'50 DISC/CART','230606I','2024-03-12','Other Products','2023-11-08 07:32:06','2023-11-08 07:32:06'),(198,'38','Stock In','X+V FACTOR','GOLDQUEST2022056',1,'50 DISC/CART','230606K','2024-03-12','Other Products','2023-11-08 07:33:50','2023-11-08 07:33:50'),(199,'39','Stock Out(Invoice)','V FACTOR','GOLDQUEST2022057',1,'50 DISC/CART','231003K','2025-03-04','Other Products','2023-11-08 07:35:21','2023-11-08 07:35:21'),(200,'39','Stock Out(Invoice)','X FACTOR','GOLDQUEST2022055',1,'50 DISC/CART','230606I','2024-03-12','Other Products','2023-11-08 07:35:21','2023-11-08 07:35:21'),(201,'39','Stock Out(Invoice)','X+V FACTOR','GOLDQUEST2022056',1,'50 DISC/CART','230606K','2024-03-12','Other Products','2023-11-08 07:35:21','2023-11-08 07:35:21'),(202,'40','Stock Out(Invoice)','GLUCO PLUS - 75GRAMS','TRULAB2022041',20,'BOTTLE','LA751223','2025-09-01','Other Products','2023-11-09 06:02:47','2023-11-09 06:02:47'),(203,'41','Stock In','BLUE TOP - 1.8ML - GLASS','TRULAB2022019',2,'TRAY','04720003','2024-01-05','Other Products','2023-11-09 06:13:03','2023-11-09 06:13:03'),(204,'42','Stock Out(Invoice)','GLASS SLIDES - 72\'S','NL2023002',10,'PACK',NULL,NULL,'Other Products','2023-11-09 06:13:59','2023-11-09 06:13:59'),(205,'42','Stock Out(Invoice)','BLUE TOP - 1.8ML - GLASS','TRULAB2022019',2,'TRAY','04720003','2024-01-05','Other Products','2023-11-09 06:13:59','2023-11-09 06:13:59'),(206,'43','Stock Out(Invoice)','ETHANOL ABSOLUTE 95%','MCTC2022019',1,'GALLON','9-23-1',NULL,'Other Products','2023-11-09 06:35:38','2023-11-09 06:35:38'),(207,'44','Stock Out(Invoice)','ETHANOL ABSOLUTE 95%','MCTC2022019',1,'GALLON','9-23-1',NULL,'Other Products','2023-11-09 06:37:12','2023-11-09 06:37:12'),(208,'45','Stock Out(Invoice)','ETHANOL ABSOLUTE 95%','MCTC2022019',1,'GALLON','9-23-1',NULL,'Other Products','2023-11-09 06:55:53','2023-11-09 06:55:53'),(209,'46','Stock Out(Invoice)','TRULAB - APPLICATOR STICK - 1000S','TRULAB2022125',2,'BOX',NULL,NULL,'Other Products','2023-11-10 00:35:17','2023-11-10 00:35:17'),(210,'46','Stock Out(Invoice)','TRULAB - MICROTAINER YELLOW - 0.5ML','TRULAB2022066',1,'TRAY','A43008','2025-01-01','Other Products','2023-11-10 00:35:17','2023-11-10 00:35:17'),(211,'47','Stock Out(Invoice)','TRULAB - MICROTAINER YELLOW - 0.5ML','TRULAB2022066',3,'TRAY','A43008','2025-01-01','Other Products','2023-11-14 07:24:27','2023-11-14 07:24:27'),(212,'48','Stock Out(Invoice)','AMPICILLIN - 10 mcg','GOLDQUEST2022003',1,'50 DISC/CART','231005D','2025-04-30','Other Products','2023-11-14 07:28:27','2023-11-14 07:28:27'),(213,'48','Stock Out(Invoice)','CEFOTAXIME - 30 mcg','GOLDQUEST2022013',2,'50 DISC/CART','230925A','2025-09-30','Other Products','2023-11-14 07:28:27','2023-11-14 07:28:27'),(214,'48','Stock Out(Invoice)','CEFTAZIDIME - 30 mcg','GOLDQUEST2022015',2,'50 DISC/CART','230601I','2025-02-28','Other Products','2023-11-14 07:28:27','2023-11-14 07:28:27'),(215,'49','Stock In(Purchase Order)','GLUCO PLUS - 75GRAMS','TRULAB2022041',30,'BOTTLE','LA751023','2025-09-01','Other Products','2023-11-14 07:33:22','2023-11-14 07:33:22'),(216,'51','Stock In(Purchase Order)','CRP LATEX TEST KIT','TRULAB2022024',1,'BOX','L016170','2025-03-01','Other Products','2023-11-14 07:59:14','2023-11-14 07:59:14'),(217,'52','Stock Out(Invoice)','AMPICILLIN - 10 mcg','GOLDQUEST2022003',1,'50 DISC/CART','231005D','2025-04-30','Other Products','2023-11-14 08:28:14','2023-11-14 08:28:14'),(218,'53','Stock Out(Invoice)','Wondfo Prothrombin Time 24\'s','LABASIA2022001',2,'BOX','F480161310E','2024-05-01','Other Products','2023-11-15 06:34:31','2023-11-15 06:34:31'),(219,'54','Stock In(Purchase Order)','Mueller Hinton Agar Plate (Big)','IDDL2022015',5,'10 pcs/pack','11112306','2024-11-01','Other Products','2023-11-15 09:51:54','2023-11-15 09:51:54'),(220,'54','Stock In(Purchase Order)','Blood Agar Plate with 5% Sheeps Blood','IDDL2022001',6,'10 pcs/pack','11112301','2024-04-01','Other Products','2023-11-15 09:51:54','2023-11-15 09:51:54'),(221,'54','Stock In(Purchase Order)','MaC Conkey Agar Plate','IDDL2022002',5,'10 pcs/pack','11112302','2024-11-01','Other Products','2023-11-15 09:51:54','2023-11-15 09:51:54'),(222,'54','Stock In(Purchase Order)','Sheeps Blood Agar/McConkey Agar Plate','IDDL2022022',3,'10 pcs/pack','11112324','2024-11-01','Other Products','2023-11-15 09:51:54','2023-11-15 09:51:54'),(223,'55','Stock In(Purchase Order)','Anti Sera D','MCTC2022010',1,'VIAL','1510002',NULL,'Other Products','2023-11-15 10:02:42','2023-11-15 10:02:42'),(224,'56','Stock In','ETHANOL ABSOLUTE 95%','MCTC2022019',1,'GALLON',NULL,NULL,'Other Products','2023-11-15 10:05:58','2023-11-15 10:05:58'),(226,'57','Stock Out(Invoice)','Anti Sera D','MCTC2022010',1,'VIAL','1510002',NULL,'Other Products','2023-11-16 00:36:44','2023-11-16 00:36:44'),(227,'58','Stock Out(Invoice)','Mueller Hinton Agar Plate (Big)','IDDL2022015',5,'10 pcs/pack','11112306','2024-11-01','Other Products','2023-11-16 00:43:27','2023-11-16 00:43:27'),(228,'58','Stock Out(Invoice)','Blood Agar Plate with 5% Sheeps Blood','IDDL2022001',6,'10 pcs/pack','11112301','2024-04-01','Other Products','2023-11-16 00:43:27','2023-11-16 00:43:27'),(229,'58','Stock Out(Invoice)','MaC Conkey Agar Plate','IDDL2022002',5,'10 pcs/pack','11112302','2024-11-01','Other Products','2023-11-16 00:43:27','2023-11-16 00:43:27'),(230,'58','Stock Out(Invoice)','Sheeps Blood Agar/McConkey Agar Plate','IDDL2022022',3,'10 pcs/pack','11112324','2024-11-01','Other Products','2023-11-16 00:43:27','2023-11-16 00:43:27'),(231,'59','Stock Out(Invoice)','INTEC - Infectious Disease - HBsAg Test - Serum/Plasma - Strip','MEDTEK2022011',2,'50 per kit','GJ22121721','2024-10-01','Other Products','2023-11-16 05:54:19','2023-11-16 05:54:19'),(232,'60','Stock In(Purchase Order)','DREW-3 - Reagents & Controls - DREW 3 Pack','MEDTEK2022177',2,'360T per pack','1045','2024-08-03','Other Products','2023-11-21 00:46:32','2023-11-21 00:46:32'),(233,'61','Stock Out(Invoice)','DREW-3 - Reagents & Controls - DREW 3 Pack','MEDTEK2022177',1,'360T per pack','1045','2024-08-03','Other Products','2023-11-21 07:52:48','2023-11-21 07:52:48'),(234,'62','Stock Out(Invoice)','TRULAB - INOCULATION LOOP 1UL & 10UL - 100','TRULAB2022053',5,'BOX','222080',NULL,'Other Products','2023-11-22 02:30:48','2023-11-22 02:30:48'),(235,'63','Stock In','BLOOD LANCET - 72\'S','NL2023001',100,'BOX',NULL,NULL,'Other Products','2023-11-22 03:07:07','2023-11-22 03:07:07'),(236,'63','Stock In','GLASS SLIDES - 72\'S','NL2023002',200,'PACK',NULL,NULL,'Other Products','2023-11-22 03:08:51','2023-11-22 03:08:51'),(237,'64','Stock Out(Invoice)','WONDFO - COVID AG TEST KIT','ELEVATE2023002',3,'BOX','96P0010','2025-02-01','Other Products','2023-11-22 06:09:46','2023-11-22 06:09:46'),(238,'65','Stock In(Purchase Order)','TRULAB - STOOL CONTAINER 60ML - STERILE - RED','TRULAB2022099',550,'PIECE','230418','2028-04-20','Other Products','2023-11-23 03:30:56','2023-11-23 03:30:56'),(239,'65','Stock In(Purchase Order)','TRULAB - INOCULATION LOOP 1UL & 10UL - 100','TRULAB2022053',5,'BOX','230096',NULL,'Other Products','2023-11-23 03:30:56','2023-11-23 03:30:56'),(240,'66','Stock In(Purchase Order)','FT3','FINECARE2022009',2,'BOX','F2001610BAD','2024-06-21','Other Products','2023-11-23 04:03:17','2023-11-23 04:03:17'),(241,'66','Stock In(Purchase Order)','FT4','FINECARE2022010',2,'BOX','F25916307AD','2024-11-06','Other Products','2023-11-23 04:03:17','2023-11-23 04:03:17'),(242,'68','Stock In(Purchase Order)','HEMA QUICK STAIN','MCTC2022001',3,'BOTTLE',NULL,NULL,'Other Products','2023-11-23 04:12:10','2023-11-23 04:12:10'),(243,'68','Stock In(Purchase Order)','Anti Sera A','MCTC2022008',1,'VIAL',NULL,NULL,'Other Products','2023-11-23 04:12:10','2023-11-23 04:12:10'),(244,'68','Stock In(Purchase Order)','Anti Sera B','MCTC2022009',1,'VIAL',NULL,NULL,'Other Products','2023-11-23 04:12:10','2023-11-23 04:12:10'),(245,'68','Stock In(Purchase Order)','Anti Sera D','MCTC2022010',1,'VIAL',NULL,NULL,'Other Products','2023-11-23 04:12:10','2023-11-23 04:12:10'),(246,'69','Stock In(Purchase Order)','ETHANOL ABSOLUTE 95%','MCTC2022019',5,'GALLON',NULL,NULL,'Other Products','2023-11-23 04:18:43','2023-11-23 04:18:43'),(247,'70','Stock Out(Invoice)','DREW-3 - Reagents & Controls - DREW 3 Pack','MEDTEK2022177',1,'360T per pack','1045','2024-08-03','Other Products','2023-11-23 07:39:42','2023-11-23 07:39:42'),(248,'71','Stock Out(Invoice)','HEMA QUICK STAIN','MCTC2022001',1,'BOTTLE',NULL,NULL,'Other Products','2023-11-23 07:44:27','2023-11-23 07:44:27'),(249,'71','Stock Out(Invoice)','Anti Sera A','MCTC2022008',1,'VIAL',NULL,NULL,'Other Products','2023-11-23 07:44:27','2023-11-23 07:44:27'),(250,'71','Stock Out(Invoice)','Anti Sera B','MCTC2022009',1,'VIAL',NULL,NULL,'Other Products','2023-11-23 07:44:27','2023-11-23 07:44:27'),(251,'71','Stock Out(Invoice)','Anti Sera D','MCTC2022010',1,'VIAL',NULL,NULL,'Other Products','2023-11-23 07:44:27','2023-11-23 07:44:27'),(252,'72','Stock Out(Invoice)','HEMA QUICK STAIN','MCTC2022001',2,'BOTTLE',NULL,NULL,'Other Products','2023-11-23 07:51:57','2023-11-23 07:51:57'),(253,'73','Stock Out(Invoice)','TRULAB - BLUE TIPS - W/O CROWN -1000UL','TRULAB2022017',2,'PACK','220720','2032-07-01','Other Products','2023-11-23 07:57:55','2023-11-23 07:57:55'),(254,'73','Stock Out(Invoice)','TRULAB - MICROTAINER YELLOW - 0.5ML','TRULAB2022066',1,'TRAY','A43008','2025-01-01','Other Products','2023-11-23 07:57:55','2023-11-23 07:57:55'),(255,'73','Stock Out(Invoice)','GLUCO PLUS - 75GRAMS','TRULAB2022041',5,'BOTTLE','LA751223','2025-09-01','Other Products','2023-11-23 07:57:55','2023-11-23 07:57:55'),(256,'74','Stock In(Purchase Order)','RAPIQUICK - (THC/MET/MDMA/COC/MOP) DRUG OF ABUSE RAPID TEST','ELEVATE2023010',1,'BOX','DOA23060334','2025-05-01','Other Products','2023-11-24 11:21:49','2023-11-24 11:21:49'),(257,'74','Stock In(Purchase Order)','WONDFO - COVID AG TEST KIT','ELEVATE2023002',0,'BOX',NULL,NULL,'Other Products','2023-11-24 11:21:49','2023-11-24 11:21:49'),(258,'74','Stock In(Purchase Order)','WONDFO - MET/THC URINE TEST','ELEVATE2023001',0,'BOX',NULL,NULL,'Other Products','2023-11-24 11:21:49','2023-11-24 11:21:49'),(259,'75','Stock In(Purchase Order)','LEVOFLOXACIN - 5 mcg','GOLDQUEST2022031',2,'50 DISC/CART','231004A','2026-02-28','Other Products','2023-11-29 01:36:07','2023-11-29 01:36:07'),(260,'75','Stock In(Purchase Order)','AMOXICILLIN+CLAVULANIC - 20+10 mcg','GOLDQUEST2022004',2,'50 DISC/CART','230926B',NULL,'Other Products','2023-11-29 01:36:07','2023-11-29 01:36:07'),(261,'75','Stock In(Purchase Order)','CEFAZOLIN - 30 mcg','GOLDQUEST2022009',2,'50 DISC/CART',NULL,NULL,'Other Products','2023-11-29 01:36:07','2023-11-29 01:36:07'),(262,'75','Stock In(Purchase Order)','CEFEPIME - 30 mcg','GOLDQUEST2022012',2,'50 DISC/CART',NULL,NULL,'Other Products','2023-11-29 01:36:07','2023-11-29 01:36:07'),(263,'75','Stock In(Purchase Order)','IMIPENEM - 10 mcg','GOLDQUEST2022028',2,'50 DISC/CART',NULL,NULL,'Other Products','2023-11-29 01:36:07','2023-11-29 01:36:07'),(264,'75','Stock In(Purchase Order)','TAZOBACTAM+PIPERACILLIN - 10+100 mcg','GOLDQUEST2022048',2,'50 DISC/CART',NULL,NULL,'Other Products','2023-11-29 01:36:07','2023-11-29 01:36:07'),(265,'77','Stock In(Purchase Order)','Gentamicin Blood Agar Plate','IDDL2022004',2,'10 pcs/pack',NULL,NULL,'Other Products','2023-11-29 03:44:44','2023-11-29 03:44:44'),(266,'77','Stock In(Purchase Order)','Thioglycolate Broth','IDDL2022042',2,'10 pcs/pack',NULL,NULL,'Other Products','2023-11-29 03:44:44','2023-11-29 03:44:44'),(267,'78','Stock In(Purchase Order)','Chocolate Agar Plate with Supplement','IDDL2022008',3,'10 pcs/pack',NULL,NULL,'Other Products','2023-11-29 03:49:53','2023-11-29 03:49:53'),(268,'78','Stock In(Purchase Order)','Blood Agar Plate with 5% Sheeps Blood','IDDL2022001',15,'10 pcs/pack',NULL,NULL,'Other Products','2023-11-29 03:49:53','2023-11-29 03:49:53'),(269,'78','Stock In(Purchase Order)','Thioglycolate Broth','IDDL2022042',2,'10 pcs/pack',NULL,NULL,'Other Products','2023-11-29 03:49:53','2023-11-29 03:49:53'),(270,'78','Stock In(Purchase Order)','Tryptic Soy Borth','IDDL2022043',2,'10 pcs/pack',NULL,NULL,'Other Products','2023-11-29 03:49:53','2023-11-29 03:49:53'),(271,'78','Stock In(Purchase Order)','Selnite F Broth','IDDL2022046',1,'10 pcs/pack',NULL,NULL,'Other Products','2023-11-29 03:49:53','2023-11-29 03:49:53'),(272,'78','Stock In(Purchase Order)','Alkaline Peptone Water','IDDL2022047',1,'10 pcs/pack',NULL,NULL,'Other Products','2023-11-29 03:49:53','2023-11-29 03:49:53'),(273,'78','Stock In(Purchase Order)','Sulfide Indole Motility Agar','IDDL2022034',3,'10 pcs/pack',NULL,NULL,'Other Products','2023-11-29 03:49:53','2023-11-29 03:49:53'),(274,'78','Stock In(Purchase Order)','Gentamicin Blood/Bacitracin Chocolate Agar Plate','IDDL2022023',1,'10 pcs/pack',NULL,NULL,'Other Products','2023-11-29 03:49:53','2023-11-29 03:49:53'),(275,'78','Stock In(Purchase Order)','Thiosulfate Citrate Bile Salts/Salmonella Shigella Agar','IDDL2022025',1,'10 pcs/pack',NULL,NULL,'Other Products','2023-11-29 03:49:53','2023-11-29 03:49:53'),(276,'79','Stock In(Purchase Order)','T4','FINECARE2022008',2,'BOX',NULL,NULL,'Other Products','2023-11-29 05:14:15','2023-11-29 05:14:15'),(277,'79','Stock In(Purchase Order)','T3','FINECARE2022007',2,'BOX',NULL,NULL,'Other Products','2023-11-29 05:14:15','2023-11-29 05:14:15'),(278,'80','Stock In(Purchase Order)','BRANDEN - GREEN TOP - 4ML - GLASS','TRULAB2022042',1,'TRAY',NULL,NULL,'Other Products','2023-11-29 08:37:25','2023-11-29 08:37:25'),(279,'80','Stock In(Purchase Order)','TOURNIQUET','TRULAB2022163',3,'PIECE',NULL,NULL,'Other Products','2023-11-29 08:37:25','2023-11-29 08:37:25'),(280,'80','Stock In(Purchase Order)','TEST TUBE RACK 90s','TRULAB2022164',2,'PIECE',NULL,NULL,'Other Products','2023-11-29 08:37:25','2023-11-29 08:37:25'),(281,'80','Stock In(Purchase Order)','RED TOP PRO COAG','TRULAB2022165',6,'TRAY',NULL,NULL,'Other Products','2023-11-29 08:37:25','2023-11-29 08:37:25'),(282,'81','Stock Out(Invoice)','Chocolate Agar Plate with Supplement','IDDL2022008',3,'10 pcs/pack',NULL,NULL,'Other Products','2023-11-29 09:48:06','2023-11-29 09:48:06'),(283,'81','Stock Out(Invoice)','Blood Agar Plate with 5% Sheeps Blood','IDDL2022001',15,'10 pcs/pack',NULL,NULL,'Other Products','2023-11-29 09:48:06','2023-11-29 09:48:06'),(284,'81','Stock Out(Invoice)','Thioglycolate Broth','IDDL2022042',2,'10 pcs/pack',NULL,NULL,'Other Products','2023-11-29 09:48:06','2023-11-29 09:48:06'),(285,'81','Stock Out(Invoice)','Tryptic Soy Borth','IDDL2022043',2,'10 pcs/pack',NULL,NULL,'Other Products','2023-11-29 09:48:06','2023-11-29 09:48:06'),(286,'81','Stock Out(Invoice)','Selnite F Broth','IDDL2022046',1,'10 pcs/pack',NULL,NULL,'Other Products','2023-11-29 09:48:06','2023-11-29 09:48:06'),(287,'81','Stock Out(Invoice)','Alkaline Peptone Water','IDDL2022047',1,'10 pcs/pack',NULL,NULL,'Other Products','2023-11-29 09:48:06','2023-11-29 09:48:06'),(288,'81','Stock Out(Invoice)','Sulfide Indole Motility Agar','IDDL2022034',3,'10 pcs/pack',NULL,NULL,'Other Products','2023-11-29 09:48:06','2023-11-29 09:48:06'),(289,'81','Stock Out(Invoice)','Gentamicin Blood/Bacitracin Chocolate Agar Plate','IDDL2022023',1,'10 pcs/pack',NULL,NULL,'Other Products','2023-11-29 09:48:06','2023-11-29 09:48:06'),(290,'81','Stock Out(Invoice)','Thiosulfate Citrate Bile Salts/Salmonella Shigella Agar','IDDL2022025',1,'10 pcs/pack',NULL,NULL,'Other Products','2023-11-29 09:48:06','2023-11-29 09:48:06'),(291,'82','Stock Out(Invoice)','Gentamicin Blood Agar Plate','IDDL2022004',2,'10 pcs/pack',NULL,NULL,'Other Products','2023-11-29 10:04:55','2023-11-29 10:04:55'),(292,'82','Stock Out(Invoice)','Thioglycolate Broth','IDDL2022042',2,'10 pcs/pack',NULL,NULL,'Other Products','2023-11-29 10:04:55','2023-11-29 10:04:55'),(293,'83','Stock In(Purchase Order)','WONDFO - HCG U/S TEST KIT','ELEVATE2023003',1,'BOX',NULL,NULL,'Other Products','2023-11-29 10:48:12','2023-11-29 10:48:12'),(294,'83','Stock In(Purchase Order)','WONDFO - COVID AG TEST KIT','ELEVATE2023002',15,'BOX',NULL,NULL,'Other Products','2023-11-29 10:48:12','2023-11-29 10:48:12'),(295,'84','Stock In(Purchase Order)','WONDFO - HCG U/S TEST KIT','ELEVATE2023003',2,'BOX',NULL,NULL,'Other Products','2023-11-29 10:50:57','2023-11-29 10:50:57'),(296,'85','Stock In','CEFTRIAXONE - 30 mcg','GOLDQUEST2022017',1,'50 DISC/CART',NULL,NULL,'Other Products','2023-11-29 10:52:36','2023-11-29 10:52:36'),(297,'86','Stock Out(Invoice)','WONDFO - HCG U/S TEST KIT','ELEVATE2023003',3,'BOX',NULL,NULL,'Other Products','2023-11-29 10:57:51','2023-11-29 10:57:51'),(298,'87','Stock Out(Invoice)','LEVOFLOXACIN - 5 mcg','GOLDQUEST2022031',2,'50 DISC/CART','231004A','2026-02-28','Other Products','2023-11-29 10:59:42','2023-11-29 10:59:42'),(299,'87','Stock Out(Invoice)','AMOXICILLIN+CLAVULANIC - 20+10 mcg','GOLDQUEST2022004',2,'50 DISC/CART','230926B',NULL,'Other Products','2023-11-29 10:59:42','2023-11-29 10:59:42'),(300,'87','Stock Out(Invoice)','AMPICILLIN - 10 mcg','GOLDQUEST2022003',1,'50 DISC/CART','231005D','2025-04-30','Other Products','2023-11-29 10:59:42','2023-11-29 10:59:42'),(301,'87','Stock Out(Invoice)','CEFAZOLIN - 30 mcg','GOLDQUEST2022009',2,'50 DISC/CART',NULL,NULL,'Other Products','2023-11-29 10:59:42','2023-11-29 10:59:42'),(302,'87','Stock Out(Invoice)','CEFEPIME - 30 mcg','GOLDQUEST2022012',2,'50 DISC/CART',NULL,NULL,'Other Products','2023-11-29 10:59:42','2023-11-29 10:59:42'),(303,'87','Stock Out(Invoice)','CEFTAZIDIME - 30 mcg','GOLDQUEST2022015',1,'50 DISC/CART','230601I','2025-02-28','Other Products','2023-11-29 10:59:42','2023-11-29 10:59:42'),(304,'87','Stock Out(Invoice)','IMIPENEM - 10 mcg','GOLDQUEST2022028',2,'50 DISC/CART',NULL,NULL,'Other Products','2023-11-29 10:59:42','2023-11-29 10:59:42'),(305,'87','Stock Out(Invoice)','TAZOBACTAM+PIPERACILLIN - 10+100 mcg','GOLDQUEST2022048',2,'50 DISC/CART',NULL,NULL,'Other Products','2023-11-29 10:59:42','2023-11-29 10:59:42'),(306,'87','Stock Out(Invoice)','CEFTRIAXONE - 30 mcg','GOLDQUEST2022017',1,'50 DISC/CART',NULL,NULL,'Other Products','2023-11-29 10:59:42','2023-11-29 10:59:42'),(307,'88','Stock Out(Invoice)','BRANDEN - GREEN TOP - 4ML - GLASS','TRULAB2022042',1,'TRAY',NULL,NULL,'Other Products','2023-11-30 07:37:51','2023-11-30 07:37:51'),(308,'89','Stock Out(Invoice)','GLASS SLIDES - 72\'S','NL2023002',10,'PACK',NULL,NULL,'Other Products','2023-11-30 08:15:55','2023-11-30 08:15:55'),(309,'89','Stock Out(Invoice)','GLUCO PLUS - 75GRAMS','TRULAB2022041',10,'BOTTLE','LA751223','2025-09-01','Other Products','2023-11-30 08:15:55','2023-11-30 08:15:55'),(310,'91','Stock In(Purchase Order)','IMMUNOSTIC.INC. - HEMA-SCREEN','GOLDQUEST2022065',1,'BOX',NULL,NULL,'Other Products','2023-12-05 04:11:26','2023-12-05 04:11:26'),(311,'92','Stock In(Purchase Order)','CRP LATEX TEST KIT','TRULAB2022024',4,'BOX',NULL,NULL,'Other Products','2023-12-06 07:53:36','2023-12-06 07:53:36'),(312,'92','Stock In(Purchase Order)','RA LATEX KIT','TRULAB2022086',1,'BOX',NULL,NULL,'Other Products','2023-12-06 07:53:36','2023-12-06 07:53:36'),(313,'92','Stock In(Purchase Order)','ASO LATEX TEST KIT','TRULAB2022011',4,'100T',NULL,NULL,'Other Products','2023-12-06 07:53:36','2023-12-06 07:53:36'),(314,'92','Stock In(Purchase Order)','TRULAB - APPLICATOR STICK - 1000S','TRULAB2022125',19,'BOX',NULL,NULL,'Other Products','2023-12-06 07:53:36','2023-12-06 07:53:36'),(315,'92','Stock In(Purchase Order)','TRULAB - EDTA MICROTAINER - K2 - PP - 0.5ML','TRULAB2022085',4,'TRAY',NULL,NULL,'Other Products','2023-12-06 07:53:36','2023-12-06 07:53:36'),(316,'93','Stock Out(Invoice)','TRULAB - BLUE TIPS - W/O CROWN -1000UL','TRULAB2022017',3,'PACK','220720','2032-07-01','Other Products','2023-12-06 10:33:56','2023-12-06 10:33:56'),(317,'93','Stock Out(Invoice)','TRULAB - YELLOW TIPS W/O CROWN','TRULAB2022119',1,'PACK','221539',NULL,'Other Products','2023-12-06 10:33:56','2023-12-06 10:33:56'),(318,'93','Stock Out(Invoice)','GLASS SLIDES - 72\'S','NL2023002',10,'PACK',NULL,NULL,'Other Products','2023-12-06 10:33:56','2023-12-06 10:33:56'),(319,'93','Stock Out(Invoice)','INSIGHT - MICRAL TEST','TRULAB2022127',1,'BOX','URS2120061','2024-09-01','Other Products','2023-12-06 10:33:56','2023-12-06 10:33:56');
/*!40000 ALTER TABLE `tbl_transactionprod` ENABLE KEYS */;
UNLOCK TABLES;

--
-- Table structure for table `tbl_users`
--

DROP TABLE IF EXISTS `tbl_users`;
/*!40101 SET @saved_cs_client     = @@character_set_client */;
/*!40101 SET character_set_client = utf8 */;
CREATE TABLE `tbl_users` (
  `ID` int(11) NOT NULL AUTO_INCREMENT,
  `Name` varchar(255) DEFAULT NULL,
  `Email` varchar(255) DEFAULT NULL,
  `Pword` varchar(255) DEFAULT NULL,
  `Position` varchar(255) DEFAULT NULL,
  PRIMARY KEY (`ID`)
) ENGINE=InnoDB AUTO_INCREMENT=39 DEFAULT CHARSET=latin1;
/*!40101 SET character_set_client = @saved_cs_client */;

--
-- Dumping data for table `tbl_users`
--

LOCK TABLES `tbl_users` WRITE;
/*!40000 ALTER TABLE `tbl_users` DISABLE KEYS */;
INSERT INTO `tbl_users` VALUES (2,'Noriel Agno','noriel@1agnomedical.com','admin','Chief'),(3,'Alliyah Marasigan','allimarasigan@gmail.com','Alliyah','Pharmacist'),(4,'Rozellyn Yulatic','sales@1agnomedical.com','Rose','SC Admin'),(6,'Rodel Decaiman','decaimanr@gmail.com','rodel','Delivery'),(7,'Eddie Magdura','edmagdura@1agnomedical.com','Sir Ed','FSE'),(8,'Giliw Ibanez Jr','giliw@1agnomedical.com','Giliw','FSE'),(9,'Ninar Agno','agnoninar@gmail.com','Ninar','Delivery'),(11,'Jocelyn Dela Roca','accounting@1agnomedical.com','OAMSaccounting','Accountant'),(12,'Jhejiel Pornobe','jhejiel@1agnomedical.com','BTS12345','SalesRep'),(14,'Jane Erika Sy','erika@1agnomedical.com','sileka','SalesRep'),(15,'Mate Lagrada','matelagrada@gmail.com','Mattrailee20','SalesRep'),(22,'Eunice Silhay','eunice@1agnomedical.com','1amseunii','SalesRep'),(24,'Geraldine Agno','geraldine@1agnomedical.com','cfoadmin','CFO'),(25,'Kathreen Paola Olimpiada','paola@lablyfe.one','ITAdmin','IT Staff'),(26,'Ninar Agno','agnoninar20@gmail.com','AGNinar','Collector'),(27,'Jun Cabrera','jun@1agnomedical.com','jun01132020','Collector'),(28,'Rodel Decaiman','rodel@1agnomedical.com','rodel2014','Collector'),(29,'Michael Vitto','khiko@1agnomedical.com','khiko2018','Collector'),(30,'HR Officer','abigail@1agnomedical.com','1amsAbby','HR Officer'),(31,'Eddie Magdura','ed@1agnomedical.com','1AMSed','Engineer'),(32,'Mark Tendenilla','mark@1agnomedical.com','1amsmark','FSE'),(35,'Chit Serrano','serrano.chit@gmail.com','1AMSchit','FSE'),(36,'Angel Ann Arevalo','angel@lablyfe.one','1amsAngel','IT Staff');
/*!40000 ALTER TABLE `tbl_users` ENABLE KEYS */;
UNLOCK TABLES;

--
-- Table structure for table `tbl_vprod`
--

DROP TABLE IF EXISTS `tbl_vprod`;
/*!40101 SET @saved_cs_client     = @@character_set_client */;
/*!40101 SET character_set_client = utf8 */;
CREATE TABLE `tbl_vprod` (
  `Catalog` varchar(255) NOT NULL,
  `Description` varchar(255) DEFAULT NULL,
  `Category` varchar(255) DEFAULT NULL
) ENGINE=InnoDB DEFAULT CHARSET=latin1;
/*!40101 SET character_set_client = @saved_cs_client */;

--
-- Dumping data for table `tbl_vprod`
--

LOCK TABLES `tbl_vprod` WRITE;
/*!40000 ALTER TABLE `tbl_vprod` DISABLE KEYS */;
INSERT INTO `tbl_vprod` VALUES ('1037274','ACETAMINOPHEN 18x5','Chemistry'),('1053180','ALKP 60x5','Chemistry'),('1110352','URINE ELEC DILUENT','Fluids'),('1149764','Cal Kit 5','Fluids'),('1202670','AMYLASE 60x5','Chemistry'),('1204247','Cal Kit 6','Fluids'),('1204668','Cal Kit 4','Fluids'),('1290709','Cal Kit 3','Fluids'),('1307164','THEOPHYLLINE 18x5','Chemistry'),('1314343','SALICYLATE 18x5','Chemistry'),('1320498','Cal Kit 7','Fluids'),('1336544','TRIGLYCERIDES 60x5','Chemistry'),('1384007','LIQ PER VER II','Fluids'),('1450261','CALCIUM 60x5','Chemistry'),('1513209','PHOSPHORUS 60x5','Chemistry'),('1515808','IRON 60x5','Chemistry'),('1612365','BUBC 18x5','Chemistry'),('1632660','LITHIUM 18x5','Chemistry'),('1662659','Cal Kit 2','Fluids'),('1668409','LIPASE 60x5','Chemistry'),('1669829','CHOLESTEROL 60x5','Chemistry'),('1707801','GLUCOSE 60x5','Chemistry'),('1721869','AMMONIA 60x5','Chemistry'),('1726926','AMMONIA 18x5','Chemistry'),('1792357','TDM PER VER II','Fluids'),('1830033','IMMUNO WASH FLUID','Fluids'),('1882208','Cal Kit 1','Fluids'),('1914605','CHOLINESTERASE 60x5','Chemistry'),('1921204','MAGNESIUM 18x5','Chemistry'),('1924547','IRON 18x5','Chemistry'),('1943927','URIC ACID 60x5','Chemistry'),('1988211','ALBUMIN 18x5','Chemistry'),('6800120','URINE PROTEIN 18x5','Chemistry'),('6800189','Cal Kit 10','Fluids'),('6800190','UPRO PER VER I','Fluids'),('6800191','UPRO PER VER II','Fluids'),('6801700','Cal Kit 16','Fluids'),('6801701','Cal Kit 17','Fluids'),('6801702','Cal Kit 18','Fluids'),('6801703','Cal kit 19','Fluids'),('6801708','Cal Kit 24','Fluids'),('6801895','Direct HDL Slides 60x5','Chemistry'),('6801896','Cal Kit 25','Fluids'),('6802323','Cal Kit 28','Fluids'),('6802344','Cal Kit 29','Fluids'),('6802584','CREATININE 60x5','Chemistry'),('6844288','ALTV 50x5','Chemistry'),('6844430','LDH 50x5','Chemistry'),('6844463','800 Reference Fluid','Fluids'),('6844464','300 Reference Fluid','Fluids'),('6844471','CHLORIDE/CL 50x5 ','Chemistry'),('8001133','CKMB 18x5','Chemistry'),('8004707','CHOLINESTERASE 18x5','Chemistry'),('8046872','ALCOHOL 18x5','Chemistry'),('8058232','CKMB 60x5','Chemistry'),('8067324','PER VER I','Fluids'),('8074452','CITRIC ACID SOLUTION','Fluids'),('8097990','CRP 18x5','Chemistry'),('8102204','BUN 60x5','Chemistry'),('8112724','AMYLASE 18x5','Chemistry'),('8150112','LACTATE 18x5','Chemistry'),('8157596','POTASSIUM/K+ 50x5','Chemistry'),('8159931','TOT BILIRUBIN 60x5','Chemistry'),('8168122','ACID PHOS 18x5','Chemistry'),('8182172','TDM PER VER III','Fluids'),('8196057','ALBUMIN 50x5','Chemistry'),('8208431','CSF PROTEIN 18x5','Chemistry'),('8221384','PHENOBARB 18x5','Chemistry'),('8231474','PER VER II','Fluids'),('8255093','MAGNESIUM 60x5','Chemistry'),('8257289','GGT 50x5','Chemistry'),('8262396','ENZYMATIC CO2 60x5','Chemistry'),('8262487','7% BSA SOLUTION','Fluids'),('8297749','LIPASE 18x5','Chemistry'),('8298671','PHENYTOIN 18x5','Chemistry'),('8318925','LITHIUM 60x5','Chemistry'),('8343386','DIGOXIN 18x5','Chemistry'),('8379034','SODIUM/NA+ 50x5','Chemistry'),('8383051','BUBC 60x5','Chemistry'),('8392292','TOTAL PROTEIN 50x5','Chemistry'),('8433815','AST 60x5','Chemistry'),('8433880','LACTATE 60x5','Chemistry'),('8466492','LIQ PER VER I','Fluids'),('8478034','CK 18x5','Chemistry'),('8479396','CK 60x5','Chemistry'),('8568040','Cal Kit 9','Fluids'),('8578163','Cal Kit 8','Fluids'),('8597452','CRP PER VER II','Fluids'),('8721508','ISO PER VER I','Fluids'),('8748220','ISO PER VER II','Fluids'),('8892382','CARBAMAZEPINE 18x5','Chemistry'),('8936049','CRP PER VER I','Fluids'),('8962540','TDM PER VER I','Fluids'),('6801709','Vancomycin Reagent','Microtips'),('6801710','Valproic Reagent','Microtips'),('6801711','Gentamicin Reagent','Microtips'),('6801712','Tobramycin Reagent','Microtips'),('6801728','dLdL Reagent','Microtips'),('6801737','ApoA1 Reagent','Microtips'),('6801738','ApoB Reagent','Microtips'),('6801729','RF Reagent','Microtips'),('6801732','lgA Reagent','Microtips'),('6801733','lgG Reagent','Microtips'),('6801734','IgM Reagent','Microtips'),('6801735','C3 Reagent','Microtips'),('6801736','C4 Reagent','Microtips'),('6801740','mALB Reagent','Microtips'),('6801741','PALB Reagent','Microtips'),('6801767','Transferrin Reagent','Microtips'),('6801739','hsCRP Reagent','Microtips'),('6802001','dTIBC Reagent','Microtips'),('6802216','ALPHA-1 Antitryspin Reagent','Microtips'),('6802218','ANTI-Streptolysin Reagent (ASO)','Microtips'),('6802002','Homocysteine Reagent','Microtips'),('6802214','Haptoglobin Reagent','Microtips'),('6802314','d%A1c Reagent','Microtips'),('6801713','Caffeine Reagent / CAL','Microtips'),('6801714','Caffeine Reagent Empty Packs','Microtips'),('6801696','Calibrator Kit 11','Microtips'),('6801698','Calibrator Kit 13','Microtips'),('6801699','Calibrator Kit 14','Microtips'),('6801700','Calibrator Kit 16','Microtips'),('6801701','Calibrator Kit 17','Microtips'),('6801702','Calibrator Kit 18','Microtips'),('6801703','Calibrator Kit 19','Microtips'),('6801704','Calibrator Kit 20','Microtips'),('6801705','Calibrator Kit 21','Microtips'),('6801706','Calibrator Kit 22','Microtips'),('6801707','Calibrator Kit 23','Microtips'),('6801708','Calibrator Kit 24','Microtips'),('6802344','Calibrator Kit 29','Microtips'),('6802323','Calibrator Kit 28','Microtips'),('6802310','Calibrator Kit 99','Microtips'),('6802562','Calibrator Kit 30 THC','Microtips'),('6802342','Calibrator Kit 27','Microtips'),('6801750','%A1c PERF VER I','Microtips'),('6801751','%A1c PERF VER II','Microtips'),('6801769','ApoA1 PERF VER I','Microtips'),('6801770','ApoB PERF VER I','Microtips'),('6801742','hsCRP PERF VER I','Microtips'),('6801888','hsCRP PERF VER II','Microtips'),('6802049','hsCRP PERF VER III','Microtips'),('6801746','mALB PERF VER I','Microtips'),('6801747','mALB PERF VER II','Microtips'),('6801771','PALB PER VER I','Microtips'),('6801772','PALB PER VER II','Microtips'),('6801744','Protein PERF VER I','Microtips'),('6801745','Protein PERF VER II','Microtips'),('6801768','Protein PERF VER III','Microtips'),('6801748','RF PERF VER I','Microtips'),('6801749','RF PERF VER II','Microtips'),('6802311','AAT/HPT PERF VER I','Microtips'),('6802312','AAT/HPT PERF VER II','Microtips'),('6802313','AAT/HPT PERF VER III','Microtips'),('6802411','ASO/RF PERF VER I','Microtips'),('6802412','ASO/RF PERF VER II','Microtips'),('6802348','dTIBC PERF VER I','Microtips'),('6802349','dTIBC PERF VER II','Microtips'),('6802345','HCY PERF VER I II III','Microtips'),('6801755','MICROSNS CK FLS I & II','Microtips'),('6801752','DILUENT PACK 1','Microtips'),('6801753','DILUENT PACK 2','Microtips'),('6801754','DILUENT PACK 3','Microtips'),('6801422','FS CUVETTES','Microtips'),('6801423','FS MICROTIPS','Microtips'),('6801844','HEMOLYZING REAGENT','Microtips'),('6801873','FS CALIBRATOR 1','Microtips'),('6801874','RECONSTITUTION DILUENT','Microtips'),('6801965','FS SLIDE DISPOSAL LINERS','Microtips'),('6801966','FS ASSAY DISPOSAL LINERS','Microtips'),('8111957','Eci UNIVERSAL SAMPLE TRAY','Microtips'),('6801892','FS HUMIDIFICATION PACKS','Microtips'),('6802246','UD01 Packs (Empty)','Microtips'),('6802247','UD02 Packs (Empty)','Microtips'),('6802248','UD03 Packs (Empty)','Microtips'),('6802249','UD04 Packs (Empty)','Microtips'),('6802250','UD05 Packs (Empty)','Microtips'),('6802219','FS Microcollection Tube Adaptor','Microtips'),('6802120','FS Microtip Reagent Tray','Microtips'),('8867541','8867541 TIBC KIT','Microtips'),('1925551','AFP REAGENT 100 WELLS','Immunology'),('8577413','A-HBC IGM REAGENT 52WELLS','Immunology'),('8496812','A-HBC REAGENT 100 WELLS','Immunology'),('1787753','A-HBS REAGENT 100 WELLS','Immunology'),('1318450','A-HCV REAGENT 100 WELLS','Immunology'),('1241850','A-HIV 1+2 REAGENT 100 WELL','Immunology'),('8450124','ANTI-HAV IGM RGNT 100 WELL','Immunology'),('8864860','ANTI-HBE REAGENT 52 WELLS','Immunology'),('1453489','B12 REAGENT 100 WELLS','Immunology'),('1142561','B12/FOLATE RGT PK3/200TEST','Immunology'),('6800038','CA125II REAGENT 100 WELLS','Immunology'),('6800039','CA15-3 REAGENT 100 WELLS','Immunology'),('6800040','CA19-9 REAGENT 100 WELLS','Immunology'),('1920115','CEA REAGENT 100 WELLS','Immunology'),('1896836','CKMB REAGENT 100 WELLS','Immunology'),('6801827','CMV IGG 100 WL','Immunology'),('6801830','CMV IGM REAGENT 100T','Immunology'),('1074053','CORTISOL REAGENT 100 WELLS','Immunology'),('8552630','ESTRADIOL RGT 100 WELLS','Immunology'),('8356636','FERRITIN REAGENT 100 WELLS','Immunology'),('1513266','FOLATE REAGENT 100 WELLS','Immunology'),('1315589','FREE T3 REAGENT 100 WELLS','Immunology'),('1387000','FREE T4 REAGENT 100 WELLS','Immunology'),('1931922','FSH REAGENT 100 WELLS','Immunology'),('6801461','HAV TOTAL RGT 100 WELLS','Immunology'),('8211880','HBE AG REAGENT 52 WELLS','Immunology'),('8435307','HBS AG REAGENT 100 WELLS','Immunology'),('8228595','HBSAG CONFIRMATORY REAGENT','Immunology'),('1350198','LH REAGENT 100 WELLS','Immunology'),('6801042','MYOGLOBIN 100 WELLS','Immunology'),('6802156','NT pro BNP Reagent 100t','Immunology'),('6800030','NTx RGT 100 WELLS','Immunology'),('1938570','PROGESTERONE RGT 100 WELLS','Immunology'),('1849793','PROLACTIN REAGENT 100 WELL','Immunology'),('1886704','PSA REAGENT 100 WELLS','Immunology'),('1107804','RED CELL FOLATE TEST PACK','Immunology'),('8536195','RUBELLA IGG REAGENT PACK','Immunology'),('1484427','RUBELLA IGM 100 WELLS','Immunology'),('6842803','SYPHILIS Reagent Pack','Immunology'),('1471481','T3U','Immunology'),('1435205','TESTOSTERONE RGT 100 WELLS','Immunology'),('6802220','TOT B HCG II 100 WELLS','Immunology'),('1322528','TOTAL T3 REAGENT 100 WELLS','Immunology'),('8744468','TOTAL T4 REAGENT 100 WELLS','Immunology'),('8091399','Toxoplasma IgG Reagent Pack','Immunology'),('8669335','TOXOPLASMA IGM 100 WELLS','Immunology'),('6802301','TROPONIN I ES 100 WELLS','Immunology'),('1912997','TSH 3RD REAGENT 100 WELLS','Immunology'),('1515154','AFP CALIBRATORS 1X/3','Immuno Calibrator'),('1256494','A-HBC CALIBRATORS 1X1','Immuno Calibrator'),('1100387','AHBC IGM CALIBRATORS 3X2','Immuno Calibrator'),('1524693','A-HBS CALIBRATORS 3X2','Immuno Calibrator'),('1940667','A-HCV CALIBRATORS 1X1','Immuno Calibrator'),('1700863','A-HIV 1+2 CALIBRATORS 1/X2','Immuno Calibrator'),('1372101','ANTI-HAV IGM CALIBRATOR','Immuno Calibrator'),('6801462','Anti-HAV Total Calibrator','Immuno Calibrator'),('1523984','ANTI-HBE CALIBRATORS 1X1','Immuno Calibrator'),('1540525','B12 CALIBRATOR','Immuno Calibrator'),('6800034','CA125II CALIBRATORS 1X3','Immuno Calibrator'),('6800033','CA15-3 CALIBRATORS 1X3','Immuno Calibrator'),('6800035','CA19-9 CALIBRATORS 3X3','Immuno Calibrator'),('1062306','CEA CALIBRATORS 3X3','Immuno Calibrator'),('1286293','CKMB CALIBRATOR BX/3 SETS','Immuno Calibrator'),('6801828','CMV IGG CALIBRATOR','Immuno Calibrator'),('6801831','CMV IGM CALIBRATOR, VITROS','Immuno Calibrator'),('1681543','CORTISOL CAL BX/3 SETS','Immuno Calibrator'),('1318930','ESTRADIOL CALIBRATORS 1X3','Immuno Calibrator'),('1158864','FERRITIN CALIBRATORS 3X3','Immuno Calibrator'),('1311075','FOLATE CAL BX/1 SET','Immuno Calibrator'),('1112820','FREE T3 CALIBRATORS 3X3','Immuno Calibrator'),('1728872','FREE T4 CALIBRATORS 3X3','Immuno Calibrator'),('1901263','FSH CALIBRATORS 1X2','Immuno Calibrator'),('1914498','HBE AG CALIBRATORS 1X1','Immuno Calibrator'),('1421932','HBSAG CALIBRATORS 1X1','Immuno Calibrator'),('1090133','LH CALIBRATORS 1X2','Immuno Calibrator'),('6801043','MYOGLOBIN CALIBRATORS','Immuno Calibrator'),('6802157','NT-PROBNP CALIBRATOR, VITROS','Immuno Calibrator'),('6800031','NTx / CALIBRATOR','Immuno Calibrator'),('8254898','PROGESTERONE CALI 1X2','Immuno Calibrator'),('1113596','PROLACTIN CALIBRATORS 3X2','Immuno Calibrator'),('1933027','PSA CALIBRATORS 1X1','Immuno Calibrator'),('8209074','RUBELLA IGG CALIBRATOR','Immuno Calibrator'),('8017600','RUBELLA IGM CALIBRATOR','Immuno Calibrator'),('6842804','SYPHILIS Calibrators, VITROS','Immuno Calibrator'),('1209733','T3U CALIBRATORS','Immuno Calibrator'),('1306026','TESTOSTERONE CALI 1X3','Immuno Calibrator'),('6802221','TOT B HCG CAL II BX/3 SETS','Immuno Calibrator'),('1614965','TOTAL T3 CALIBRATORS 1X3','Immuno Calibrator'),('1393396','TOTAL T4 CALIBRATORS 1X3','Immuno Calibrator'),('1893312','TOXOPLASMA IGG CALIBT SET2','Immuno Calibrator'),('1120492','TOXOPLASMA IGM CALIBRATOR','Immuno Calibrator'),('6802302','TROPONIN I ES CAL BX 2SETS','Immuno Calibrator'),('1487289','TSH CALIBRATORS 1X3','Immuno Calibrator'),('6800836','A-HBC CONTROLS 3X2','Immuno Controls'),('6800834','A-HBC IGM CONTROLS 3X2','Immuno Controls'),('6800837','A-HBE CONTROL(4X1,2X2,2X3)','Immuno Controls'),('6800731','A-HCV CONTROLS 3X2','Immuno Controls'),('1619360','ANEMIA CONTROLS 3X3','Immuno Controls'),('6800835','ANTI-HAV IGM CONTROLS 3X2','Immuno Controls'),('6801463','Anti-HAV Total Controls','Immuno Controls'),('6800389','ANTI-HBS CONTROLS BX/3X2','Immuno Controls'),('6800586','ANTI-HIV 1/2 CONTROLS 3X3','Immuno Controls'),('8650939','CARDIOLOGY CONTROLS 3X3','Immuno Controls'),('91474','CLINIQA LIQ QC CARDIAC MKR CNT','Immuno Controls'),('6800281','FREE B-HCG CONTROLS 3X2','Immuno Controls'),('1315654','FREE THYROID CONTROLS 3X3','Immuno Controls'),('6800598','HBSAG CONTROLS 3/X2','Immuno Controls'),('1420025','METABOLISM CONTROLS 3X3','Immuno Controls'),('6800336','NTx CONTROLS 3X3','Immuno Controls'),('1935543','ONCOLOGY CONTROLS 3X3','Immuno Controls'),('1009406','REP ENDO CONTROLS /3X3','Immuno Controls'),('6842805','SYPHILIS Controls, Vitros','Immuno Controls'),('6800660','TESTOSTERONE CONTROLS 3X3','Immuno Controls'),('1410646','TOTAL THYROID CONTROLS 3X3','Immuno Controls'),('1213115','MICRO SAMPLE CUPS BOX/4000','Sundries'),('1247873','HUMIDITY CONTROL PKS BX/2 SETS','Sundries'),('1250232','DESICCANT PACKS BX/2 SETS','Sundries'),('1451392','SAMPLE CUP PIERCE CAP BX/1000','Sundries'),('1474030','MICRO TIPS BOX/250','Sundries'),('6801715','Vitros VersaTip Box/1000','Sundries'),('1250315','DISP AIR FILTERS BOX/6','Sundries'),('1122423','950 SLD DISP BOX LINER/PIC','Sundries'),('1331560','250 AIR FILTER','Sundries'),('1158294','250 HEIGHT ADAPTER','Sundries'),('1338953','250 MICROTUBE ADAPTER','Sundries'),('1631779','250 MIXING CUP ARRAY','Sundries'),('1412204','250 SAMPLE CUP ADAPTER','Sundries'),('1204791','250 SLIDE DISP BOX LINERS','Sundries'),('1561976','250 TIP RACK','Sundries'),('1627439','250 UNIV SAMPLE TRAY','Sundries'),('8867541','8867541 TIBC KIT','Sundries'),('8321200','ECI HGH SAMPLE DIL B ON PK/100','IMMUNOLOGY'),('8430373','ECI HGH SAMPLE DIL A ON PK/100','IMMUNOLOGY'),('1100387','AHBC IGM CALIBRATORS 3x2','Fluids');
/*!40000 ALTER TABLE `tbl_vprod` ENABLE KEYS */;
UNLOCK TABLES;

--
-- Table structure for table `users`
--

DROP TABLE IF EXISTS `users`;
/*!40101 SET @saved_cs_client     = @@character_set_client */;
/*!40101 SET character_set_client = utf8 */;
CREATE TABLE `users` (
  `id` bigint(20) unsigned NOT NULL,
  `name` varchar(255) COLLATE utf8mb4_unicode_ci NOT NULL,
  `email` varchar(255) COLLATE utf8mb4_unicode_ci NOT NULL,
  `email_verified_at` timestamp NULL DEFAULT NULL,
  `password` varchar(255) COLLATE utf8mb4_unicode_ci NOT NULL,
  `remember_token` varchar(100) COLLATE utf8mb4_unicode_ci DEFAULT NULL,
  `created_at` timestamp NULL DEFAULT NULL,
  `updated_at` timestamp NULL DEFAULT NULL
) ENGINE=InnoDB DEFAULT CHARSET=utf8mb4 COLLATE=utf8mb4_unicode_ci;
/*!40101 SET character_set_client = @saved_cs_client */;

--
-- Dumping data for table `users`
--

LOCK TABLES `users` WRITE;
/*!40000 ALTER TABLE `users` DISABLE KEYS */;
/*!40000 ALTER TABLE `users` ENABLE KEYS */;
UNLOCK TABLES;
/*!40103 SET TIME_ZONE=@OLD_TIME_ZONE */;

/*!40101 SET SQL_MODE=@OLD_SQL_MODE */;
/*!40014 SET FOREIGN_KEY_CHECKS=@OLD_FOREIGN_KEY_CHECKS */;
/*!40014 SET UNIQUE_CHECKS=@OLD_UNIQUE_CHECKS */;
/*!40101 SET CHARACTER_SET_CLIENT=@OLD_CHARACTER_SET_CLIENT */;
/*!40101 SET CHARACTER_SET_RESULTS=@OLD_CHARACTER_SET_RESULTS */;
/*!40101 SET COLLATION_CONNECTION=@OLD_COLLATION_CONNECTION */;
/*!40111 SET SQL_NOTES=@OLD_SQL_NOTES */;

-- Dump completed on 2023-12-07  7:47:54
